[20:10:47] [Server thread/INFO]: Starting minecraft server version 1.8.8
[20:10:47] [Server thread/INFO]: Loading properties
[20:10:47] [Server thread/INFO]: Default game type: SURVIVAL
[20:10:48] [Server thread/INFO]: This server is running CraftBukkit version git-PaperSpigot-445 (MC: 1.8.8) (Implementing API version 1.8.8-R0.1-SNAPSHOT)
[20:10:48] [Server thread/INFO]: Debug logging is disabled
[20:10:48] [Server thread/INFO]: Spigot Timings: true - Verbose: true - Interval: 5m - Length: 60m
[20:10:48] [Server thread/INFO]: Server Ping Player Sample Count: 12

[20:10:48] [Server thread/INFO]: Using 4 threads for Netty based IO
[20:10:48] [Server thread/INFO]: Data value allowed items: 
[20:10:48] [Server thread/WARN]: java.lang.NoSuchFieldException: modifiers

[20:10:48] [Server thread/WARN]: 	at java.base/java.lang.Class.getDeclaredField(Class.java:2784)

[20:10:48] [Server thread/WARN]: 	at org.github.paperspigot.PaperSpigotConfig.stackableBuckets(PaperSpigotConfig.java:192)

[20:10:48] [Server thread/WARN]: 	at java.base/jdk.internal.reflect.DirectMethodHandleAccessor.invoke(DirectMethodHandleAccessor.java:103)

[20:10:48] [Server thread/WARN]: 	at java.base/java.lang.reflect.Method.invoke(Method.java:580)

[20:10:48] [Server thread/WARN]: 	at org.github.paperspigot.PaperSpigotConfig.readConfig(PaperSpigotConfig.java:84)

[20:10:48] [Server thread/WARN]: 	at org.github.paperspigot.PaperSpigotConfig.init(PaperSpigotConfig.java:62)

[20:10:48] [Server thread/WARN]: 	at net.minecraft.server.v1_8_R3.DedicatedServer.init(DedicatedServer.java:181)

[20:10:48] [Server thread/WARN]: 	at net.minecraft.server.v1_8_R3.MinecraftServer.run(MinecraftServer.java:563)

[20:10:48] [Server thread/WARN]: 	at java.base/java.lang.Thread.run(Thread.java:1583)

[20:10:48] [Server thread/INFO]: Generating keypair
[20:10:49] [Server thread/INFO]: Starting Minecraft server on localhost:25565
[20:10:49] [Server thread/INFO]: Your platform does not provide complete low-level API for accessing direct buffers reliably. Unless explicitly requested, heap buffer will always be preferred to avoid potential system unstability.
[20:10:49] [Server thread/INFO]: Using default channel type
[20:10:49] [Server thread/INFO]: Set PluginClassLoader as parallel capable
[20:10:49] [Server thread/INFO]: [SimpleTpa] Loading SimpleTpa v6.4
[20:10:49] [Server thread/INFO]: [SimpleHomes] Loading SimpleHomes v2.2
[20:10:49] [Server thread/INFO]: [WorldEdit] Loading WorldEdit v6.1;no_git_id
[20:10:49] [Server thread/INFO]: [LoginSecurity] Loading LoginSecurity v3.2.0
[20:10:49] [Server thread/WARN]: **** SERVER IS RUNNING IN OFFLINE/INSECURE MODE!
[20:10:49] [Server thread/WARN]: The server will make no attempt to authenticate usernames. Beware.
[20:10:49] [Server thread/WARN]: Whilst this makes it possible to use BungeeCord, unless access to your server is properly restricted, it also opens up the ability for hackers to connect with any username they choose.
[20:10:49] [Server thread/WARN]: Please see http://www.spigotmc.org/wiki/firewall-guide/ for further information.
[20:10:49] [Server thread/WARN]: To change this, set "online-mode" to "true" in the server.properties file.
[20:10:49] [Server thread/INFO]: **** Beginning UUID conversion, this may take A LONG time ****
[20:10:49] [Server thread/INFO]: Preparing level "world"
[20:10:49] [Server thread/INFO]: -------- World Settings For [world] --------
[20:10:49] [Server thread/INFO]: Mob Spawn Range: 4
[20:10:49] [Server thread/INFO]: Anti X-Ray: true
[20:10:49] [Server thread/INFO]: 	Engine Mode: 1
[20:10:49] [Server thread/INFO]: 	Hidden Blocks: [14, 15, 16, 21, 48, 49, 54, 56, 73, 74, 82, 129, 130]
[20:10:49] [Server thread/INFO]: 	Replace Blocks: [1, 5]
[20:10:49] [Server thread/INFO]: Nerfing mobs spawned from spawners: false
[20:10:49] [Server thread/INFO]: Cactus Growth Modifier: 100%
[20:10:49] [Server thread/INFO]: Cane Growth Modifier: 100%
[20:10:49] [Server thread/INFO]: Melon Growth Modifier: 100%
[20:10:49] [Server thread/INFO]: Mushroom Growth Modifier: 100%
[20:10:49] [Server thread/INFO]: Pumpkin Growth Modifier: 100%
[20:10:49] [Server thread/INFO]: Sapling Growth Modifier: 100%
[20:10:49] [Server thread/INFO]: Wheat Growth Modifier: 100%
[20:10:49] [Server thread/INFO]: NetherWart Growth Modifier: 100%
[20:10:49] [Server thread/INFO]: Entity Activation Range: An 32 / Mo 32 / Mi 16
[20:10:49] [Server thread/INFO]: Entity Tracking Range: Pl 48 / An 48 / Mo 48 / Mi 32 / Other 64
[20:10:49] [Server thread/INFO]: Hopper Transfer: 8 Hopper Check: 8 Hopper Amount: 1
[20:10:49] [Server thread/INFO]: Random Lighting Updates: false
[20:10:49] [Server thread/INFO]: Structure Info Saving: true
[20:10:49] [Server thread/INFO]: Sending up to 10 chunks per packet
[20:10:49] [Server thread/INFO]: Max Entity Collisions: 8
[20:10:49] [Server thread/INFO]: Custom Map Seeds:  Village: 10387312 Feature: 14357617
[20:10:49] [Server thread/INFO]: Max TNT Explosions: 100
[20:10:49] [Server thread/INFO]: Tile Max Tick Time: 50ms Entity max Tick Time: 50ms
[20:10:49] [Server thread/INFO]: Item Despawn Rate: 6000
[20:10:49] [Server thread/INFO]: Item Merge Radius: 2.5
[20:10:49] [Server thread/INFO]: Arrow Despawn Rate: 1200
[20:10:49] [Server thread/INFO]: Allow Zombie Pigmen to spawn from portal blocks: true
[20:10:49] [Server thread/INFO]: View Distance: 4
[20:10:49] [Server thread/INFO]: Zombie Aggressive Towards Villager: true
[20:10:49] [Server thread/INFO]: Chunks to Grow per Tick: 650
[20:10:49] [Server thread/INFO]: Clear tick list: false
[20:10:49] [Server thread/INFO]: Experience Merge Radius: 3.0
[20:10:49] [Server thread/INFO]: -------- World Settings For [world] --------
[20:10:49] [Server thread/INFO]: Squids will spawn between Y: 45.0 and Y: 63.0
[20:10:49] [Server thread/INFO]: Max height for cactus growth 3. Max height for reed growth 3
[20:10:49] [Server thread/INFO]: Living Entity Despawn Ranges:  Soft: 32 Hard: 128
[20:10:49] [Server thread/INFO]: Remove invalid mob spawner tile entities: true
[20:10:49] [Server thread/INFO]: Player blocking damage multiplier set to 0.5
[20:10:49] [Server thread/INFO]: Water over lava flow speed: 5
[20:10:49] [Server thread/INFO]: Fix TNT cannons: false
[20:10:49] [Server thread/INFO]: Allow undead horse types to be leashed: false
[20:10:49] [Server thread/INFO]: Keep spawn chunk loaded: true
[20:10:49] [Server thread/INFO]: World async lighting: false
[20:10:49] [Server thread/INFO]: WorldServer TickNextTick cap set at 10000
[20:10:49] [Server thread/INFO]: WorldServer TickNextTickList cap always processes redstone: false
[20:10:49] [Server thread/INFO]: -------- World Settings For [world_nether] --------
[20:10:49] [Server thread/INFO]: Mob Spawn Range: 4
[20:10:49] [Server thread/INFO]: Anti X-Ray: true
[20:10:49] [Server thread/INFO]: 	Engine Mode: 1
[20:10:49] [Server thread/INFO]: 	Hidden Blocks: [14, 15, 16, 21, 48, 49, 54, 56, 73, 74, 82, 129, 130]
[20:10:49] [Server thread/INFO]: 	Replace Blocks: [1, 5]
[20:10:49] [Server thread/INFO]: Nerfing mobs spawned from spawners: false
[20:10:49] [Server thread/INFO]: Cactus Growth Modifier: 100%
[20:10:49] [Server thread/INFO]: Cane Growth Modifier: 100%
[20:10:49] [Server thread/INFO]: Melon Growth Modifier: 100%
[20:10:49] [Server thread/INFO]: Mushroom Growth Modifier: 100%
[20:10:49] [Server thread/INFO]: Pumpkin Growth Modifier: 100%
[20:10:49] [Server thread/INFO]: Sapling Growth Modifier: 100%
[20:10:49] [Server thread/INFO]: Wheat Growth Modifier: 100%
[20:10:49] [Server thread/INFO]: NetherWart Growth Modifier: 100%
[20:10:49] [Server thread/INFO]: Entity Activation Range: An 32 / Mo 32 / Mi 16
[20:10:49] [Server thread/INFO]: Entity Tracking Range: Pl 48 / An 48 / Mo 48 / Mi 32 / Other 64
[20:10:49] [Server thread/INFO]: Hopper Transfer: 8 Hopper Check: 8 Hopper Amount: 1
[20:10:49] [Server thread/INFO]: Random Lighting Updates: false
[20:10:49] [Server thread/INFO]: Structure Info Saving: true
[20:10:49] [Server thread/INFO]: Sending up to 10 chunks per packet
[20:10:49] [Server thread/INFO]: Max Entity Collisions: 8
[20:10:49] [Server thread/INFO]: Custom Map Seeds:  Village: 10387312 Feature: 14357617
[20:10:49] [Server thread/INFO]: Max TNT Explosions: 100
[20:10:49] [Server thread/INFO]: Tile Max Tick Time: 50ms Entity max Tick Time: 50ms
[20:10:49] [Server thread/INFO]: Item Despawn Rate: 6000
[20:10:49] [Server thread/INFO]: Item Merge Radius: 2.5
[20:10:49] [Server thread/INFO]: Arrow Despawn Rate: 1200
[20:10:49] [Server thread/INFO]: Allow Zombie Pigmen to spawn from portal blocks: true
[20:10:49] [Server thread/INFO]: View Distance: 4
[20:10:49] [Server thread/INFO]: Zombie Aggressive Towards Villager: true
[20:10:49] [Server thread/INFO]: Chunks to Grow per Tick: 650
[20:10:49] [Server thread/INFO]: Clear tick list: false
[20:10:49] [Server thread/INFO]: Experience Merge Radius: 3.0
[20:10:49] [Server thread/INFO]: -------- World Settings For [world_nether] --------
[20:10:49] [Server thread/INFO]: Squids will spawn between Y: 45.0 and Y: 63.0
[20:10:49] [Server thread/INFO]: Max height for cactus growth 3. Max height for reed growth 3
[20:10:49] [Server thread/INFO]: Living Entity Despawn Ranges:  Soft: 32 Hard: 128
[20:10:49] [Server thread/INFO]: Remove invalid mob spawner tile entities: true
[20:10:49] [Server thread/INFO]: Player blocking damage multiplier set to 0.5
[20:10:49] [Server thread/INFO]: Water over lava flow speed: 5
[20:10:49] [Server thread/INFO]: Fix TNT cannons: false
[20:10:49] [Server thread/INFO]: Allow undead horse types to be leashed: false
[20:10:49] [Server thread/INFO]: Keep spawn chunk loaded: true
[20:10:49] [Server thread/INFO]: World async lighting: false
[20:10:49] [Server thread/INFO]: WorldServer TickNextTick cap set at 10000
[20:10:49] [Server thread/INFO]: WorldServer TickNextTickList cap always processes redstone: false
[20:10:49] [Server thread/INFO]: -------- World Settings For [world_the_end] --------
[20:10:49] [Server thread/INFO]: Mob Spawn Range: 4
[20:10:49] [Server thread/INFO]: Anti X-Ray: true
[20:10:49] [Server thread/INFO]: 	Engine Mode: 1
[20:10:49] [Server thread/INFO]: 	Hidden Blocks: [14, 15, 16, 21, 48, 49, 54, 56, 73, 74, 82, 129, 130]
[20:10:49] [Server thread/INFO]: 	Replace Blocks: [1, 5]
[20:10:49] [Server thread/INFO]: Nerfing mobs spawned from spawners: false
[20:10:49] [Server thread/INFO]: Cactus Growth Modifier: 100%
[20:10:49] [Server thread/INFO]: Cane Growth Modifier: 100%
[20:10:49] [Server thread/INFO]: Melon Growth Modifier: 100%
[20:10:49] [Server thread/INFO]: Mushroom Growth Modifier: 100%
[20:10:49] [Server thread/INFO]: Pumpkin Growth Modifier: 100%
[20:10:49] [Server thread/INFO]: Sapling Growth Modifier: 100%
[20:10:49] [Server thread/INFO]: Wheat Growth Modifier: 100%
[20:10:49] [Server thread/INFO]: NetherWart Growth Modifier: 100%
[20:10:49] [Server thread/INFO]: Entity Activation Range: An 32 / Mo 32 / Mi 16
[20:10:49] [Server thread/INFO]: Entity Tracking Range: Pl 48 / An 48 / Mo 48 / Mi 32 / Other 64
[20:10:49] [Server thread/INFO]: Hopper Transfer: 8 Hopper Check: 8 Hopper Amount: 1
[20:10:49] [Server thread/INFO]: Random Lighting Updates: false
[20:10:49] [Server thread/INFO]: Structure Info Saving: true
[20:10:49] [Server thread/INFO]: Sending up to 10 chunks per packet
[20:10:49] [Server thread/INFO]: Max Entity Collisions: 8
[20:10:49] [Server thread/INFO]: Custom Map Seeds:  Village: 10387312 Feature: 14357617
[20:10:49] [Server thread/INFO]: Max TNT Explosions: 100
[20:10:49] [Server thread/INFO]: Tile Max Tick Time: 50ms Entity max Tick Time: 50ms
[20:10:49] [Server thread/INFO]: Item Despawn Rate: 6000
[20:10:49] [Server thread/INFO]: Item Merge Radius: 2.5
[20:10:49] [Server thread/INFO]: Arrow Despawn Rate: 1200
[20:10:49] [Server thread/INFO]: Allow Zombie Pigmen to spawn from portal blocks: true
[20:10:49] [Server thread/INFO]: View Distance: 4
[20:10:49] [Server thread/INFO]: Zombie Aggressive Towards Villager: true
[20:10:49] [Server thread/INFO]: Chunks to Grow per Tick: 650
[20:10:49] [Server thread/INFO]: Clear tick list: false
[20:10:49] [Server thread/INFO]: Experience Merge Radius: 3.0
[20:10:49] [Server thread/INFO]: -------- World Settings For [world_the_end] --------
[20:10:49] [Server thread/INFO]: Squids will spawn between Y: 45.0 and Y: 63.0
[20:10:49] [Server thread/INFO]: Max height for cactus growth 3. Max height for reed growth 3
[20:10:49] [Server thread/INFO]: Living Entity Despawn Ranges:  Soft: 32 Hard: 128
[20:10:49] [Server thread/INFO]: Remove invalid mob spawner tile entities: true
[20:10:49] [Server thread/INFO]: Player blocking damage multiplier set to 0.5
[20:10:49] [Server thread/INFO]: Water over lava flow speed: 5
[20:10:49] [Server thread/INFO]: Fix TNT cannons: false
[20:10:49] [Server thread/INFO]: Allow undead horse types to be leashed: false
[20:10:49] [Server thread/INFO]: Keep spawn chunk loaded: true
[20:10:49] [Server thread/INFO]: World async lighting: false
[20:10:49] [Server thread/INFO]: WorldServer TickNextTick cap set at 10000
[20:10:49] [Server thread/INFO]: WorldServer TickNextTickList cap always processes redstone: false
[20:10:49] [Server thread/INFO]: Preparing start region for level 0 (Seed: -7114837742513397910)
[20:10:50] [Server thread/INFO]: Preparing spawn area: 13%
[20:10:51] [Server thread/INFO]: Preparing spawn area: 43%
[20:10:52] [Server thread/INFO]: Preparing spawn area: 73%
[20:10:53] [Server thread/INFO]: Preparing start region for level 1 (Seed: -7114837742513397910)
[20:10:54] [Server thread/INFO]: Preparing spawn area: 70%
[20:10:54] [Server thread/INFO]: Preparing start region for level 2 (Seed: -7114837742513397910)
[20:10:54] [Server thread/INFO]: [SimpleTpa] Enabling SimpleTpa v6.4
[20:10:54] [Server thread/INFO]: [0;33;1m[21m[SimpleTpa] If you need support contact me at https://discord.gg/SZUkza9[m

[20:10:55] [Server thread/INFO]: [0;33;1m[21m[SimpleTpa] Simple Tpa has been enabled on version 6.4[m

[20:10:55] [Server thread/INFO]: Enabled metrics. You may opt-out by changing plugins/bStats/config.yml
[20:10:55] [Server thread/INFO]: [SimpleHomes] Enabling SimpleHomes v2.2
[20:10:55] [Server thread/INFO]: [WorldEdit] Enabling WorldEdit v6.1;no_git_id
[20:10:55] [Server thread/INFO]: WEPIF: Using the Bukkit Permissions API.
[20:10:55] [Server thread/INFO]: [WorldEdit] Using com.sk89q.worldedit.bukkit.adapter.impl.Spigot_v1_8_R3 as the Bukkit adapter
[20:10:55] [Server thread/INFO]: [LoginSecurity] Enabling LoginSecurity v3.2.0
[20:10:55] [Server thread/INFO]: [LoginSecurity] Loading base translations from "en_us"
[20:10:55] [Server thread/INFO]: [LoginSecurity] Loading specified translations from "en_us"
[20:10:55] [Server thread/INFO]: [LoginSecurity] Registering commands...
[20:10:55] [Server thread/INFO]: [LoginSecurity] Registering listeners...
[20:10:55] [Server thread/INFO]: Server permissions file permissions.yml is empty, ignoring it
[20:10:55] [Server thread/INFO]: Done (6.155s)! For help, type "help" or "?"
[20:10:55] [Server thread/INFO]: Timings Reset
[20:10:56] [Craft Scheduler Thread - 0/INFO]: [0;31;1m[21m[SimpleTpa] There is a new update available.[m

[20:10:56] [Craft Scheduler Thread - 0/INFO]: [0;31;1m[SimpleTpa] There is a new update available:[m

[20:10:56] [Craft Scheduler Thread - 0/INFO]: [0;31;1m[SimpleTpa] https://www.spigotmc.org/resources/simple-tpa.64270/[m

[20:11:40] [Thread-7/INFO]: UUID of player Graef is dd0b7c16-7fb1-3348-b69b-8b2ead7bf8d3
[20:11:40] [Server thread/INFO]: Graef[/[0:0:0:0:0:0:0:1]:53876] logged in with entity id 498 at ([world]-2495.699999988079, 55.0, -5743.699999988079)
[20:11:43] [Server thread/INFO]: [@: Object successfully summoned]
[20:11:43] [Server thread/INFO]: [@: Object successfully summoned]
[20:11:43] [Server thread/INFO]: [@: Object successfully summoned]
[20:11:43] [Server thread/INFO]: [@: Object successfully summoned]
[20:11:46] [Server thread/INFO]: [@: Object successfully summoned]
[20:11:46] [Server thread/INFO]: [@: Object successfully summoned]
[20:11:46] [Server thread/INFO]: [@: Object successfully summoned]
[20:11:46] [Server thread/INFO]: [@: Object successfully summoned]
[20:11:48] [Server thread/INFO]: [@: Object successfully summoned]
[20:11:48] [Server thread/INFO]: [@: Object successfully summoned]
[20:11:48] [Server thread/INFO]: [@: Object successfully summoned]
[20:11:48] [Server thread/INFO]: [@: Object successfully summoned]
[20:11:51] [Server thread/INFO]: [@: Object successfully summoned]
[20:11:51] [Server thread/INFO]: [@: Object successfully summoned]
[20:11:51] [Server thread/INFO]: [@: Object successfully summoned]
[20:11:51] [Server thread/INFO]: [@: Object successfully summoned]
[20:11:54] [Server thread/INFO]: [@: Object successfully summoned]
[20:11:54] [Server thread/INFO]: [@: Object successfully summoned]
[20:11:54] [Server thread/INFO]: [@: Object successfully summoned]
[20:11:54] [Server thread/INFO]: [@: Object successfully summoned]
[20:11:56] [Async Chat Thread - #0/INFO]: <Graef> im ready for indoctrination[m

[20:11:57] [Server thread/INFO]: [@: Object successfully summoned]
[20:11:57] [Server thread/INFO]: [@: Object successfully summoned]
[20:11:57] [Server thread/INFO]: [@: Object successfully summoned]
[20:11:57] [Server thread/INFO]: [@: Object successfully summoned]
[20:12:00] [Server thread/INFO]: [@: Object successfully summoned]
[20:12:00] [Server thread/INFO]: [@: Object successfully summoned]
[20:12:00] [Server thread/INFO]: [@: Object successfully summoned]
[20:12:00] [Server thread/INFO]: [@: Object successfully summoned]
[20:12:02] [Server thread/INFO]: [@: Object successfully summoned]
[20:12:02] [Server thread/INFO]: [@: Object successfully summoned]
[20:12:02] [Server thread/INFO]: [@: Object successfully summoned]
[20:12:02] [Server thread/INFO]: [@: Object successfully summoned]
[20:12:05] [Server thread/INFO]: [@: Object successfully summoned]
[20:12:05] [Server thread/INFO]: [@: Object successfully summoned]
[20:12:05] [Server thread/INFO]: [@: Object successfully summoned]
[20:12:05] [Server thread/INFO]: [@: Object successfully summoned]
[20:12:08] [Server thread/INFO]: [@: Object successfully summoned]
[20:12:08] [Server thread/INFO]: [@: Object successfully summoned]
[20:12:08] [Server thread/INFO]: [@: Object successfully summoned]
[20:12:08] [Server thread/INFO]: [@: Object successfully summoned]
[20:12:11] [Server thread/INFO]: [@: Object successfully summoned]
[20:12:11] [Server thread/INFO]: [@: Object successfully summoned]
[20:12:11] [Server thread/INFO]: [@: Object successfully summoned]
[20:12:11] [Server thread/INFO]: [@: Object successfully summoned]
[20:12:14] [Server thread/INFO]: [@: Object successfully summoned]
[20:12:14] [Server thread/INFO]: [@: Object successfully summoned]
[20:12:14] [Server thread/INFO]: [@: Object successfully summoned]
[20:12:14] [Server thread/INFO]: [@: Object successfully summoned]
[20:12:16] [Thread-8/INFO]: UUID of player cooldog123 is 519c586d-c701-3e08-b14e-66b40a2f9b6d
[20:12:16] [Server thread/INFO]: cooldog123[/[0:0:0:0:0:0:0:1]:49648] logged in with entity id 687 at ([world]-151.5670153432343, 71.24918707874468, -595.39583281815)
[20:12:17] [Server thread/INFO]: [@: Object successfully summoned]
[20:12:17] [Server thread/INFO]: [@: Object successfully summoned]
[20:12:17] [Server thread/INFO]: [@: Object successfully summoned]
[20:12:17] [Server thread/INFO]: [@: Object successfully summoned]
[20:12:19] [Server thread/INFO]: [@: Object successfully summoned]
[20:12:19] [Server thread/INFO]: [@: Object successfully summoned]
[20:12:19] [Server thread/INFO]: [@: Object successfully summoned]
[20:12:19] [Server thread/INFO]: [@: Object successfully summoned]
[20:12:22] [Server thread/INFO]: [@: Object successfully summoned]
[20:12:22] [Server thread/INFO]: [@: Object successfully summoned]
[20:12:22] [Server thread/INFO]: [@: Object successfully summoned]
[20:12:22] [Server thread/INFO]: [@: Object successfully summoned]
[20:12:24] [Async Chat Thread - #0/INFO]: <Graef> wsg cooldog[m

[20:12:25] [Server thread/INFO]: [@: Object successfully summoned]
[20:12:25] [Server thread/INFO]: [@: Object successfully summoned]
[20:12:25] [Server thread/INFO]: [@: Object successfully summoned]
[20:12:25] [Server thread/INFO]: [@: Object successfully summoned]
[20:12:28] [Server thread/INFO]: [@: Object successfully summoned]
[20:12:28] [Server thread/INFO]: [@: Object successfully summoned]
[20:12:28] [Server thread/INFO]: [@: Object successfully summoned]
[20:12:28] [Server thread/INFO]: [@: Object successfully summoned]
[20:12:31] [Server thread/INFO]: [@: Object successfully summoned]
[20:12:31] [Server thread/INFO]: [@: Object successfully summoned]
[20:12:31] [Server thread/INFO]: [@: Object successfully summoned]
[20:12:31] [Server thread/INFO]: [@: Object successfully summoned]
[20:12:32] [Async Chat Thread - #0/INFO]: <Graef> nude dude slimed me on site bro[m

[20:12:33] [Server thread/INFO]: [@: Object successfully summoned]
[20:12:33] [Server thread/INFO]: [@: Object successfully summoned]
[20:12:33] [Server thread/INFO]: [@: Object successfully summoned]
[20:12:33] [Server thread/INFO]: [@: Object successfully summoned]
[20:12:36] [Server thread/INFO]: [@: Object successfully summoned]
[20:12:36] [Server thread/INFO]: [@: Object successfully summoned]
[20:12:36] [Server thread/INFO]: [@: Object successfully summoned]
[20:12:36] [Server thread/INFO]: [@: Object successfully summoned]
[20:12:39] [Server thread/INFO]: [@: Object successfully summoned]
[20:12:39] [Server thread/INFO]: [@: Object successfully summoned]
[20:12:39] [Server thread/INFO]: [@: Object successfully summoned]
[20:12:39] [Server thread/INFO]: [@: Object successfully summoned]
[20:12:42] [Server thread/INFO]: [@: Object successfully summoned]
[20:12:42] [Server thread/INFO]: [@: Object successfully summoned]
[20:12:42] [Server thread/INFO]: [@: Object successfully summoned]
[20:12:42] [Server thread/INFO]: [@: Object successfully summoned]
[20:12:42] [Async Chat Thread - #0/INFO]: <Graef> it was insane[m

[20:12:45] [Server thread/INFO]: [@: Object successfully summoned]
[20:12:45] [Server thread/INFO]: [@: Object successfully summoned]
[20:12:45] [Server thread/INFO]: [@: Object successfully summoned]
[20:12:45] [Server thread/INFO]: [@: Object successfully summoned]
[20:12:47] [Server thread/INFO]: Graef lost connection: Disconnected
[20:12:47] [Server thread/INFO]: Graef left the game.
[20:12:47] [Server thread/INFO]: [@: Object successfully summoned]
[20:12:47] [Server thread/INFO]: [@: Object successfully summoned]
[20:12:47] [Server thread/INFO]: [@: Object successfully summoned]
[20:12:47] [Server thread/INFO]: [@: Object successfully summoned]
[20:12:48] [Thread-9/INFO]: UUID of player jerry_ is 751b4c34-2b84-3d23-b5f8-38d7c4559ee7
[20:12:48] [Server thread/INFO]: jerry_[/[0:0:0:0:0:0:0:1]:45418] logged in with entity id 881 at ([world]1133.540568272303, 59.845470776540914, 1249.104938323831)
[20:12:50] [Server thread/INFO]: [@: Object successfully summoned]
[20:12:50] [Server thread/INFO]: [@: Object successfully summoned]
[20:12:50] [Server thread/INFO]: [@: Object successfully summoned]
[20:12:50] [Server thread/INFO]: [@: Object successfully summoned]
[20:12:52] [Thread-10/INFO]: UUID of player Graef is dd0b7c16-7fb1-3348-b69b-8b2ead7bf8d3
[20:12:52] [Server thread/INFO]: Graef[/[0:0:0:0:0:0:0:1]:40286] logged in with entity id 1034 at ([world]-2495.699999988079, 55.0, -5743.699999988079)
[20:12:53] [Server thread/INFO]: [@: Object successfully summoned]
[20:12:53] [Server thread/INFO]: [@: Object successfully summoned]
[20:12:53] [Server thread/INFO]: [@: Object successfully summoned]
[20:12:53] [Server thread/INFO]: [@: Object successfully summoned]
[20:12:56] [Server thread/INFO]: [@: Object successfully summoned]
[20:12:56] [Server thread/INFO]: [@: Object successfully summoned]
[20:12:56] [Server thread/INFO]: [@: Object successfully summoned]
[20:12:56] [Server thread/INFO]: [@: Object successfully summoned]
[20:12:59] [Server thread/INFO]: [@: Object successfully summoned]
[20:12:59] [Server thread/INFO]: [@: Object successfully summoned]
[20:12:59] [Server thread/INFO]: [@: Object successfully summoned]
[20:12:59] [Server thread/INFO]: [@: Object successfully summoned]
[20:13:01] [Server thread/INFO]: [@: Object successfully summoned]
[20:13:01] [Server thread/INFO]: [@: Object successfully summoned]
[20:13:01] [Server thread/INFO]: [@: Object successfully summoned]
[20:13:01] [Server thread/INFO]: [@: Object successfully summoned]
[20:13:04] [Server thread/INFO]: [@: Object successfully summoned]
[20:13:04] [Server thread/INFO]: [@: Object successfully summoned]
[20:13:04] [Server thread/INFO]: [@: Object successfully summoned]
[20:13:04] [Server thread/INFO]: [@: Object successfully summoned]
[20:13:07] [Server thread/INFO]: [@: Object successfully summoned]
[20:13:07] [Server thread/INFO]: [@: Object successfully summoned]
[20:13:07] [Server thread/INFO]: [@: Object successfully summoned]
[20:13:07] [Server thread/INFO]: [@: Object successfully summoned]
[20:13:10] [Server thread/INFO]: [@: Object successfully summoned]
[20:13:10] [Server thread/INFO]: [@: Object successfully summoned]
[20:13:10] [Server thread/INFO]: [@: Object successfully summoned]
[20:13:10] [Server thread/INFO]: [@: Object successfully summoned]
[20:13:13] [Server thread/INFO]: [@: Object successfully summoned]
[20:13:13] [Server thread/INFO]: [@: Object successfully summoned]
[20:13:13] [Server thread/INFO]: [@: Object successfully summoned]
[20:13:13] [Server thread/INFO]: [@: Object successfully summoned]
[20:13:15] [Server thread/INFO]: [@: Object successfully summoned]
[20:13:15] [Server thread/INFO]: [@: Object successfully summoned]
[20:13:15] [Server thread/INFO]: [@: Object successfully summoned]
[20:13:15] [Server thread/INFO]: [@: Object successfully summoned]
[20:13:18] [Server thread/INFO]: [@: Object successfully summoned]
[20:13:18] [Server thread/INFO]: [@: Object successfully summoned]
[20:13:18] [Server thread/INFO]: [@: Object successfully summoned]
[20:13:18] [Server thread/INFO]: [@: Object successfully summoned]
[20:13:21] [Server thread/INFO]: [@: Object successfully summoned]
[20:13:21] [Server thread/INFO]: [@: Object successfully summoned]
[20:13:21] [Server thread/INFO]: [@: Object successfully summoned]
[20:13:21] [Server thread/INFO]: [@: Object successfully summoned]
[20:13:24] [Server thread/INFO]: [@: Object successfully summoned]
[20:13:24] [Server thread/INFO]: [@: Object successfully summoned]
[20:13:24] [Server thread/INFO]: [@: Object successfully summoned]
[20:13:24] [Server thread/INFO]: [@: Object successfully summoned]
[20:13:27] [Server thread/INFO]: [@: Object successfully summoned]
[20:13:27] [Server thread/INFO]: [@: Object successfully summoned]
[20:13:27] [Server thread/INFO]: [@: Object successfully summoned]
[20:13:27] [Server thread/INFO]: [@: Object successfully summoned]
[20:13:29] [Server thread/INFO]: [@: Object successfully summoned]
[20:13:29] [Server thread/INFO]: [@: Object successfully summoned]
[20:13:29] [Server thread/INFO]: [@: Object successfully summoned]
[20:13:29] [Server thread/INFO]: [@: Object successfully summoned]
[20:13:32] [Server thread/INFO]: [@: Object successfully summoned]
[20:13:32] [Server thread/INFO]: [@: Object successfully summoned]
[20:13:32] [Server thread/INFO]: [@: Object successfully summoned]
[20:13:32] [Server thread/INFO]: [@: Object successfully summoned]
[20:13:35] [Server thread/INFO]: [@: Object successfully summoned]
[20:13:35] [Server thread/INFO]: [@: Object successfully summoned]
[20:13:35] [Server thread/INFO]: [@: Object successfully summoned]
[20:13:35] [Server thread/INFO]: [@: Object successfully summoned]
[20:13:38] [Server thread/INFO]: [@: Object successfully summoned]
[20:13:38] [Server thread/INFO]: [@: Object successfully summoned]
[20:13:38] [Server thread/INFO]: [@: Object successfully summoned]
[20:13:38] [Server thread/INFO]: [@: Object successfully summoned]
[20:13:41] [Server thread/INFO]: [@: Object successfully summoned]
[20:13:41] [Server thread/INFO]: [@: Object successfully summoned]
[20:13:41] [Server thread/INFO]: [@: Object successfully summoned]
[20:13:41] [Server thread/INFO]: [@: Object successfully summoned]
[20:13:43] [Thread-11/INFO]: UUID of player bigcuck67 is d350ecc6-e5ff-3736-943f-587c64d572d7
[20:13:43] [Server thread/INFO]: bigcuck67[/[0:0:0:0:0:0:0:1]:55884] logged in with entity id 1367 at ([world]-81.10234569934705, 12.0, -897.6248669295722)
[20:13:43] [Server thread/INFO]: [@: Object successfully summoned]
[20:13:43] [Server thread/INFO]: [@: Object successfully summoned]
[20:13:43] [Server thread/INFO]: [@: Object successfully summoned]
[20:13:43] [Server thread/INFO]: [@: Object successfully summoned]
[20:13:46] [Server thread/INFO]: [@: Object successfully summoned]
[20:13:46] [Server thread/INFO]: [@: Object successfully summoned]
[20:13:46] [Server thread/INFO]: [@: Object successfully summoned]
[20:13:46] [Server thread/INFO]: [@: Object successfully summoned]
[20:13:49] [Server thread/INFO]: [@: Object successfully summoned]
[20:13:49] [Server thread/INFO]: [@: Object successfully summoned]
[20:13:49] [Server thread/INFO]: [@: Object successfully summoned]
[20:13:49] [Server thread/INFO]: [@: Object successfully summoned]
[20:13:52] [Server thread/INFO]: [@: Object successfully summoned]
[20:13:52] [Server thread/INFO]: [@: Object successfully summoned]
[20:13:52] [Server thread/INFO]: [@: Object successfully summoned]
[20:13:52] [Server thread/INFO]: [@: Object successfully summoned]
[20:13:55] [Server thread/INFO]: [@: Object successfully summoned]
[20:13:55] [Server thread/INFO]: [@: Object successfully summoned]
[20:13:55] [Server thread/INFO]: [@: Object successfully summoned]
[20:13:55] [Server thread/INFO]: [@: Object successfully summoned]
[20:13:57] [Server thread/INFO]: [@: Object successfully summoned]
[20:13:57] [Server thread/INFO]: [@: Object successfully summoned]
[20:13:57] [Server thread/INFO]: [@: Object successfully summoned]
[20:13:57] [Server thread/INFO]: [@: Object successfully summoned]
[20:13:59] [Async Chat Thread - #1/INFO]: <Graef> wsg[m

[20:14:00] [Server thread/INFO]: [@: Object successfully summoned]
[20:14:00] [Server thread/INFO]: [@: Object successfully summoned]
[20:14:00] [Server thread/INFO]: [@: Object successfully summoned]
[20:14:00] [Server thread/INFO]: [@: Object successfully summoned]
[20:14:03] [Server thread/INFO]: [@: Object successfully summoned]
[20:14:03] [Server thread/INFO]: [@: Object successfully summoned]
[20:14:03] [Server thread/INFO]: [@: Object successfully summoned]
[20:14:03] [Server thread/INFO]: [@: Object successfully summoned]
[20:14:05] [Async Chat Thread - #1/INFO]: <bigcuck67> hi[m

[20:14:06] [Server thread/INFO]: [@: Object successfully summoned]
[20:14:06] [Server thread/INFO]: [@: Object successfully summoned]
[20:14:06] [Server thread/INFO]: [@: Object successfully summoned]
[20:14:06] [Server thread/INFO]: [@: Object successfully summoned]
[20:14:08] [Async Chat Thread - #1/INFO]: <Graef> nude dude slimed me no reasom[m

[20:14:09] [Server thread/INFO]: [@: Object successfully summoned]
[20:14:09] [Server thread/INFO]: [@: Object successfully summoned]
[20:14:09] [Server thread/INFO]: [@: Object successfully summoned]
[20:14:09] [Server thread/INFO]: [@: Object successfully summoned]
[20:14:11] [Server thread/INFO]: [@: Object successfully summoned]
[20:14:11] [Server thread/INFO]: [@: Object successfully summoned]
[20:14:11] [Server thread/INFO]: [@: Object successfully summoned]
[20:14:11] [Server thread/INFO]: [@: Object successfully summoned]
[20:14:14] [Server thread/INFO]: [@: Object successfully summoned]
[20:14:14] [Server thread/INFO]: [@: Object successfully summoned]
[20:14:14] [Server thread/INFO]: [@: Object successfully summoned]
[20:14:14] [Server thread/INFO]: [@: Object successfully summoned]
[20:14:17] [Async Chat Thread - #1/INFO]: <bigcuck67> dam actually[m

[20:14:17] [Server thread/INFO]: [@: Object successfully summoned]
[20:14:17] [Server thread/INFO]: [@: Object successfully summoned]
[20:14:17] [Server thread/INFO]: [@: Object successfully summoned]
[20:14:17] [Server thread/INFO]: [@: Object successfully summoned]
[20:14:18] [Async Chat Thread - #1/INFO]: <Graef> was chilling then he killed me[m

[20:14:20] [Server thread/INFO]: [@: Object successfully summoned]
[20:14:20] [Server thread/INFO]: [@: Object successfully summoned]
[20:14:20] [Server thread/INFO]: [@: Object successfully summoned]
[20:14:20] [Server thread/INFO]: [@: Object successfully summoned]
[20:14:22] [Async Chat Thread - #1/INFO]: <cooldog123> efrin is he at base?[m

[20:14:22] [Async Chat Thread - #1/INFO]: <Graef> yes bro[m

[20:14:23] [Server thread/INFO]: [@: Object successfully summoned]
[20:14:23] [Server thread/INFO]: [@: Object successfully summoned]
[20:14:23] [Server thread/INFO]: [@: Object successfully summoned]
[20:14:23] [Server thread/INFO]: [@: Object successfully summoned]
[20:14:25] [Server thread/INFO]: jerry_ issued server command: /gamemode spectator
[20:14:25] [Server thread/INFO]: [jerry_: Set own game mode to Spectator Mode]
[20:14:25] [Server thread/INFO]: [@: Object successfully summoned]
[20:14:25] [Server thread/INFO]: [@: Object successfully summoned]
[20:14:25] [Server thread/INFO]: [@: Object successfully summoned]
[20:14:25] [Server thread/INFO]: [@: Object successfully summoned]
[20:14:28] [Async Chat Thread - #1/INFO]: <bigcuck67> who?[m

[20:14:28] [Server thread/INFO]: [@: Object successfully summoned]
[20:14:28] [Server thread/INFO]: [@: Object successfully summoned]
[20:14:28] [Server thread/INFO]: [@: Object successfully summoned]
[20:14:28] [Server thread/INFO]: [@: Object successfully summoned]
[20:14:28] [Server thread/INFO]: jerry_ issued server command: /tp
[20:14:31] [Server thread/INFO]: [@: Object successfully summoned]
[20:14:31] [Server thread/INFO]: [@: Object successfully summoned]
[20:14:31] [Server thread/INFO]: [@: Object successfully summoned]
[20:14:31] [Server thread/INFO]: [@: Object successfully summoned]
[20:14:34] [Server thread/INFO]: [@: Object successfully summoned]
[20:14:34] [Server thread/INFO]: [@: Object successfully summoned]
[20:14:34] [Server thread/INFO]: [@: Object successfully summoned]
[20:14:34] [Server thread/INFO]: [@: Object successfully summoned]
[20:14:35] [Async Chat Thread - #1/INFO]: <Graef> nude dude[m

[20:14:37] [Server thread/INFO]: [@: Object successfully summoned]
[20:14:37] [Server thread/INFO]: [@: Object successfully summoned]
[20:14:37] [Server thread/INFO]: [@: Object successfully summoned]
[20:14:37] [Server thread/INFO]: [@: Object successfully summoned]
[20:14:39] [Async Chat Thread - #1/INFO]: <bigcuck67> no[m

[20:14:39] [Server thread/INFO]: jerry_ issued server command: /tp jerry_ graef
[20:14:39] [Server thread/INFO]: [jerry_: Teleported jerry_ to Graef]
[20:14:39] [Server thread/INFO]: [@: Object successfully summoned]
[20:14:39] [Server thread/INFO]: [@: Object successfully summoned]
[20:14:39] [Server thread/INFO]: [@: Object successfully summoned]
[20:14:39] [Server thread/INFO]: [@: Object successfully summoned]
[20:14:42] [Server thread/INFO]: [@: Object successfully summoned]
[20:14:42] [Server thread/INFO]: [@: Object successfully summoned]
[20:14:42] [Server thread/INFO]: [@: Object successfully summoned]
[20:14:42] [Server thread/INFO]: [@: Object successfully summoned]
[20:14:45] [Server thread/INFO]: [@: Object successfully summoned]
[20:14:45] [Server thread/INFO]: [@: Object successfully summoned]
[20:14:45] [Server thread/INFO]: [@: Object successfully summoned]
[20:14:45] [Server thread/INFO]: [@: Object successfully summoned]
[20:14:48] [Server thread/INFO]: [@: Object successfully summoned]
[20:14:48] [Server thread/INFO]: [@: Object successfully summoned]
[20:14:48] [Server thread/INFO]: [@: Object successfully summoned]
[20:14:48] [Server thread/INFO]: [@: Object successfully summoned]
[20:14:48] [Thread-12/INFO]: UUID of player nude_dude is 14404042-e794-326b-ae99-7e077748fd4e
[20:14:48] [Server thread/INFO]: nude_dude[/[0:0:0:0:0:0:0:1]:32850] logged in with entity id 1732 at ([world]128.2659270479973, 70.0, 110.39237029380446)
[20:14:51] [Server thread/INFO]: [@: Object successfully summoned]
[20:14:51] [Server thread/INFO]: [@: Object successfully summoned]
[20:14:51] [Server thread/INFO]: [@: Object successfully summoned]
[20:14:51] [Server thread/INFO]: [@: Object successfully summoned]
[20:14:53] [Server thread/INFO]: [@: Object successfully summoned]
[20:14:53] [Server thread/INFO]: [@: Object successfully summoned]
[20:14:53] [Server thread/INFO]: [@: Object successfully summoned]
[20:14:53] [Server thread/INFO]: [@: Object successfully summoned]
[20:14:55] [Async Chat Thread - #1/INFO]: <jerry_> hello[m

[20:14:56] [Server thread/INFO]: [@: Object successfully summoned]
[20:14:56] [Server thread/INFO]: [@: Object successfully summoned]
[20:14:56] [Server thread/INFO]: [@: Object successfully summoned]
[20:14:56] [Server thread/INFO]: [@: Object successfully summoned]
[20:14:56] [Async Chat Thread - #1/INFO]: <bigcuck67> jackie said hii greaf[m

[20:14:59] [Server thread/INFO]: [@: Object successfully summoned]
[20:14:59] [Server thread/INFO]: [@: Object successfully summoned]
[20:14:59] [Server thread/INFO]: [@: Object successfully summoned]
[20:14:59] [Server thread/INFO]: [@: Object successfully summoned]
[20:15:02] [Server thread/INFO]: [@: Object successfully summoned]
[20:15:02] [Server thread/INFO]: [@: Object successfully summoned]
[20:15:02] [Server thread/INFO]: [@: Object successfully summoned]
[20:15:02] [Server thread/INFO]: [@: Object successfully summoned]
[20:15:05] [Server thread/INFO]: [@: Object successfully summoned]
[20:15:05] [Server thread/INFO]: [@: Object successfully summoned]
[20:15:05] [Server thread/INFO]: [@: Object successfully summoned]
[20:15:05] [Server thread/INFO]: [@: Object successfully summoned]
[20:15:07] [Server thread/INFO]: [@: Object successfully summoned]
[20:15:07] [Server thread/INFO]: [@: Object successfully summoned]
[20:15:07] [Server thread/INFO]: [@: Object successfully summoned]
[20:15:07] [Server thread/INFO]: [@: Object successfully summoned]
[20:15:09] [Async Chat Thread - #1/INFO]: <jerry_> \[m

[20:15:10] [Server thread/INFO]: [@: Object successfully summoned]
[20:15:10] [Server thread/INFO]: [@: Object successfully summoned]
[20:15:10] [Server thread/INFO]: [@: Object successfully summoned]
[20:15:10] [Server thread/INFO]: [@: Object successfully summoned]
[20:15:13] [Server thread/INFO]: [@: Object successfully summoned]
[20:15:13] [Server thread/INFO]: [@: Object successfully summoned]
[20:15:13] [Server thread/INFO]: [@: Object successfully summoned]
[20:15:13] [Server thread/INFO]: [@: Object successfully summoned]
[20:15:16] [Server thread/INFO]: [@: Object successfully summoned]
[20:15:16] [Server thread/INFO]: [@: Object successfully summoned]
[20:15:16] [Server thread/INFO]: [@: Object successfully summoned]
[20:15:16] [Server thread/INFO]: [@: Object successfully summoned]
[20:15:18] [Async Chat Thread - #1/INFO]: <Graef> like the twin jackie?[m

[20:15:19] [Server thread/INFO]: [@: Object successfully summoned]
[20:15:19] [Server thread/INFO]: [@: Object successfully summoned]
[20:15:19] [Server thread/INFO]: [@: Object successfully summoned]
[20:15:19] [Server thread/INFO]: [@: Object successfully summoned]
[20:15:22] [Server thread/INFO]: [@: Object successfully summoned]
[20:15:22] [Server thread/INFO]: [@: Object successfully summoned]
[20:15:22] [Server thread/INFO]: [@: Object successfully summoned]
[20:15:22] [Server thread/INFO]: [@: Object successfully summoned]
[20:15:23] [Server thread/INFO]: Graef issued server command: /
[20:15:24] [Server thread/INFO]: [@: Object successfully summoned]
[20:15:24] [Server thread/INFO]: [@: Object successfully summoned]
[20:15:24] [Server thread/INFO]: [@: Object successfully summoned]
[20:15:24] [Server thread/INFO]: [@: Object successfully summoned]
[20:15:25] [Async Chat Thread - #1/INFO]: <bigcuck67> karen also said hi[m

[20:15:27] [Server thread/INFO]: [@: Object successfully summoned]
[20:15:27] [Server thread/INFO]: [@: Object successfully summoned]
[20:15:27] [Server thread/INFO]: [@: Object successfully summoned]
[20:15:27] [Server thread/INFO]: [@: Object successfully summoned]
[20:15:28] [Async Chat Thread - #1/INFO]: <bigcuck67> yes[m

[20:15:30] [Server thread/INFO]: [@: Object successfully summoned]
[20:15:30] [Server thread/INFO]: [@: Object successfully summoned]
[20:15:30] [Server thread/INFO]: [@: Object successfully summoned]
[20:15:30] [Server thread/INFO]: [@: Object successfully summoned]
[20:15:33] [Server thread/INFO]: [@: Object successfully summoned]
[20:15:33] [Server thread/INFO]: [@: Object successfully summoned]
[20:15:33] [Server thread/INFO]: [@: Object successfully summoned]
[20:15:33] [Server thread/INFO]: [@: Object successfully summoned]
[20:15:36] [Server thread/INFO]: [@: Object successfully summoned]
[20:15:36] [Server thread/INFO]: [@: Object successfully summoned]
[20:15:36] [Server thread/INFO]: [@: Object successfully summoned]
[20:15:36] [Server thread/INFO]: [@: Object successfully summoned]
[20:15:38] [Thread-13/INFO]: UUID of player BEAN is 3cd66c69-fa7b-3654-8e73-2ad1d1c4a20f
[20:15:38] [Server thread/INFO]: BEAN[/[0:0:0:0:0:0:0:1]:55250] logged in with entity id 2133 at ([world]-308.69999998807907, 60.0, -539.2072977126958)
[20:15:38] [Server thread/INFO]: [@: Object successfully summoned]
[20:15:38] [Server thread/INFO]: [@: Object successfully summoned]
[20:15:38] [Server thread/INFO]: [@: Object successfully summoned]
[20:15:38] [Server thread/INFO]: [@: Object successfully summoned]
[20:15:41] [Async Chat Thread - #1/INFO]: <Graef> tell them i said hi back[m

[20:15:41] [Async Chat Thread - #1/INFO]: <jerry_> wait who is bigcuck[m

[20:15:41] [Server thread/INFO]: [@: Object successfully summoned]
[20:15:41] [Server thread/INFO]: [@: Object successfully summoned]
[20:15:41] [Server thread/INFO]: [@: Object successfully summoned]
[20:15:41] [Server thread/INFO]: [@: Object successfully summoned]
[20:15:44] [Server thread/INFO]: [@: Object successfully summoned]
[20:15:44] [Server thread/INFO]: [@: Object successfully summoned]
[20:15:44] [Server thread/INFO]: [@: Object successfully summoned]
[20:15:44] [Server thread/INFO]: [@: Object successfully summoned]
[20:15:47] [Server thread/INFO]: [@: Object successfully summoned]
[20:15:47] [Server thread/INFO]: [@: Object successfully summoned]
[20:15:47] [Server thread/INFO]: [@: Object successfully summoned]
[20:15:47] [Server thread/INFO]: [@: Object successfully summoned]
[20:15:49] [Async Chat Thread - #1/INFO]: <bigcuck67> efren[m

[20:15:49] [Async Chat Thread - #1/INFO]: <cooldog123> thats efrin[m

[20:15:49] [Server thread/INFO]: [@: Object successfully summoned]
[20:15:49] [Server thread/INFO]: [@: Object successfully summoned]
[20:15:49] [Server thread/INFO]: [@: Object successfully summoned]
[20:15:49] [Server thread/INFO]: [@: Object successfully summoned]
[20:15:52] [Server thread/INFO]: [@: Object successfully summoned]
[20:15:52] [Server thread/INFO]: [@: Object successfully summoned]
[20:15:52] [Server thread/INFO]: [@: Object successfully summoned]
[20:15:52] [Server thread/INFO]: [@: Object successfully summoned]
[20:15:53] [Async Chat Thread - #1/INFO]: <jerry_> ohh[m

[20:15:55] [Server thread/INFO]: [@: Object successfully summoned]
[20:15:55] [Server thread/INFO]: [@: Object successfully summoned]
[20:15:55] [Server thread/INFO]: [@: Object successfully summoned]
[20:15:55] [Server thread/INFO]: [@: Object successfully summoned]
[20:15:57] [Server thread/INFO]: nude_dude issued server command: /tpa BEAN
[20:15:58] [Async Chat Thread - #1/INFO]: <jerry_> what about cooldog[m

[20:15:58] [Server thread/INFO]: [@: Object successfully summoned]
[20:15:58] [Server thread/INFO]: [@: Object successfully summoned]
[20:15:58] [Server thread/INFO]: [@: Object successfully summoned]
[20:15:58] [Server thread/INFO]: [@: Object successfully summoned]
[20:16:01] [Server thread/INFO]: [@: Object successfully summoned]
[20:16:01] [Server thread/INFO]: [@: Object successfully summoned]
[20:16:01] [Server thread/INFO]: [@: Object successfully summoned]
[20:16:01] [Server thread/INFO]: [@: Object successfully summoned]
[20:16:04] [Server thread/INFO]: [@: Object successfully summoned]
[20:16:04] [Server thread/INFO]: [@: Object successfully summoned]
[20:16:04] [Server thread/INFO]: [@: Object successfully summoned]
[20:16:04] [Server thread/INFO]: [@: Object successfully summoned]
[20:16:04] [Async Chat Thread - #1/INFO]: <bigcuck67> evam[m

[20:16:06] [Server thread/INFO]: [@: Object successfully summoned]
[20:16:06] [Server thread/INFO]: [@: Object successfully summoned]
[20:16:06] [Server thread/INFO]: [@: Object successfully summoned]
[20:16:06] [Server thread/INFO]: [@: Object successfully summoned]
[20:16:07] [Server thread/INFO]: BEAN issued server command: /accept
[20:16:09] [Server thread/INFO]: [@: Object successfully summoned]
[20:16:09] [Server thread/INFO]: [@: Object successfully summoned]
[20:16:09] [Server thread/INFO]: [@: Object successfully summoned]
[20:16:09] [Server thread/INFO]: [@: Object successfully summoned]
[20:16:12] [Server thread/INFO]: [@: Object successfully summoned]
[20:16:12] [Server thread/INFO]: [@: Object successfully summoned]
[20:16:12] [Server thread/INFO]: [@: Object successfully summoned]
[20:16:12] [Server thread/INFO]: [@: Object successfully summoned]
[20:16:14] [Async Chat Thread - #1/INFO]: <cooldog123> yeah[m

[20:16:14] [Server thread/INFO]: Graef issued server command: /tell jerry i joined wpe and rodrigo said i could get my gear back
[20:16:14] [Server thread/INFO]: [Graef: That player cannot be found]
[20:16:15] [Server thread/INFO]: [@: Object successfully summoned]
[20:16:15] [Server thread/INFO]: [@: Object successfully summoned]
[20:16:15] [Server thread/INFO]: [@: Object successfully summoned]
[20:16:15] [Server thread/INFO]: [@: Object successfully summoned]
[20:16:15] [Async Chat Thread - #1/INFO]: <bigcuck67> greaf what school do you go to[m

[20:16:16] [Thread-15/INFO]: UUID of player kambro is c4dea3e3-68aa-3c00-896d-6203b447a30c
[20:16:16] [Server thread/INFO]: kambro[/[0:0:0:0:0:0:0:1]:54088] logged in with entity id 2560 at ([world]202.4206471270891, 71.0, 50.00530767579046)
[20:16:18] [Server thread/INFO]: [@: Object successfully summoned]
[20:16:18] [Server thread/INFO]: [@: Object successfully summoned]
[20:16:18] [Server thread/INFO]: [@: Object successfully summoned]
[20:16:18] [Server thread/INFO]: [@: Object successfully summoned]
[20:16:20] [Server thread/INFO]: [@: Object successfully summoned]
[20:16:20] [Server thread/INFO]: [@: Object successfully summoned]
[20:16:20] [Server thread/INFO]: [@: Object successfully summoned]
[20:16:20] [Server thread/INFO]: [@: Object successfully summoned]
[20:16:23] [Server thread/INFO]: [@: Object successfully summoned]
[20:16:23] [Server thread/INFO]: [@: Object successfully summoned]
[20:16:23] [Server thread/INFO]: [@: Object successfully summoned]
[20:16:23] [Server thread/INFO]: [@: Object successfully summoned]
[20:16:23] [Async Chat Thread - #1/INFO]: <Graef> the one in lockhart[m

[20:16:24] [Async Chat Thread - #1/INFO]: <jerry_> oh. im about to make some type of list bc idk who everyone is :/[m

[20:16:26] [Server thread/INFO]: [@: Object successfully summoned]
[20:16:26] [Server thread/INFO]: [@: Object successfully summoned]
[20:16:26] [Server thread/INFO]: [@: Object successfully summoned]
[20:16:26] [Server thread/INFO]: [@: Object successfully summoned]
[20:16:28] [Server thread/INFO]: cooldog123 issued server command: /sethome cool123
[20:16:29] [Server thread/INFO]: [@: Object successfully summoned]
[20:16:29] [Server thread/INFO]: [@: Object successfully summoned]
[20:16:29] [Server thread/INFO]: [@: Object successfully summoned]
[20:16:29] [Server thread/INFO]: [@: Object successfully summoned]
[20:16:32] [Server thread/INFO]: [@: Object successfully summoned]
[20:16:32] [Server thread/INFO]: [@: Object successfully summoned]
[20:16:32] [Server thread/INFO]: [@: Object successfully summoned]
[20:16:32] [Server thread/INFO]: [@: Object successfully summoned]
[20:16:33] [Async Chat Thread - #1/INFO]: <bigcuck67> ohhh ok[m

[20:16:34] [Server thread/INFO]: [@: Object successfully summoned]
[20:16:34] [Server thread/INFO]: [@: Object successfully summoned]
[20:16:34] [Server thread/INFO]: [@: Object successfully summoned]
[20:16:34] [Server thread/INFO]: [@: Object successfully summoned]
[20:16:37] [Server thread/INFO]: [@: Object successfully summoned]
[20:16:37] [Server thread/INFO]: [@: Object successfully summoned]
[20:16:37] [Server thread/INFO]: [@: Object successfully summoned]
[20:16:37] [Server thread/INFO]: [@: Object successfully summoned]
[20:16:40] [Server thread/INFO]: [@: Object successfully summoned]
[20:16:40] [Server thread/INFO]: [@: Object successfully summoned]
[20:16:40] [Server thread/INFO]: [@: Object successfully summoned]
[20:16:40] [Server thread/INFO]: [@: Object successfully summoned]
[20:16:43] [Server thread/INFO]: [@: Object successfully summoned]
[20:16:43] [Server thread/INFO]: [@: Object successfully summoned]
[20:16:43] [Server thread/INFO]: [@: Object successfully summoned]
[20:16:43] [Server thread/INFO]: [@: Object successfully summoned]
[20:16:44] [Async Chat Thread - #1/INFO]: <Graef> yeah. its alright here[m

[20:16:46] [Server thread/INFO]: [@: Object successfully summoned]
[20:16:46] [Server thread/INFO]: [@: Object successfully summoned]
[20:16:46] [Server thread/INFO]: [@: Object successfully summoned]
[20:16:46] [Server thread/INFO]: [@: Object successfully summoned]
[20:16:48] [Server thread/INFO]: [@: Object successfully summoned]
[20:16:48] [Server thread/INFO]: [@: Object successfully summoned]
[20:16:48] [Server thread/INFO]: [@: Object successfully summoned]
[20:16:48] [Server thread/INFO]: [@: Object successfully summoned]
[20:16:51] [Server thread/INFO]: kambro has just earned the achievement [Taking Inventory]
[20:16:51] [Server thread/INFO]: [@: Object successfully summoned]
[20:16:51] [Server thread/INFO]: [@: Object successfully summoned]
[20:16:51] [Server thread/INFO]: [@: Object successfully summoned]
[20:16:51] [Server thread/INFO]: [@: Object successfully summoned]
[20:16:54] [Server thread/INFO]: [@: Object successfully summoned]
[20:16:54] [Server thread/INFO]: [@: Object successfully summoned]
[20:16:54] [Server thread/INFO]: [@: Object successfully summoned]
[20:16:54] [Server thread/INFO]: [@: Object successfully summoned]
[20:16:57] [Server thread/INFO]: [@: Object successfully summoned]
[20:16:57] [Server thread/INFO]: [@: Object successfully summoned]
[20:16:57] [Server thread/INFO]: [@: Object successfully summoned]
[20:16:57] [Server thread/INFO]: [@: Object successfully summoned]
[20:16:57] [Server thread/INFO]: cooldog123 issued server command: /sethome cool
[20:16:58] [Server thread/INFO]: BEAN issued server command: /home bean
[20:17:00] [Server thread/INFO]: [@: Object successfully summoned]
[20:17:00] [Server thread/INFO]: [@: Object successfully summoned]
[20:17:00] [Server thread/INFO]: [@: Object successfully summoned]
[20:17:00] [Server thread/INFO]: [@: Object successfully summoned]
[20:17:02] [Server thread/INFO]: Graef issued server command: /tpa jerry
[20:17:02] [Server thread/INFO]: [@: Object successfully summoned]
[20:17:02] [Server thread/INFO]: [@: Object successfully summoned]
[20:17:02] [Server thread/INFO]: [@: Object successfully summoned]
[20:17:02] [Server thread/INFO]: [@: Object successfully summoned]
[20:17:05] [Server thread/INFO]: [@: Object successfully summoned]
[20:17:05] [Server thread/INFO]: [@: Object successfully summoned]
[20:17:05] [Server thread/INFO]: [@: Object successfully summoned]
[20:17:05] [Server thread/INFO]: [@: Object successfully summoned]
[20:17:08] [Server thread/INFO]: [@: Object successfully summoned]
[20:17:08] [Server thread/INFO]: [@: Object successfully summoned]
[20:17:08] [Server thread/INFO]: [@: Object successfully summoned]
[20:17:08] [Server thread/INFO]: [@: Object successfully summoned]
[20:17:09] [Server thread/INFO]: nude_dude issued server command: /tpa BEAN
[20:17:11] [Server thread/INFO]: [@: Object successfully summoned]
[20:17:11] [Server thread/INFO]: [@: Object successfully summoned]
[20:17:11] [Server thread/INFO]: [@: Object successfully summoned]
[20:17:11] [Server thread/INFO]: [@: Object successfully summoned]
[20:17:14] [Server thread/INFO]: [@: Object successfully summoned]
[20:17:14] [Server thread/INFO]: [@: Object successfully summoned]
[20:17:14] [Server thread/INFO]: [@: Object successfully summoned]
[20:17:14] [Server thread/INFO]: [@: Object successfully summoned]
[20:17:14] [Server thread/INFO]: kambro has just earned the achievement [Getting Wood]
[20:17:14] [Server thread/INFO]: BEAN issued server command: /accept
[20:17:16] [Server thread/INFO]: [@: Object successfully summoned]
[20:17:16] [Server thread/INFO]: [@: Object successfully summoned]
[20:17:16] [Server thread/INFO]: [@: Object successfully summoned]
[20:17:16] [Server thread/INFO]: [@: Object successfully summoned]
[20:17:19] [Server thread/INFO]: [@: Object successfully summoned]
[20:17:19] [Server thread/INFO]: [@: Object successfully summoned]
[20:17:19] [Server thread/INFO]: [@: Object successfully summoned]
[20:17:19] [Server thread/INFO]: [@: Object successfully summoned]
[20:17:22] [Server thread/INFO]: [@: Object successfully summoned]
[20:17:22] [Server thread/INFO]: [@: Object successfully summoned]
[20:17:22] [Server thread/INFO]: [@: Object successfully summoned]
[20:17:22] [Server thread/INFO]: [@: Object successfully summoned]
[20:17:25] [Server thread/INFO]: [@: Object successfully summoned]
[20:17:25] [Server thread/INFO]: [@: Object successfully summoned]
[20:17:25] [Server thread/INFO]: [@: Object successfully summoned]
[20:17:25] [Server thread/INFO]: [@: Object successfully summoned]
[20:17:26] [Async Chat Thread - #1/INFO]: <cooldog123> efrin wya[m

[20:17:28] [Server thread/INFO]: [@: Object successfully summoned]
[20:17:28] [Server thread/INFO]: [@: Object successfully summoned]
[20:17:28] [Server thread/INFO]: [@: Object successfully summoned]
[20:17:28] [Server thread/INFO]: [@: Object successfully summoned]
[20:17:30] [Server thread/INFO]: [@: Object successfully summoned]
[20:17:30] [Server thread/INFO]: [@: Object successfully summoned]
[20:17:30] [Server thread/INFO]: [@: Object successfully summoned]
[20:17:30] [Server thread/INFO]: [@: Object successfully summoned]
[20:17:33] [Server thread/INFO]: [@: Object successfully summoned]
[20:17:33] [Server thread/INFO]: [@: Object successfully summoned]
[20:17:33] [Server thread/INFO]: [@: Object successfully summoned]
[20:17:33] [Server thread/INFO]: [@: Object successfully summoned]
[20:17:35] [Server thread/INFO]: Graef issued server command: /tell jerry rodrigo said to get into the wpe i had to die to him
[20:17:35] [Server thread/INFO]: [Graef: That player cannot be found]
[20:17:36] [Server thread/INFO]: [@: Object successfully summoned]
[20:17:36] [Server thread/INFO]: [@: Object successfully summoned]
[20:17:36] [Server thread/INFO]: [@: Object successfully summoned]
[20:17:36] [Server thread/INFO]: [@: Object successfully summoned]
[20:17:38] [Async Chat Thread - #1/INFO]: <bigcuck67> i am in the mines[m

[20:17:39] [Server thread/INFO]: [@: Object successfully summoned]
[20:17:39] [Server thread/INFO]: [@: Object successfully summoned]
[20:17:39] [Server thread/INFO]: [@: Object successfully summoned]
[20:17:39] [Server thread/INFO]: [@: Object successfully summoned]
[20:17:42] [Server thread/INFO]: [@: Object successfully summoned]
[20:17:42] [Server thread/INFO]: [@: Object successfully summoned]
[20:17:42] [Server thread/INFO]: [@: Object successfully summoned]
[20:17:42] [Server thread/INFO]: [@: Object successfully summoned]
[20:17:44] [Server thread/INFO]: [@: Object successfully summoned]
[20:17:44] [Server thread/INFO]: [@: Object successfully summoned]
[20:17:44] [Server thread/INFO]: [@: Object successfully summoned]
[20:17:44] [Server thread/INFO]: [@: Object successfully summoned]
[20:17:47] [Server thread/INFO]: [@: Object successfully summoned]
[20:17:47] [Server thread/INFO]: [@: Object successfully summoned]
[20:17:47] [Server thread/INFO]: [@: Object successfully summoned]
[20:17:47] [Server thread/INFO]: [@: Object successfully summoned]
[20:17:50] [Server thread/INFO]: [@: Object successfully summoned]
[20:17:50] [Server thread/INFO]: [@: Object successfully summoned]
[20:17:50] [Server thread/INFO]: [@: Object successfully summoned]
[20:17:50] [Server thread/INFO]: [@: Object successfully summoned]
[20:17:52] [Async Chat Thread - #1/INFO]: <cooldog123> ohh okay jack said hed enchant our stuff[m

[20:17:53] [Server thread/INFO]: [@: Object successfully summoned]
[20:17:53] [Server thread/INFO]: [@: Object successfully summoned]
[20:17:53] [Server thread/INFO]: [@: Object successfully summoned]
[20:17:53] [Server thread/INFO]: [@: Object successfully summoned]
[20:17:56] [Server thread/INFO]: [@: Object successfully summoned]
[20:17:56] [Server thread/INFO]: [@: Object successfully summoned]
[20:17:56] [Server thread/INFO]: [@: Object successfully summoned]
[20:17:56] [Server thread/INFO]: [@: Object successfully summoned]
[20:17:58] [Server thread/INFO]: [@: Object successfully summoned]
[20:17:58] [Server thread/INFO]: [@: Object successfully summoned]
[20:17:58] [Server thread/INFO]: [@: Object successfully summoned]
[20:17:58] [Server thread/INFO]: [@: Object successfully summoned]
[20:18:01] [Server thread/INFO]: [@: Object successfully summoned]
[20:18:01] [Server thread/INFO]: [@: Object successfully summoned]
[20:18:01] [Server thread/INFO]: [@: Object successfully summoned]
[20:18:01] [Server thread/INFO]: [@: Object successfully summoned]
[20:18:02] [Async Chat Thread - #1/INFO]: <nude_dude> no ididnt[m

[20:18:04] [Server thread/INFO]: [@: Object successfully summoned]
[20:18:04] [Server thread/INFO]: [@: Object successfully summoned]
[20:18:04] [Server thread/INFO]: [@: Object successfully summoned]
[20:18:04] [Server thread/INFO]: [@: Object successfully summoned]
[20:18:06] [Server thread/INFO]: Graef issued server command: /tell jerry_ rodrigo said if i joined wpe i could have my stuff back
[20:18:07] [Server thread/INFO]: [@: Object successfully summoned]
[20:18:07] [Server thread/INFO]: [@: Object successfully summoned]
[20:18:07] [Server thread/INFO]: [@: Object successfully summoned]
[20:18:07] [Server thread/INFO]: [@: Object successfully summoned]
[20:18:10] [Server thread/INFO]: [@: Object successfully summoned]
[20:18:10] [Server thread/INFO]: [@: Object successfully summoned]
[20:18:10] [Server thread/INFO]: [@: Object successfully summoned]
[20:18:10] [Server thread/INFO]: [@: Object successfully summoned]
[20:18:12] [Server thread/INFO]: [@: Object successfully summoned]
[20:18:12] [Server thread/INFO]: [@: Object successfully summoned]
[20:18:12] [Server thread/INFO]: [@: Object successfully summoned]
[20:18:12] [Server thread/INFO]: [@: Object successfully summoned]
[20:18:15] [Async Chat Thread - #1/INFO]: <cooldog123> yes you did in 5th perid[m

[20:18:15] [Server thread/INFO]: [@: Object successfully summoned]
[20:18:15] [Server thread/INFO]: [@: Object successfully summoned]
[20:18:15] [Server thread/INFO]: [@: Object successfully summoned]
[20:18:15] [Server thread/INFO]: [@: Object successfully summoned]
[20:18:18] [Server thread/INFO]: [@: Object successfully summoned]
[20:18:18] [Server thread/INFO]: [@: Object successfully summoned]
[20:18:18] [Server thread/INFO]: [@: Object successfully summoned]
[20:18:18] [Server thread/INFO]: [@: Object successfully summoned]
[20:18:21] [Server thread/INFO]: [@: Object successfully summoned]
[20:18:21] [Server thread/INFO]: [@: Object successfully summoned]
[20:18:21] [Server thread/INFO]: [@: Object successfully summoned]
[20:18:21] [Server thread/INFO]: [@: Object successfully summoned]
[20:18:24] [Server thread/INFO]: [@: Object successfully summoned]
[20:18:24] [Server thread/INFO]: [@: Object successfully summoned]
[20:18:24] [Server thread/INFO]: [@: Object successfully summoned]
[20:18:24] [Server thread/INFO]: [@: Object successfully summoned]
[20:18:26] [Async Chat Thread - #1/INFO]: <cooldog123> omm you did[m

[20:18:26] [Server thread/INFO]: [@: Object successfully summoned]
[20:18:26] [Server thread/INFO]: [@: Object successfully summoned]
[20:18:26] [Server thread/INFO]: [@: Object successfully summoned]
[20:18:26] [Server thread/INFO]: [@: Object successfully summoned]
[20:18:27] [Server thread/INFO]: nude_dude issued server command: /tpa BEAN
[20:18:29] [Server thread/INFO]: [@: Object successfully summoned]
[20:18:29] [Server thread/INFO]: [@: Object successfully summoned]
[20:18:29] [Server thread/INFO]: [@: Object successfully summoned]
[20:18:29] [Server thread/INFO]: [@: Object successfully summoned]
[20:18:32] [Server thread/INFO]: [@: Object successfully summoned]
[20:18:32] [Server thread/INFO]: [@: Object successfully summoned]
[20:18:32] [Server thread/INFO]: [@: Object successfully summoned]
[20:18:32] [Server thread/INFO]: [@: Object successfully summoned]
[20:18:35] [Server thread/INFO]: [@: Object successfully summoned]
[20:18:35] [Server thread/INFO]: [@: Object successfully summoned]
[20:18:35] [Server thread/INFO]: [@: Object successfully summoned]
[20:18:35] [Server thread/INFO]: [@: Object successfully summoned]
[20:18:36] [Server thread/INFO]: BEAN issued server command: /accept
[20:18:38] [Server thread/INFO]: [@: Object successfully summoned]
[20:18:38] [Server thread/INFO]: [@: Object successfully summoned]
[20:18:38] [Server thread/INFO]: [@: Object successfully summoned]
[20:18:38] [Server thread/INFO]: [@: Object successfully summoned]
[20:18:40] [Server thread/INFO]: [@: Object successfully summoned]
[20:18:40] [Server thread/INFO]: [@: Object successfully summoned]
[20:18:40] [Server thread/INFO]: [@: Object successfully summoned]
[20:18:40] [Server thread/INFO]: [@: Object successfully summoned]
[20:18:43] [Server thread/INFO]: [@: Object successfully summoned]
[20:18:43] [Server thread/INFO]: [@: Object successfully summoned]
[20:18:43] [Server thread/INFO]: [@: Object successfully summoned]
[20:18:43] [Server thread/INFO]: [@: Object successfully summoned]
[20:18:46] [Server thread/INFO]: [@: Object successfully summoned]
[20:18:46] [Server thread/INFO]: [@: Object successfully summoned]
[20:18:46] [Server thread/INFO]: [@: Object successfully summoned]
[20:18:46] [Server thread/INFO]: [@: Object successfully summoned]
[20:18:49] [Server thread/INFO]: [@: Object successfully summoned]
[20:18:49] [Server thread/INFO]: [@: Object successfully summoned]
[20:18:49] [Server thread/INFO]: [@: Object successfully summoned]
[20:18:49] [Server thread/INFO]: [@: Object successfully summoned]
[20:18:51] [Server thread/INFO]: Graef issued server command: /tell jerry_ yo you here bro
[20:18:52] [Server thread/INFO]: [@: Object successfully summoned]
[20:18:52] [Server thread/INFO]: [@: Object successfully summoned]
[20:18:52] [Server thread/INFO]: [@: Object successfully summoned]
[20:18:52] [Server thread/INFO]: [@: Object successfully summoned]
[20:18:54] [Server thread/INFO]: [@: Object successfully summoned]
[20:18:54] [Server thread/INFO]: [@: Object successfully summoned]
[20:18:54] [Server thread/INFO]: [@: Object successfully summoned]
[20:18:54] [Server thread/INFO]: [@: Object successfully summoned]
[20:18:57] [Server thread/INFO]: [@: Object successfully summoned]
[20:18:57] [Server thread/INFO]: [@: Object successfully summoned]
[20:18:57] [Server thread/INFO]: [@: Object successfully summoned]
[20:18:57] [Server thread/INFO]: [@: Object successfully summoned]
[20:19:00] [Server thread/INFO]: [@: Object successfully summoned]
[20:19:00] [Server thread/INFO]: [@: Object successfully summoned]
[20:19:00] [Server thread/INFO]: [@: Object successfully summoned]
[20:19:00] [Server thread/INFO]: [@: Object successfully summoned]
[20:19:01] [Server thread/INFO]: jerry_ issued server command: /tell graef yes
[20:19:03] [Server thread/INFO]: [@: Object successfully summoned]
[20:19:03] [Server thread/INFO]: [@: Object successfully summoned]
[20:19:03] [Server thread/INFO]: [@: Object successfully summoned]
[20:19:03] [Server thread/INFO]: [@: Object successfully summoned]
[20:19:06] [Server thread/INFO]: [@: Object successfully summoned]
[20:19:06] [Server thread/INFO]: [@: Object successfully summoned]
[20:19:06] [Server thread/INFO]: [@: Object successfully summoned]
[20:19:06] [Server thread/INFO]: [@: Object successfully summoned]
[20:19:08] [Server thread/INFO]: [@: Object successfully summoned]
[20:19:08] [Server thread/INFO]: [@: Object successfully summoned]
[20:19:08] [Server thread/INFO]: [@: Object successfully summoned]
[20:19:08] [Server thread/INFO]: [@: Object successfully summoned]
[20:19:11] [Server thread/INFO]: [@: Object successfully summoned]
[20:19:11] [Server thread/INFO]: [@: Object successfully summoned]
[20:19:11] [Server thread/INFO]: [@: Object successfully summoned]
[20:19:11] [Server thread/INFO]: [@: Object successfully summoned]
[20:19:14] [Server thread/INFO]: [@: Object successfully summoned]
[20:19:14] [Server thread/INFO]: [@: Object successfully summoned]
[20:19:14] [Server thread/INFO]: [@: Object successfully summoned]
[20:19:14] [Server thread/INFO]: [@: Object successfully summoned]
[20:19:15] [Server thread/INFO]: jerry_ issued server command: /gamemode c
[20:19:15] [Server thread/INFO]: [jerry_: Set own game mode to Creative Mode]
[20:19:17] [Server thread/INFO]: [@: Object successfully summoned]
[20:19:17] [Server thread/INFO]: [@: Object successfully summoned]
[20:19:17] [Server thread/INFO]: [@: Object successfully summoned]
[20:19:17] [Server thread/INFO]: [@: Object successfully summoned]
[20:19:18] [Server thread/INFO]: Graef issued server command: /tell jerry_ rodrigo told me the rules of joining the wpe
[20:19:18] [Server thread/INFO]: jerry_ issued server command: /gamemode s
[20:19:18] [Server thread/INFO]: [jerry_: Set own game mode to Survival Mode]
[20:19:20] [Server thread/INFO]: [@: Object successfully summoned]
[20:19:20] [Server thread/INFO]: [@: Object successfully summoned]
[20:19:20] [Server thread/INFO]: [@: Object successfully summoned]
[20:19:20] [Server thread/INFO]: [@: Object successfully summoned]
[20:19:22] [Server thread/INFO]: [@: Object successfully summoned]
[20:19:22] [Server thread/INFO]: [@: Object successfully summoned]
[20:19:22] [Server thread/INFO]: [@: Object successfully summoned]
[20:19:22] [Server thread/INFO]: [@: Object successfully summoned]
[20:19:23] [Server thread/INFO]: kambro issued server command: /tpa jerry_
[20:19:25] [Server thread/INFO]: [@: Object successfully summoned]
[20:19:25] [Server thread/INFO]: [@: Object successfully summoned]
[20:19:25] [Server thread/INFO]: [@: Object successfully summoned]
[20:19:25] [Server thread/INFO]: [@: Object successfully summoned]
[20:19:28] [Server thread/INFO]: [@: Object successfully summoned]
[20:19:28] [Server thread/INFO]: [@: Object successfully summoned]
[20:19:28] [Server thread/INFO]: [@: Object successfully summoned]
[20:19:28] [Server thread/INFO]: [@: Object successfully summoned]
[20:19:31] [Server thread/INFO]: [@: Object successfully summoned]
[20:19:31] [Server thread/INFO]: [@: Object successfully summoned]
[20:19:31] [Server thread/INFO]: [@: Object successfully summoned]
[20:19:31] [Server thread/INFO]: [@: Object successfully summoned]
[20:19:32] [Async Chat Thread - #2/INFO]: <jerry_> who is kambro bro[m

[20:19:34] [Server thread/INFO]: [@: Object successfully summoned]
[20:19:34] [Server thread/INFO]: [@: Object successfully summoned]
[20:19:34] [Server thread/INFO]: [@: Object successfully summoned]
[20:19:34] [Server thread/INFO]: [@: Object successfully summoned]
[20:19:35] [Server thread/INFO]: jerry_ issued server command: /gamemode c
[20:19:35] [Server thread/INFO]: [jerry_: Set own game mode to Creative Mode]
[20:19:36] [Server thread/INFO]: [@: Object successfully summoned]
[20:19:36] [Server thread/INFO]: [@: Object successfully summoned]
[20:19:36] [Server thread/INFO]: [@: Object successfully summoned]
[20:19:36] [Server thread/INFO]: [@: Object successfully summoned]
[20:19:39] [Server thread/INFO]: [@: Object successfully summoned]
[20:19:39] [Server thread/INFO]: [@: Object successfully summoned]
[20:19:39] [Server thread/INFO]: [@: Object successfully summoned]
[20:19:39] [Server thread/INFO]: [@: Object successfully summoned]
[20:19:39] [Server thread/INFO]: Graef issued server command: /tell jerr_ he also said i could get my gear back aswell
[20:19:39] [Server thread/INFO]: [Graef: That player cannot be found]
[20:19:42] [Server thread/INFO]: [@: Object successfully summoned]
[20:19:42] [Server thread/INFO]: [@: Object successfully summoned]
[20:19:42] [Server thread/INFO]: [@: Object successfully summoned]
[20:19:42] [Server thread/INFO]: [@: Object successfully summoned]
[20:19:42] [Server thread/INFO]: jerry_ issued server command: /gamemode s
[20:19:42] [Server thread/INFO]: [jerry_: Set own game mode to Survival Mode]
[20:19:45] [Server thread/INFO]: [@: Object successfully summoned]
[20:19:45] [Server thread/INFO]: [@: Object successfully summoned]
[20:19:45] [Server thread/INFO]: [@: Object successfully summoned]
[20:19:45] [Server thread/INFO]: [@: Object successfully summoned]
[20:19:47] [Server thread/INFO]: bigcuck67 lost connection: Disconnected
[20:19:47] [Server thread/INFO]: bigcuck67 left the game.
[20:19:48] [Server thread/INFO]: [@: Object successfully summoned]
[20:19:48] [Server thread/INFO]: [@: Object successfully summoned]
[20:19:48] [Server thread/INFO]: [@: Object successfully summoned]
[20:19:48] [Server thread/INFO]: [@: Object successfully summoned]
[20:19:50] [Server thread/INFO]: [@: Object successfully summoned]
[20:19:50] [Server thread/INFO]: [@: Object successfully summoned]
[20:19:50] [Server thread/INFO]: [@: Object successfully summoned]
[20:19:50] [Server thread/INFO]: [@: Object successfully summoned]
[20:19:53] [Server thread/INFO]: Graef issued server command: /tell jerry_ he also said i could get my gear back
[20:19:53] [Server thread/INFO]: [@: Object successfully summoned]
[20:19:53] [Server thread/INFO]: [@: Object successfully summoned]
[20:19:53] [Server thread/INFO]: [@: Object successfully summoned]
[20:19:53] [Server thread/INFO]: [@: Object successfully summoned]
[20:19:56] [Server thread/INFO]: [@: Object successfully summoned]
[20:19:56] [Server thread/INFO]: [@: Object successfully summoned]
[20:19:56] [Server thread/INFO]: [@: Object successfully summoned]
[20:19:56] [Server thread/INFO]: [@: Object successfully summoned]
[20:19:58] [Server thread/INFO]: jerry_ issued server command: /gamemode spectator
[20:19:58] [Server thread/INFO]: [jerry_: Set own game mode to Spectator Mode]
[20:19:59] [Server thread/INFO]: [@: Object successfully summoned]
[20:19:59] [Server thread/INFO]: [@: Object successfully summoned]
[20:19:59] [Server thread/INFO]: [@: Object successfully summoned]
[20:19:59] [Server thread/INFO]: [@: Object successfully summoned]
[20:20:02] [Server thread/INFO]: [@: Object successfully summoned]
[20:20:02] [Server thread/INFO]: [@: Object successfully summoned]
[20:20:02] [Server thread/INFO]: [@: Object successfully summoned]
[20:20:02] [Server thread/INFO]: [@: Object successfully summoned]
[20:20:03] [Async Chat Thread - #2/INFO]: <jerry_> good[m

[20:20:04] [Server thread/INFO]: [@: Object successfully summoned]
[20:20:04] [Server thread/INFO]: [@: Object successfully summoned]
[20:20:04] [Server thread/INFO]: [@: Object successfully summoned]
[20:20:04] [Server thread/INFO]: [@: Object successfully summoned]
[20:20:07] [Async Chat Thread - #2/INFO]: <jerry_> who is kambro[m

[20:20:07] [Server thread/INFO]: kambro issued server command: /tpa nude_dude
[20:20:07] [Server thread/INFO]: [@: Object successfully summoned]
[20:20:07] [Server thread/INFO]: [@: Object successfully summoned]
[20:20:07] [Server thread/INFO]: [@: Object successfully summoned]
[20:20:07] [Server thread/INFO]: [@: Object successfully summoned]
[20:20:10] [Server thread/INFO]: [@: Object successfully summoned]
[20:20:10] [Server thread/INFO]: [@: Object successfully summoned]
[20:20:10] [Server thread/INFO]: [@: Object successfully summoned]
[20:20:10] [Server thread/INFO]: [@: Object successfully summoned]
[20:20:13] [Server thread/INFO]: [@: Object successfully summoned]
[20:20:13] [Server thread/INFO]: [@: Object successfully summoned]
[20:20:13] [Server thread/INFO]: [@: Object successfully summoned]
[20:20:13] [Server thread/INFO]: [@: Object successfully summoned]
[20:20:14] [Server thread/INFO]: nude_dude issued server command: /accept
[20:20:16] [Server thread/INFO]: [@: Object successfully summoned]
[20:20:16] [Server thread/INFO]: [@: Object successfully summoned]
[20:20:16] [Server thread/INFO]: [@: Object successfully summoned]
[20:20:16] [Server thread/INFO]: [@: Object successfully summoned]
[20:20:18] [Server thread/INFO]: [@: Object successfully summoned]
[20:20:18] [Server thread/INFO]: [@: Object successfully summoned]
[20:20:18] [Server thread/INFO]: [@: Object successfully summoned]
[20:20:18] [Server thread/INFO]: [@: Object successfully summoned]
[20:20:21] [Server thread/INFO]: [@: Object successfully summoned]
[20:20:21] [Server thread/INFO]: [@: Object successfully summoned]
[20:20:21] [Server thread/INFO]: [@: Object successfully summoned]
[20:20:21] [Server thread/INFO]: [@: Object successfully summoned]
[20:20:24] [Server thread/INFO]: [@: Object successfully summoned]
[20:20:24] [Server thread/INFO]: [@: Object successfully summoned]
[20:20:24] [Server thread/INFO]: [@: Object successfully summoned]
[20:20:24] [Server thread/INFO]: [@: Object successfully summoned]
[20:20:27] [Server thread/INFO]: [@: Object successfully summoned]
[20:20:27] [Server thread/INFO]: [@: Object successfully summoned]
[20:20:27] [Server thread/INFO]: [@: Object successfully summoned]
[20:20:27] [Server thread/INFO]: [@: Object successfully summoned]
[20:20:30] [Server thread/INFO]: [@: Object successfully summoned]
[20:20:30] [Server thread/INFO]: [@: Object successfully summoned]
[20:20:30] [Server thread/INFO]: [@: Object successfully summoned]
[20:20:30] [Server thread/INFO]: [@: Object successfully summoned]
[20:20:32] [Server thread/INFO]: [@: Object successfully summoned]
[20:20:32] [Server thread/INFO]: [@: Object successfully summoned]
[20:20:32] [Server thread/INFO]: [@: Object successfully summoned]
[20:20:32] [Server thread/INFO]: [@: Object successfully summoned]
[20:20:34] [Server thread/INFO]: kambro issued server command: /tpa nude_dude
[20:20:35] [Server thread/INFO]: [@: Object successfully summoned]
[20:20:35] [Server thread/INFO]: [@: Object successfully summoned]
[20:20:35] [Server thread/INFO]: [@: Object successfully summoned]
[20:20:35] [Server thread/INFO]: [@: Object successfully summoned]
[20:20:38] [Server thread/INFO]: [@: Object successfully summoned]
[20:20:38] [Server thread/INFO]: [@: Object successfully summoned]
[20:20:38] [Server thread/INFO]: [@: Object successfully summoned]
[20:20:38] [Server thread/INFO]: [@: Object successfully summoned]
[20:20:39] [Server thread/INFO]: nude_dude issued server command: /accept
[20:20:41] [Server thread/INFO]: [@: Object successfully summoned]
[20:20:41] [Server thread/INFO]: [@: Object successfully summoned]
[20:20:41] [Server thread/INFO]: [@: Object successfully summoned]
[20:20:41] [Server thread/INFO]: [@: Object successfully summoned]
[20:20:44] [Server thread/INFO]: [@: Object successfully summoned]
[20:20:44] [Server thread/INFO]: [@: Object successfully summoned]
[20:20:44] [Server thread/INFO]: [@: Object successfully summoned]
[20:20:44] [Server thread/INFO]: [@: Object successfully summoned]
[20:20:46] [Thread-16/INFO]: UUID of player lamm is 5cb39085-071d-31e4-9b35-9cf0f1e7f041
[20:20:46] [Server thread/INFO]: lamm[/[0:0:0:0:0:0:0:1]:39806] logged in with entity id 4949 at ([world]-1273.5960304529503, 65.875, -144.00730314429433)
[20:20:46] [Server thread/INFO]: [@: Object successfully summoned]
[20:20:46] [Server thread/INFO]: [@: Object successfully summoned]
[20:20:46] [Server thread/INFO]: [@: Object successfully summoned]
[20:20:46] [Server thread/INFO]: [@: Object successfully summoned]
[20:20:49] [Server thread/INFO]: [@: Object successfully summoned]
[20:20:49] [Server thread/INFO]: [@: Object successfully summoned]
[20:20:49] [Server thread/INFO]: [@: Object successfully summoned]
[20:20:49] [Server thread/INFO]: [@: Object successfully summoned]
[20:20:51] [Server thread/INFO]: Graef issued server command: /tell jerry_ so can i have my gear back?
[20:20:52] [Server thread/INFO]: [@: Object successfully summoned]
[20:20:52] [Server thread/INFO]: [@: Object successfully summoned]
[20:20:52] [Server thread/INFO]: [@: Object successfully summoned]
[20:20:52] [Server thread/INFO]: [@: Object successfully summoned]
[20:20:52] [Server thread/INFO]: lamm issued server command: /home lammmmm
[20:20:55] [Server thread/INFO]: [@: Object successfully summoned]
[20:20:55] [Server thread/INFO]: [@: Object successfully summoned]
[20:20:55] [Server thread/INFO]: [@: Object successfully summoned]
[20:20:55] [Server thread/INFO]: [@: Object successfully summoned]
[20:20:58] [Server thread/INFO]: [@: Object successfully summoned]
[20:20:58] [Server thread/INFO]: [@: Object successfully summoned]
[20:20:58] [Server thread/INFO]: [@: Object successfully summoned]
[20:20:58] [Server thread/INFO]: [@: Object successfully summoned]
[20:20:58] [Server thread/INFO]: kambro was shot by nude_dude
[20:21:00] [Server thread/INFO]: [@: Object successfully summoned]
[20:21:00] [Server thread/INFO]: [@: Object successfully summoned]
[20:21:00] [Server thread/INFO]: [@: Object successfully summoned]
[20:21:00] [Server thread/INFO]: [@: Object successfully summoned]
[20:21:03] [Server thread/INFO]: [@: Object successfully summoned]
[20:21:03] [Server thread/INFO]: [@: Object successfully summoned]
[20:21:03] [Server thread/INFO]: [@: Object successfully summoned]
[20:21:03] [Server thread/INFO]: [@: Object successfully summoned]
[20:21:06] [Server thread/INFO]: jerry_ issued server command: /tell graef yes but tell me what
[20:21:06] [Server thread/INFO]: [@: Object successfully summoned]
[20:21:06] [Server thread/INFO]: [@: Object successfully summoned]
[20:21:06] [Server thread/INFO]: [@: Object successfully summoned]
[20:21:06] [Server thread/INFO]: [@: Object successfully summoned]
[20:21:07] [Server thread/INFO]: kambro issued server command: /back
[20:21:09] [Server thread/INFO]: [@: Object successfully summoned]
[20:21:09] [Server thread/INFO]: [@: Object successfully summoned]
[20:21:09] [Server thread/INFO]: [@: Object successfully summoned]
[20:21:09] [Server thread/INFO]: [@: Object successfully summoned]
[20:21:09] [Async Chat Thread - #3/INFO]: <Graef> who is nude dude?[m

[20:21:12] [Server thread/INFO]: [@: Object successfully summoned]
[20:21:12] [Server thread/INFO]: [@: Object successfully summoned]
[20:21:12] [Server thread/INFO]: [@: Object successfully summoned]
[20:21:12] [Server thread/INFO]: [@: Object successfully summoned]
[20:21:14] [Async Chat Thread - #3/INFO]: <jerry_> jack[m

[20:21:14] [Server thread/INFO]: [@: Object successfully summoned]
[20:21:14] [Server thread/INFO]: [@: Object successfully summoned]
[20:21:14] [Server thread/INFO]: [@: Object successfully summoned]
[20:21:14] [Server thread/INFO]: [@: Object successfully summoned]
[20:21:17] [Server thread/INFO]: [@: Object successfully summoned]
[20:21:17] [Server thread/INFO]: [@: Object successfully summoned]
[20:21:17] [Server thread/INFO]: [@: Object successfully summoned]
[20:21:17] [Server thread/INFO]: [@: Object successfully summoned]
[20:21:19] [Async Chat Thread - #3/INFO]: <nude_dude> hey[m

[20:21:20] [Server thread/INFO]: [@: Object successfully summoned]
[20:21:20] [Server thread/INFO]: [@: Object successfully summoned]
[20:21:20] [Server thread/INFO]: [@: Object successfully summoned]
[20:21:20] [Server thread/INFO]: [@: Object successfully summoned]
[20:21:22] [Async Chat Thread - #3/INFO]: <Graef> no way its jack[m

[20:21:23] [Async Chat Thread - #3/INFO]: <jerry_> who is kambro. im making a player list[m

[20:21:23] [Server thread/INFO]: [@: Object successfully summoned]
[20:21:23] [Server thread/INFO]: [@: Object successfully summoned]
[20:21:23] [Server thread/INFO]: [@: Object successfully summoned]
[20:21:23] [Server thread/INFO]: [@: Object successfully summoned]
[20:21:26] [Server thread/INFO]: [@: Object successfully summoned]
[20:21:26] [Server thread/INFO]: [@: Object successfully summoned]
[20:21:26] [Server thread/INFO]: [@: Object successfully summoned]
[20:21:26] [Server thread/INFO]: [@: Object successfully summoned]
[20:21:27] [Async Chat Thread - #3/INFO]: <nude_dude> yes it is[m

[20:21:28] [Server thread/INFO]: [@: Object successfully summoned]
[20:21:28] [Server thread/INFO]: [@: Object successfully summoned]
[20:21:28] [Server thread/INFO]: [@: Object successfully summoned]
[20:21:28] [Server thread/INFO]: [@: Object successfully summoned]
[20:21:31] [Server thread/INFO]: [@: Object successfully summoned]
[20:21:31] [Server thread/INFO]: [@: Object successfully summoned]
[20:21:31] [Server thread/INFO]: [@: Object successfully summoned]
[20:21:31] [Server thread/INFO]: [@: Object successfully summoned]
[20:21:31] [Async Chat Thread - #3/INFO]: <kambro> kamden[m

[20:21:34] [Server thread/INFO]: [@: Object successfully summoned]
[20:21:34] [Server thread/INFO]: [@: Object successfully summoned]
[20:21:34] [Server thread/INFO]: [@: Object successfully summoned]
[20:21:34] [Server thread/INFO]: [@: Object successfully summoned]
[20:21:35] [Async Chat Thread - #3/INFO]: <jerry_> oh[m

[20:21:37] [Server thread/INFO]: [@: Object successfully summoned]
[20:21:37] [Server thread/INFO]: [@: Object successfully summoned]
[20:21:37] [Server thread/INFO]: [@: Object successfully summoned]
[20:21:37] [Server thread/INFO]: [@: Object successfully summoned]
[20:21:40] [Server thread/INFO]: [@: Object successfully summoned]
[20:21:40] [Server thread/INFO]: [@: Object successfully summoned]
[20:21:40] [Server thread/INFO]: [@: Object successfully summoned]
[20:21:40] [Server thread/INFO]: [@: Object successfully summoned]
[20:21:43] [Server thread/INFO]: [@: Object successfully summoned]
[20:21:43] [Server thread/INFO]: [@: Object successfully summoned]
[20:21:43] [Server thread/INFO]: [@: Object successfully summoned]
[20:21:43] [Server thread/INFO]: [@: Object successfully summoned]
[20:21:44] [Server thread/INFO]: Graef issued server command: /tell jerry_ full prot 4 diamond gear.
[20:21:45] [Server thread/INFO]: [@: Object successfully summoned]
[20:21:45] [Server thread/INFO]: [@: Object successfully summoned]
[20:21:45] [Server thread/INFO]: [@: Object successfully summoned]
[20:21:45] [Server thread/INFO]: [@: Object successfully summoned]
[20:21:47] [Server thread/INFO]: nude_dude issued server command: /tpa BEAN
[20:21:48] [Server thread/INFO]: [@: Object successfully summoned]
[20:21:48] [Server thread/INFO]: [@: Object successfully summoned]
[20:21:48] [Server thread/INFO]: [@: Object successfully summoned]
[20:21:48] [Server thread/INFO]: [@: Object successfully summoned]
[20:21:51] [Server thread/INFO]: [@: Object successfully summoned]
[20:21:51] [Server thread/INFO]: [@: Object successfully summoned]
[20:21:51] [Server thread/INFO]: [@: Object successfully summoned]
[20:21:51] [Server thread/INFO]: [@: Object successfully summoned]
[20:21:54] [Server thread/INFO]: [@: Object successfully summoned]
[20:21:54] [Server thread/INFO]: [@: Object successfully summoned]
[20:21:54] [Server thread/INFO]: [@: Object successfully summoned]
[20:21:54] [Server thread/INFO]: [@: Object successfully summoned]
[20:21:57] [Server thread/INFO]: [@: Object successfully summoned]
[20:21:57] [Server thread/INFO]: [@: Object successfully summoned]
[20:21:57] [Server thread/INFO]: [@: Object successfully summoned]
[20:21:57] [Server thread/INFO]: [@: Object successfully summoned]
[20:21:59] [Server thread/INFO]: [@: Object successfully summoned]
[20:21:59] [Server thread/INFO]: [@: Object successfully summoned]
[20:21:59] [Server thread/INFO]: [@: Object successfully summoned]
[20:21:59] [Server thread/INFO]: [@: Object successfully summoned]
[20:22:02] [Server thread/INFO]: [@: Object successfully summoned]
[20:22:02] [Server thread/INFO]: [@: Object successfully summoned]
[20:22:02] [Server thread/INFO]: [@: Object successfully summoned]
[20:22:02] [Server thread/INFO]: [@: Object successfully summoned]
[20:22:05] [Server thread/INFO]: [@: Object successfully summoned]
[20:22:05] [Server thread/INFO]: [@: Object successfully summoned]
[20:22:05] [Server thread/INFO]: [@: Object successfully summoned]
[20:22:05] [Server thread/INFO]: [@: Object successfully summoned]
[20:22:06] [Server thread/INFO]: Graef issued server command: /tell jerry_ i have a sharp 5 unbreaking 3 fire aspect 2 sword
[20:22:08] [Server thread/INFO]: [@: Object successfully summoned]
[20:22:08] [Server thread/INFO]: [@: Object successfully summoned]
[20:22:08] [Server thread/INFO]: [@: Object successfully summoned]
[20:22:08] [Server thread/INFO]: [@: Object successfully summoned]
[20:22:11] [Server thread/INFO]: [@: Object successfully summoned]
[20:22:11] [Server thread/INFO]: [@: Object successfully summoned]
[20:22:11] [Server thread/INFO]: [@: Object successfully summoned]
[20:22:11] [Server thread/INFO]: [@: Object successfully summoned]
[20:22:13] [Server thread/INFO]: [@: Object successfully summoned]
[20:22:13] [Server thread/INFO]: [@: Object successfully summoned]
[20:22:13] [Server thread/INFO]: [@: Object successfully summoned]
[20:22:13] [Server thread/INFO]: [@: Object successfully summoned]
[20:22:16] [Server thread/INFO]: [@: Object successfully summoned]
[20:22:16] [Server thread/INFO]: [@: Object successfully summoned]
[20:22:16] [Server thread/INFO]: [@: Object successfully summoned]
[20:22:16] [Server thread/INFO]: [@: Object successfully summoned]
[20:22:19] [Server thread/INFO]: [@: Object successfully summoned]
[20:22:19] [Server thread/INFO]: [@: Object successfully summoned]
[20:22:19] [Server thread/INFO]: [@: Object successfully summoned]
[20:22:19] [Server thread/INFO]: [@: Object successfully summoned]
[20:22:22] [Server thread/INFO]: nude_dude issued server command: /home spawn
[20:22:22] [Server thread/INFO]: [@: Object successfully summoned]
[20:22:22] [Server thread/INFO]: [@: Object successfully summoned]
[20:22:22] [Server thread/INFO]: [@: Object successfully summoned]
[20:22:22] [Server thread/INFO]: [@: Object successfully summoned]
[20:22:25] [Server thread/INFO]: [@: Object successfully summoned]
[20:22:25] [Server thread/INFO]: [@: Object successfully summoned]
[20:22:25] [Server thread/INFO]: [@: Object successfully summoned]
[20:22:25] [Server thread/INFO]: [@: Object successfully summoned]
[20:22:27] [Server thread/INFO]: [@: Object successfully summoned]
[20:22:27] [Server thread/INFO]: [@: Object successfully summoned]
[20:22:27] [Server thread/INFO]: [@: Object successfully summoned]
[20:22:27] [Server thread/INFO]: [@: Object successfully summoned]
[20:22:30] [Server thread/INFO]: [@: Object successfully summoned]
[20:22:30] [Server thread/INFO]: [@: Object successfully summoned]
[20:22:30] [Server thread/INFO]: [@: Object successfully summoned]
[20:22:30] [Server thread/INFO]: [@: Object successfully summoned]
[20:22:33] [Server thread/INFO]: [@: Object successfully summoned]
[20:22:33] [Server thread/INFO]: [@: Object successfully summoned]
[20:22:33] [Server thread/INFO]: [@: Object successfully summoned]
[20:22:33] [Server thread/INFO]: [@: Object successfully summoned]
[20:22:35] [Async Chat Thread - #4/INFO]: <jerry_> yeah im just gonna give you the main stuff :(. rodri can give the rest[m

[20:22:36] [Server thread/INFO]: [@: Object successfully summoned]
[20:22:36] [Server thread/INFO]: [@: Object successfully summoned]
[20:22:36] [Server thread/INFO]: [@: Object successfully summoned]
[20:22:36] [Server thread/INFO]: [@: Object successfully summoned]
[20:22:36] [Server thread/INFO]: kambro was slain by BEAN
[20:22:39] [Server thread/INFO]: [@: Object successfully summoned]
[20:22:39] [Server thread/INFO]: [@: Object successfully summoned]
[20:22:39] [Server thread/INFO]: [@: Object successfully summoned]
[20:22:39] [Server thread/INFO]: [@: Object successfully summoned]
[20:22:41] [Server thread/INFO]: [@: Object successfully summoned]
[20:22:41] [Server thread/INFO]: [@: Object successfully summoned]
[20:22:41] [Server thread/INFO]: [@: Object successfully summoned]
[20:22:41] [Server thread/INFO]: [@: Object successfully summoned]
[20:22:42] [Server thread/INFO]: kambro issued server command: /back
[20:22:44] [Server thread/INFO]: [@: Object successfully summoned]
[20:22:44] [Server thread/INFO]: [@: Object successfully summoned]
[20:22:44] [Server thread/INFO]: [@: Object successfully summoned]
[20:22:44] [Server thread/INFO]: [@: Object successfully summoned]
[20:22:46] [Async Chat Thread - #4/INFO]: <Graef> ight[m

[20:22:47] [Server thread/INFO]: [@: Object successfully summoned]
[20:22:47] [Server thread/INFO]: [@: Object successfully summoned]
[20:22:47] [Server thread/INFO]: [@: Object successfully summoned]
[20:22:47] [Server thread/INFO]: [@: Object successfully summoned]
[20:22:49] [Async Chat Thread - #4/INFO]: <jerry_> cuz i want to play survival[m

[20:22:50] [Server thread/INFO]: [@: Object successfully summoned]
[20:22:50] [Server thread/INFO]: [@: Object successfully summoned]
[20:22:50] [Server thread/INFO]: [@: Object successfully summoned]
[20:22:50] [Server thread/INFO]: [@: Object successfully summoned]
[20:22:53] [Server thread/INFO]: [@: Object successfully summoned]
[20:22:53] [Server thread/INFO]: [@: Object successfully summoned]
[20:22:53] [Server thread/INFO]: [@: Object successfully summoned]
[20:22:53] [Server thread/INFO]: [@: Object successfully summoned]
[20:22:55] [Async Chat Thread - #4/INFO]: <Graef> ight[m

[20:22:55] [Server thread/INFO]: [@: Object successfully summoned]
[20:22:55] [Server thread/INFO]: [@: Object successfully summoned]
[20:22:55] [Server thread/INFO]: [@: Object successfully summoned]
[20:22:55] [Server thread/INFO]: [@: Object successfully summoned]
[20:22:58] [Server thread/INFO]: jerry_ issued server command: /gamemode c
[20:22:58] [Server thread/INFO]: [jerry_: Set own game mode to Creative Mode]
[20:22:58] [Server thread/INFO]: [@: Object successfully summoned]
[20:22:58] [Server thread/INFO]: [@: Object successfully summoned]
[20:22:58] [Server thread/INFO]: [@: Object successfully summoned]
[20:22:58] [Server thread/INFO]: [@: Object successfully summoned]
[20:23:01] [Server thread/INFO]: [@: Object successfully summoned]
[20:23:01] [Server thread/INFO]: [@: Object successfully summoned]
[20:23:01] [Server thread/INFO]: [@: Object successfully summoned]
[20:23:01] [Server thread/INFO]: [@: Object successfully summoned]
[20:23:04] [Server thread/INFO]: [@: Object successfully summoned]
[20:23:04] [Server thread/INFO]: [@: Object successfully summoned]
[20:23:04] [Server thread/INFO]: [@: Object successfully summoned]
[20:23:04] [Server thread/INFO]: [@: Object successfully summoned]
[20:23:07] [Server thread/INFO]: [@: Object successfully summoned]
[20:23:07] [Server thread/INFO]: [@: Object successfully summoned]
[20:23:07] [Server thread/INFO]: [@: Object successfully summoned]
[20:23:07] [Server thread/INFO]: [@: Object successfully summoned]
[20:23:07] [Server thread/INFO]: kambro was shot by nude_dude
[20:23:08] [Async Chat Thread - #4/INFO]: <Graef> i also need to 'talk" to jack[m

[20:23:09] [Server thread/INFO]: [@: Object successfully summoned]
[20:23:09] [Server thread/INFO]: [@: Object successfully summoned]
[20:23:09] [Server thread/INFO]: [@: Object successfully summoned]
[20:23:09] [Server thread/INFO]: [@: Object successfully summoned]
[20:23:12] [Server thread/INFO]: [@: Object successfully summoned]
[20:23:12] [Server thread/INFO]: [@: Object successfully summoned]
[20:23:12] [Server thread/INFO]: [@: Object successfully summoned]
[20:23:12] [Server thread/INFO]: [@: Object successfully summoned]
[20:23:15] [Server thread/INFO]: [@: Object successfully summoned]
[20:23:15] [Server thread/INFO]: [@: Object successfully summoned]
[20:23:15] [Server thread/INFO]: [@: Object successfully summoned]
[20:23:15] [Server thread/INFO]: [@: Object successfully summoned]
[20:23:18] [Server thread/INFO]: [@: Object successfully summoned]
[20:23:18] [Server thread/INFO]: [@: Object successfully summoned]
[20:23:18] [Server thread/INFO]: [@: Object successfully summoned]
[20:23:18] [Server thread/INFO]: [@: Object successfully summoned]
[20:23:21] [Server thread/INFO]: [@: Object successfully summoned]
[20:23:21] [Server thread/INFO]: [@: Object successfully summoned]
[20:23:21] [Server thread/INFO]: [@: Object successfully summoned]
[20:23:21] [Server thread/INFO]: [@: Object successfully summoned]
[20:23:22] [Async Chat Thread - #4/INFO]: <jerry_> then talk[m

[20:23:23] [Server thread/INFO]: [@: Object successfully summoned]
[20:23:23] [Server thread/INFO]: [@: Object successfully summoned]
[20:23:23] [Server thread/INFO]: [@: Object successfully summoned]
[20:23:23] [Server thread/INFO]: [@: Object successfully summoned]
[20:23:25] [Async Chat Thread - #4/INFO]: <jerry_> duh[m

[20:23:26] [Server thread/INFO]: [@: Object successfully summoned]
[20:23:26] [Server thread/INFO]: [@: Object successfully summoned]
[20:23:26] [Server thread/INFO]: [@: Object successfully summoned]
[20:23:26] [Server thread/INFO]: [@: Object successfully summoned]
[20:23:29] [Server thread/INFO]: nude_dude lost connection: Disconnected
[20:23:29] [Server thread/INFO]: nude_dude left the game.
[20:23:29] [Server thread/INFO]: [@: Object successfully summoned]
[20:23:29] [Server thread/INFO]: [@: Object successfully summoned]
[20:23:29] [Server thread/INFO]: [@: Object successfully summoned]
[20:23:29] [Server thread/INFO]: [@: Object successfully summoned]
[20:23:32] [Server thread/WARN]: kambro moved wrongly!
[20:23:32] [Server thread/INFO]: [@: Object successfully summoned]
[20:23:32] [Server thread/INFO]: [@: Object successfully summoned]
[20:23:32] [Server thread/INFO]: [@: Object successfully summoned]
[20:23:32] [Server thread/INFO]: [@: Object successfully summoned]
[20:23:34] [Async Chat Thread - #4/INFO]: <jerry_> woww[m

[20:23:35] [Server thread/INFO]: [@: Object successfully summoned]
[20:23:35] [Server thread/INFO]: [@: Object successfully summoned]
[20:23:35] [Server thread/INFO]: [@: Object successfully summoned]
[20:23:35] [Server thread/INFO]: [@: Object successfully summoned]
[20:23:37] [Async Chat Thread - #4/INFO]: <Graef> yeah be scared you little bitch[m

[20:23:37] [Server thread/INFO]: [@: Object successfully summoned]
[20:23:37] [Server thread/INFO]: [@: Object successfully summoned]
[20:23:37] [Server thread/INFO]: [@: Object successfully summoned]
[20:23:37] [Server thread/INFO]: [@: Object successfully summoned]
[20:23:40] [Server thread/INFO]: [@: Object successfully summoned]
[20:23:40] [Server thread/INFO]: [@: Object successfully summoned]
[20:23:40] [Server thread/INFO]: [@: Object successfully summoned]
[20:23:40] [Server thread/INFO]: [@: Object successfully summoned]
[20:23:43] [Server thread/INFO]: [@: Object successfully summoned]
[20:23:43] [Server thread/INFO]: [@: Object successfully summoned]
[20:23:43] [Server thread/INFO]: [@: Object successfully summoned]
[20:23:43] [Server thread/INFO]: [@: Object successfully summoned]
[20:23:46] [Server thread/INFO]: [@: Object successfully summoned]
[20:23:46] [Server thread/INFO]: [@: Object successfully summoned]
[20:23:46] [Server thread/INFO]: [@: Object successfully summoned]
[20:23:46] [Server thread/INFO]: [@: Object successfully summoned]
[20:23:47] [Async Chat Thread - #4/INFO]: <Graef> i comming for my stuff[m

[20:23:49] [Server thread/INFO]: [@: Object successfully summoned]
[20:23:49] [Server thread/INFO]: [@: Object successfully summoned]
[20:23:49] [Server thread/INFO]: [@: Object successfully summoned]
[20:23:49] [Server thread/INFO]: [@: Object successfully summoned]
[20:23:51] [Server thread/INFO]: [@: Object successfully summoned]
[20:23:51] [Server thread/INFO]: [@: Object successfully summoned]
[20:23:51] [Server thread/INFO]: [@: Object successfully summoned]
[20:23:51] [Server thread/INFO]: [@: Object successfully summoned]
[20:23:53] [Async Chat Thread - #4/INFO]: <Graef> im getting it back[m

[20:23:54] [Server thread/INFO]: [@: Object successfully summoned]
[20:23:54] [Server thread/INFO]: [@: Object successfully summoned]
[20:23:54] [Server thread/INFO]: [@: Object successfully summoned]
[20:23:54] [Server thread/INFO]: [@: Object successfully summoned]
[20:23:57] [Server thread/INFO]: [@: Object successfully summoned]
[20:23:57] [Server thread/INFO]: [@: Object successfully summoned]
[20:23:57] [Server thread/INFO]: [@: Object successfully summoned]
[20:23:57] [Server thread/INFO]: [@: Object successfully summoned]
[20:24:00] [Server thread/INFO]: [@: Object successfully summoned]
[20:24:00] [Server thread/INFO]: [@: Object successfully summoned]
[20:24:00] [Server thread/INFO]: [@: Object successfully summoned]
[20:24:00] [Server thread/INFO]: [@: Object successfully summoned]
[20:24:03] [Server thread/INFO]: [@: Object successfully summoned]
[20:24:03] [Server thread/INFO]: [@: Object successfully summoned]
[20:24:03] [Server thread/INFO]: [@: Object successfully summoned]
[20:24:03] [Server thread/INFO]: [@: Object successfully summoned]
[20:24:05] [Server thread/INFO]: [@: Object successfully summoned]
[20:24:05] [Server thread/INFO]: [@: Object successfully summoned]
[20:24:05] [Server thread/INFO]: [@: Object successfully summoned]
[20:24:05] [Server thread/INFO]: [@: Object successfully summoned]
[20:24:08] [Async Chat Thread - #4/INFO]: <jerry_> there[m

[20:24:08] [Server thread/INFO]: [@: Object successfully summoned]
[20:24:08] [Server thread/INFO]: [@: Object successfully summoned]
[20:24:08] [Server thread/INFO]: [@: Object successfully summoned]
[20:24:08] [Server thread/INFO]: [@: Object successfully summoned]
[20:24:10] [Server thread/INFO]: kambro issued server command: /back
[20:24:11] [Server thread/INFO]: [@: Object successfully summoned]
[20:24:11] [Server thread/INFO]: [@: Object successfully summoned]
[20:24:11] [Server thread/INFO]: [@: Object successfully summoned]
[20:24:11] [Server thread/INFO]: [@: Object successfully summoned]
[20:24:13] [Async Chat Thread - #4/INFO]: <Graef> thanks[m

[20:24:14] [Server thread/INFO]: [@: Object successfully summoned]
[20:24:14] [Server thread/INFO]: [@: Object successfully summoned]
[20:24:14] [Server thread/INFO]: [@: Object successfully summoned]
[20:24:14] [Server thread/INFO]: [@: Object successfully summoned]
[20:24:17] [Server thread/INFO]: [@: Object successfully summoned]
[20:24:17] [Server thread/INFO]: [@: Object successfully summoned]
[20:24:17] [Server thread/INFO]: [@: Object successfully summoned]
[20:24:17] [Server thread/INFO]: [@: Object successfully summoned]
[20:24:19] [Server thread/INFO]: [@: Object successfully summoned]
[20:24:19] [Server thread/INFO]: [@: Object successfully summoned]
[20:24:19] [Server thread/INFO]: [@: Object successfully summoned]
[20:24:19] [Server thread/INFO]: [@: Object successfully summoned]
[20:24:22] [Server thread/INFO]: [@: Object successfully summoned]
[20:24:22] [Server thread/INFO]: [@: Object successfully summoned]
[20:24:22] [Server thread/INFO]: [@: Object successfully summoned]
[20:24:22] [Server thread/INFO]: [@: Object successfully summoned]
[20:24:22] [Server thread/INFO]: BEAN issued server command: /home bean
[20:24:24] [Async Chat Thread - #4/INFO]: <jerry_> not even i have that yet. i suck at survival. and its easy[m

[20:24:25] [Server thread/INFO]: [@: Object successfully summoned]
[20:24:25] [Server thread/INFO]: [@: Object successfully summoned]
[20:24:25] [Server thread/INFO]: [@: Object successfully summoned]
[20:24:25] [Server thread/INFO]: [@: Object successfully summoned]
[20:24:28] [Server thread/INFO]: [@: Object successfully summoned]
[20:24:28] [Server thread/INFO]: [@: Object successfully summoned]
[20:24:28] [Server thread/INFO]: [@: Object successfully summoned]
[20:24:28] [Server thread/INFO]: [@: Object successfully summoned]
[20:24:31] [Server thread/INFO]: [@: Object successfully summoned]
[20:24:31] [Server thread/INFO]: [@: Object successfully summoned]
[20:24:31] [Server thread/INFO]: [@: Object successfully summoned]
[20:24:31] [Server thread/INFO]: [@: Object successfully summoned]
[20:24:32] [Server thread/INFO]: jerry_ issued server command: /gamemode spectator
[20:24:32] [Server thread/INFO]: [jerry_: Set own game mode to Spectator Mode]
[20:24:33] [Server thread/INFO]: [@: Object successfully summoned]
[20:24:33] [Server thread/INFO]: [@: Object successfully summoned]
[20:24:33] [Server thread/INFO]: [@: Object successfully summoned]
[20:24:33] [Server thread/INFO]: [@: Object successfully summoned]
[20:24:36] [Server thread/INFO]: [@: Object successfully summoned]
[20:24:36] [Server thread/INFO]: [@: Object successfully summoned]
[20:24:36] [Server thread/INFO]: [@: Object successfully summoned]
[20:24:36] [Server thread/INFO]: [@: Object successfully summoned]
[20:24:39] [Server thread/INFO]: [@: Object successfully summoned]
[20:24:39] [Server thread/INFO]: [@: Object successfully summoned]
[20:24:39] [Server thread/INFO]: [@: Object successfully summoned]
[20:24:39] [Server thread/INFO]: [@: Object successfully summoned]
[20:24:40] [Async Chat Thread - #4/INFO]: <jerry_> imma go spy on people[m

[20:24:42] [Server thread/INFO]: [@: Object successfully summoned]
[20:24:42] [Server thread/INFO]: [@: Object successfully summoned]
[20:24:42] [Server thread/INFO]: [@: Object successfully summoned]
[20:24:42] [Server thread/INFO]: [@: Object successfully summoned]
[20:24:44] [Server thread/INFO]: [@: Object successfully summoned]
[20:24:44] [Server thread/INFO]: [@: Object successfully summoned]
[20:24:44] [Server thread/INFO]: [@: Object successfully summoned]
[20:24:44] [Server thread/INFO]: [@: Object successfully summoned]
[20:24:47] [Server thread/INFO]: [@: Object successfully summoned]
[20:24:47] [Server thread/INFO]: [@: Object successfully summoned]
[20:24:47] [Server thread/INFO]: [@: Object successfully summoned]
[20:24:47] [Server thread/INFO]: [@: Object successfully summoned]
[20:24:50] [Server thread/INFO]: [@: Object successfully summoned]
[20:24:50] [Server thread/INFO]: [@: Object successfully summoned]
[20:24:50] [Server thread/INFO]: [@: Object successfully summoned]
[20:24:50] [Server thread/INFO]: [@: Object successfully summoned]
[20:24:53] [Server thread/INFO]: [@: Object successfully summoned]
[20:24:53] [Server thread/INFO]: [@: Object successfully summoned]
[20:24:53] [Server thread/INFO]: [@: Object successfully summoned]
[20:24:53] [Server thread/INFO]: [@: Object successfully summoned]
[20:24:56] [Server thread/INFO]: [@: Object successfully summoned]
[20:24:56] [Server thread/INFO]: [@: Object successfully summoned]
[20:24:56] [Server thread/INFO]: [@: Object successfully summoned]
[20:24:56] [Server thread/INFO]: [@: Object successfully summoned]
[20:24:59] [Server thread/INFO]: [@: Object successfully summoned]
[20:24:59] [Server thread/INFO]: [@: Object successfully summoned]
[20:24:59] [Server thread/INFO]: [@: Object successfully summoned]
[20:24:59] [Server thread/INFO]: [@: Object successfully summoned]
[20:25:01] [Server thread/INFO]: [@: Object successfully summoned]
[20:25:01] [Server thread/INFO]: [@: Object successfully summoned]
[20:25:01] [Server thread/INFO]: [@: Object successfully summoned]
[20:25:01] [Server thread/INFO]: [@: Object successfully summoned]
[20:25:04] [Server thread/INFO]: [@: Object successfully summoned]
[20:25:04] [Server thread/INFO]: [@: Object successfully summoned]
[20:25:04] [Server thread/INFO]: [@: Object successfully summoned]
[20:25:04] [Server thread/INFO]: [@: Object successfully summoned]
[20:25:07] [Server thread/INFO]: [@: Object successfully summoned]
[20:25:07] [Server thread/INFO]: [@: Object successfully summoned]
[20:25:07] [Server thread/INFO]: [@: Object successfully summoned]
[20:25:07] [Server thread/INFO]: [@: Object successfully summoned]
[20:25:10] [Server thread/INFO]: [@: Object successfully summoned]
[20:25:10] [Server thread/INFO]: [@: Object successfully summoned]
[20:25:10] [Server thread/INFO]: [@: Object successfully summoned]
[20:25:10] [Server thread/INFO]: [@: Object successfully summoned]
[20:25:13] [Server thread/INFO]: [@: Object successfully summoned]
[20:25:13] [Server thread/INFO]: [@: Object successfully summoned]
[20:25:13] [Server thread/INFO]: [@: Object successfully summoned]
[20:25:13] [Server thread/INFO]: [@: Object successfully summoned]
[20:25:15] [Server thread/INFO]: [@: Object successfully summoned]
[20:25:15] [Server thread/INFO]: [@: Object successfully summoned]
[20:25:15] [Server thread/INFO]: [@: Object successfully summoned]
[20:25:15] [Server thread/INFO]: [@: Object successfully summoned]
[20:25:18] [Server thread/INFO]: [@: Object successfully summoned]
[20:25:18] [Server thread/INFO]: [@: Object successfully summoned]
[20:25:18] [Server thread/INFO]: [@: Object successfully summoned]
[20:25:18] [Server thread/INFO]: [@: Object successfully summoned]
[20:25:21] [Server thread/INFO]: [@: Object successfully summoned]
[20:25:21] [Server thread/INFO]: [@: Object successfully summoned]
[20:25:21] [Server thread/INFO]: [@: Object successfully summoned]
[20:25:21] [Server thread/INFO]: [@: Object successfully summoned]
[20:25:24] [Server thread/INFO]: [@: Object successfully summoned]
[20:25:24] [Server thread/INFO]: [@: Object successfully summoned]
[20:25:24] [Server thread/INFO]: [@: Object successfully summoned]
[20:25:24] [Server thread/INFO]: [@: Object successfully summoned]
[20:25:27] [Server thread/INFO]: [@: Object successfully summoned]
[20:25:27] [Server thread/INFO]: [@: Object successfully summoned]
[20:25:27] [Server thread/INFO]: [@: Object successfully summoned]
[20:25:27] [Server thread/INFO]: [@: Object successfully summoned]
[20:25:27] [Async Chat Thread - #4/INFO]: <jerry_> damn im lagging like hell[m

[20:25:29] [Server thread/INFO]: [@: Object successfully summoned]
[20:25:29] [Server thread/INFO]: [@: Object successfully summoned]
[20:25:29] [Server thread/INFO]: [@: Object successfully summoned]
[20:25:29] [Server thread/INFO]: [@: Object successfully summoned]
[20:25:31] [Server thread/INFO]: kambro lost connection: Disconnected
[20:25:31] [Server thread/INFO]: kambro left the game.
[20:25:32] [Server thread/INFO]: [@: Object successfully summoned]
[20:25:32] [Server thread/INFO]: [@: Object successfully summoned]
[20:25:32] [Server thread/INFO]: [@: Object successfully summoned]
[20:25:32] [Server thread/INFO]: [@: Object successfully summoned]
[20:25:35] [Server thread/INFO]: [@: Object successfully summoned]
[20:25:35] [Server thread/INFO]: [@: Object successfully summoned]
[20:25:35] [Server thread/INFO]: [@: Object successfully summoned]
[20:25:35] [Server thread/INFO]: [@: Object successfully summoned]
[20:25:38] [Server thread/INFO]: [@: Object successfully summoned]
[20:25:38] [Server thread/INFO]: [@: Object successfully summoned]
[20:25:38] [Server thread/INFO]: [@: Object successfully summoned]
[20:25:38] [Server thread/INFO]: [@: Object successfully summoned]
[20:25:41] [Server thread/INFO]: [@: Object successfully summoned]
[20:25:41] [Server thread/INFO]: [@: Object successfully summoned]
[20:25:41] [Server thread/INFO]: [@: Object successfully summoned]
[20:25:41] [Server thread/INFO]: [@: Object successfully summoned]
[20:25:43] [Server thread/INFO]: [@: Object successfully summoned]
[20:25:43] [Server thread/INFO]: [@: Object successfully summoned]
[20:25:43] [Server thread/INFO]: [@: Object successfully summoned]
[20:25:43] [Server thread/INFO]: [@: Object successfully summoned]
[20:25:46] [Server thread/INFO]: [@: Object successfully summoned]
[20:25:46] [Server thread/INFO]: [@: Object successfully summoned]
[20:25:46] [Server thread/INFO]: [@: Object successfully summoned]
[20:25:46] [Server thread/INFO]: [@: Object successfully summoned]
[20:25:49] [Server thread/INFO]: [@: Object successfully summoned]
[20:25:49] [Server thread/INFO]: [@: Object successfully summoned]
[20:25:49] [Server thread/INFO]: [@: Object successfully summoned]
[20:25:49] [Server thread/INFO]: [@: Object successfully summoned]
[20:25:52] [Server thread/INFO]: [@: Object successfully summoned]
[20:25:52] [Server thread/INFO]: [@: Object successfully summoned]
[20:25:52] [Server thread/INFO]: [@: Object successfully summoned]
[20:25:52] [Server thread/INFO]: [@: Object successfully summoned]
[20:25:55] [Server thread/INFO]: [@: Object successfully summoned]
[20:25:55] [Server thread/INFO]: [@: Object successfully summoned]
[20:25:55] [Server thread/INFO]: [@: Object successfully summoned]
[20:25:55] [Server thread/INFO]: [@: Object successfully summoned]
[20:25:57] [Server thread/INFO]: jerry_ issued server command: /gamemode c
[20:25:57] [Server thread/INFO]: [jerry_: Set own game mode to Creative Mode]
[20:25:57] [Server thread/INFO]: [@: Object successfully summoned]
[20:25:57] [Server thread/INFO]: [@: Object successfully summoned]
[20:25:57] [Server thread/INFO]: [@: Object successfully summoned]
[20:25:57] [Server thread/INFO]: [@: Object successfully summoned]
[20:26:00] [Server thread/INFO]: [@: Object successfully summoned]
[20:26:00] [Server thread/INFO]: [@: Object successfully summoned]
[20:26:00] [Server thread/INFO]: [@: Object successfully summoned]
[20:26:00] [Server thread/INFO]: [@: Object successfully summoned]
[20:26:03] [Server thread/INFO]: [@: Object successfully summoned]
[20:26:03] [Server thread/INFO]: [@: Object successfully summoned]
[20:26:03] [Server thread/INFO]: [@: Object successfully summoned]
[20:26:03] [Server thread/INFO]: [@: Object successfully summoned]
[20:26:06] [Server thread/INFO]: [@: Object successfully summoned]
[20:26:06] [Server thread/INFO]: [@: Object successfully summoned]
[20:26:06] [Server thread/INFO]: [@: Object successfully summoned]
[20:26:06] [Server thread/INFO]: [@: Object successfully summoned]
[20:26:08] [Server thread/INFO]: [@: Object successfully summoned]
[20:26:09] [Server thread/INFO]: [@: Object successfully summoned]
[20:26:09] [Server thread/INFO]: [@: Object successfully summoned]
[20:26:09] [Server thread/INFO]: [@: Object successfully summoned]
[20:26:11] [Server thread/INFO]: [@: Object successfully summoned]
[20:26:11] [Server thread/INFO]: [@: Object successfully summoned]
[20:26:11] [Server thread/INFO]: [@: Object successfully summoned]
[20:26:11] [Server thread/INFO]: [@: Object successfully summoned]
[20:26:14] [Server thread/INFO]: [@: Object successfully summoned]
[20:26:14] [Server thread/INFO]: [@: Object successfully summoned]
[20:26:14] [Server thread/INFO]: [@: Object successfully summoned]
[20:26:14] [Server thread/INFO]: [@: Object successfully summoned]
[20:26:16] [Server thread/INFO]: jerry_ issued server command: /effect jerry_ invisibility 100000 100000
[20:26:16] [Server thread/INFO]: [jerry_: The number you have entered (100000) is too big, it must be at most 255]
[20:26:17] [Server thread/INFO]: [@: Object successfully summoned]
[20:26:17] [Server thread/INFO]: [@: Object successfully summoned]
[20:26:17] [Server thread/INFO]: [@: Object successfully summoned]
[20:26:17] [Server thread/INFO]: [@: Object successfully summoned]
[20:26:20] [Server thread/INFO]: [@: Object successfully summoned]
[20:26:20] [Server thread/INFO]: [@: Object successfully summoned]
[20:26:20] [Server thread/INFO]: [@: Object successfully summoned]
[20:26:20] [Server thread/INFO]: [@: Object successfully summoned]
[20:26:23] [Server thread/INFO]: [@: Object successfully summoned]
[20:26:23] [Server thread/INFO]: [@: Object successfully summoned]
[20:26:23] [Server thread/INFO]: [@: Object successfully summoned]
[20:26:23] [Server thread/INFO]: [@: Object successfully summoned]
[20:26:25] [Server thread/INFO]: [@: Object successfully summoned]
[20:26:25] [Server thread/INFO]: [@: Object successfully summoned]
[20:26:25] [Server thread/INFO]: [@: Object successfully summoned]
[20:26:25] [Server thread/INFO]: [@: Object successfully summoned]
[20:26:27] [Thread-17/INFO]: UUID of player nude_dude is 14404042-e794-326b-ae99-7e077748fd4e
[20:26:27] [Server thread/INFO]: nude_dude[/[0:0:0:0:0:0:0:1]:40248] logged in with entity id 8282 at ([world]-161.04973815342555, 74.0, -491.3579810591526)
[20:26:28] [Server thread/INFO]: [@: Object successfully summoned]
[20:26:28] [Server thread/INFO]: [@: Object successfully summoned]
[20:26:28] [Server thread/INFO]: [@: Object successfully summoned]
[20:26:28] [Server thread/INFO]: [@: Object successfully summoned]
[20:26:30] [Server thread/INFO]: Graef issued server command: /home fortress
[20:26:31] [Server thread/INFO]: [@: Object successfully summoned]
[20:26:31] [Server thread/INFO]: [@: Object successfully summoned]
[20:26:31] [Server thread/INFO]: [@: Object successfully summoned]
[20:26:31] [Server thread/INFO]: [@: Object successfully summoned]
[20:26:34] [Server thread/INFO]: [@: Object successfully summoned]
[20:26:34] [Server thread/INFO]: [@: Object successfully summoned]
[20:26:34] [Server thread/INFO]: [@: Object successfully summoned]
[20:26:34] [Server thread/INFO]: [@: Object successfully summoned]
[20:26:37] [Server thread/INFO]: [@: Object successfully summoned]
[20:26:37] [Server thread/INFO]: [@: Object successfully summoned]
[20:26:37] [Server thread/INFO]: [@: Object successfully summoned]
[20:26:37] [Server thread/INFO]: [@: Object successfully summoned]
[20:26:38] [Server thread/INFO]: jerry_ issued server command: /effect jerry_
[20:26:39] [Server thread/INFO]: [@: Object successfully summoned]
[20:26:39] [Server thread/INFO]: [@: Object successfully summoned]
[20:26:39] [Server thread/INFO]: [@: Object successfully summoned]
[20:26:39] [Server thread/INFO]: [@: Object successfully summoned]
[20:26:40] [Server thread/INFO]: jerry_ issued server command: /effect jerry_ invisibility 100000 100000
[20:26:40] [Server thread/INFO]: [jerry_: The number you have entered (100000) is too big, it must be at most 255]
[20:26:42] [Server thread/INFO]: [@: Object successfully summoned]
[20:26:42] [Server thread/INFO]: [@: Object successfully summoned]
[20:26:42] [Server thread/INFO]: [@: Object successfully summoned]
[20:26:42] [Server thread/INFO]: [@: Object successfully summoned]
[20:26:45] [Server thread/INFO]: [@: Object successfully summoned]
[20:26:45] [Server thread/INFO]: [@: Object successfully summoned]
[20:26:45] [Server thread/INFO]: [@: Object successfully summoned]
[20:26:45] [Server thread/INFO]: [@: Object successfully summoned]
[20:26:48] [Server thread/INFO]: [@: Object successfully summoned]
[20:26:48] [Server thread/INFO]: [@: Object successfully summoned]
[20:26:48] [Server thread/INFO]: [@: Object successfully summoned]
[20:26:48] [Server thread/INFO]: [@: Object successfully summoned]
[20:26:51] [Server thread/INFO]: [@: Object successfully summoned]
[20:26:51] [Server thread/INFO]: [@: Object successfully summoned]
[20:26:51] [Server thread/INFO]: [@: Object successfully summoned]
[20:26:51] [Server thread/INFO]: [@: Object successfully summoned]
[20:26:53] [Server thread/INFO]: [@: Object successfully summoned]
[20:26:53] [Server thread/INFO]: [@: Object successfully summoned]
[20:26:53] [Server thread/INFO]: [@: Object successfully summoned]
[20:26:53] [Server thread/INFO]: [@: Object successfully summoned]
[20:26:56] [Server thread/INFO]: [@: Object successfully summoned]
[20:26:56] [Server thread/INFO]: [@: Object successfully summoned]
[20:26:56] [Server thread/INFO]: [@: Object successfully summoned]
[20:26:56] [Server thread/INFO]: [@: Object successfully summoned]
[20:26:59] [Server thread/INFO]: [@: Object successfully summoned]
[20:26:59] [Server thread/INFO]: [@: Object successfully summoned]
[20:26:59] [Server thread/INFO]: [@: Object successfully summoned]
[20:26:59] [Server thread/INFO]: [@: Object successfully summoned]
[20:26:59] [Server thread/INFO]: jerry_ issued server command: /effect jerry_ invisibility
[20:26:59] [Server thread/INFO]: [jerry_: Given Invisibility (ID 14) * 0 to jerry_ for 30 seconds]
[20:27:02] [Server thread/INFO]: [@: Object successfully summoned]
[20:27:02] [Server thread/INFO]: [@: Object successfully summoned]
[20:27:02] [Server thread/INFO]: [@: Object successfully summoned]
[20:27:02] [Server thread/INFO]: [@: Object successfully summoned]
[20:27:04] [Server thread/INFO]: jerry_ issued server command: /effect jerry_ invisibility 1000
[20:27:04] [Server thread/INFO]: [jerry_: Given Invisibility (ID 14) * 0 to jerry_ for 1000 seconds]
[20:27:05] [Server thread/INFO]: [@: Object successfully summoned]
[20:27:05] [Server thread/INFO]: [@: Object successfully summoned]
[20:27:05] [Server thread/INFO]: [@: Object successfully summoned]
[20:27:05] [Server thread/INFO]: [@: Object successfully summoned]
[20:27:07] [Server thread/INFO]: [@: Object successfully summoned]
[20:27:07] [Server thread/INFO]: [@: Object successfully summoned]
[20:27:07] [Server thread/INFO]: [@: Object successfully summoned]
[20:27:07] [Server thread/INFO]: [@: Object successfully summoned]
[20:27:10] [Server thread/INFO]: [@: Object successfully summoned]
[20:27:10] [Server thread/INFO]: [@: Object successfully summoned]
[20:27:10] [Server thread/INFO]: [@: Object successfully summoned]
[20:27:10] [Server thread/INFO]: [@: Object successfully summoned]
[20:27:11] [Server thread/INFO]: jerry_ issued server command: /effect jerry_ invisibility 10000 100
[20:27:11] [Server thread/INFO]: [jerry_: Given Invisibility (ID 14) * 100 to jerry_ for 10000 seconds]
[20:27:13] [Server thread/INFO]: [@: Object successfully summoned]
[20:27:13] [Server thread/INFO]: [@: Object successfully summoned]
[20:27:13] [Server thread/INFO]: [@: Object successfully summoned]
[20:27:13] [Server thread/INFO]: [@: Object successfully summoned]
[20:27:16] [Server thread/INFO]: jerry_ issued server command: /effect jerry_ invisibility 10000 100000
[20:27:16] [Server thread/INFO]: [jerry_: The number you have entered (100000) is too big, it must be at most 255]
[20:27:16] [Server thread/INFO]: [@: Object successfully summoned]
[20:27:16] [Server thread/INFO]: [@: Object successfully summoned]
[20:27:16] [Server thread/INFO]: [@: Object successfully summoned]
[20:27:16] [Server thread/INFO]: [@: Object successfully summoned]
[20:27:19] [Server thread/INFO]: [@: Object successfully summoned]
[20:27:19] [Server thread/INFO]: [@: Object successfully summoned]
[20:27:19] [Server thread/INFO]: [@: Object successfully summoned]
[20:27:19] [Server thread/INFO]: [@: Object successfully summoned]
[20:27:20] [Server thread/INFO]: jerry_ issued server command: /effect jerry_ invisibility 10000 1000
[20:27:20] [Server thread/INFO]: [jerry_: The number you have entered (1000) is too big, it must be at most 255]
[20:27:21] [Server thread/INFO]: [@: Object successfully summoned]
[20:27:21] [Server thread/INFO]: [@: Object successfully summoned]
[20:27:21] [Server thread/INFO]: [@: Object successfully summoned]
[20:27:21] [Server thread/INFO]: [@: Object successfully summoned]
[20:27:24] [Server thread/INFO]: [@: Object successfully summoned]
[20:27:24] [Server thread/INFO]: [@: Object successfully summoned]
[20:27:24] [Server thread/INFO]: [@: Object successfully summoned]
[20:27:24] [Server thread/INFO]: [@: Object successfully summoned]
[20:27:25] [Server thread/INFO]: Graef issued server command: /home rodrigo
[20:27:27] [Server thread/INFO]: jerry_ issued server command: /effect jerry_ invisibility 1000000 100
[20:27:27] [Server thread/INFO]: [jerry_: Given Invisibility (ID 14) * 100 to jerry_ for 1000000 seconds]
[20:27:27] [Server thread/INFO]: [@: Object successfully summoned]
[20:27:27] [Server thread/INFO]: [@: Object successfully summoned]
[20:27:27] [Server thread/INFO]: [@: Object successfully summoned]
[20:27:27] [Server thread/INFO]: [@: Object successfully summoned]
[20:27:30] [Server thread/INFO]: [@: Object successfully summoned]
[20:27:30] [Server thread/INFO]: [@: Object successfully summoned]
[20:27:30] [Server thread/INFO]: [@: Object successfully summoned]
[20:27:30] [Server thread/INFO]: [@: Object successfully summoned]
[20:27:33] [Server thread/INFO]: [@: Object successfully summoned]
[20:27:33] [Server thread/INFO]: [@: Object successfully summoned]
[20:27:33] [Server thread/INFO]: [@: Object successfully summoned]
[20:27:33] [Server thread/INFO]: [@: Object successfully summoned]
[20:27:35] [Server thread/INFO]: [@: Object successfully summoned]
[20:27:35] [Server thread/INFO]: [@: Object successfully summoned]
[20:27:35] [Server thread/INFO]: [@: Object successfully summoned]
[20:27:35] [Server thread/INFO]: [@: Object successfully summoned]
[20:27:36] [Server thread/INFO]: Graef issued server command: /home fortress
[20:27:38] [Server thread/INFO]: [@: Object successfully summoned]
[20:27:38] [Server thread/INFO]: [@: Object successfully summoned]
[20:27:38] [Server thread/INFO]: [@: Object successfully summoned]
[20:27:38] [Server thread/INFO]: [@: Object successfully summoned]
[20:27:41] [Server thread/INFO]: [@: Object successfully summoned]
[20:27:41] [Server thread/INFO]: [@: Object successfully summoned]
[20:27:41] [Server thread/INFO]: [@: Object successfully summoned]
[20:27:41] [Server thread/INFO]: [@: Object successfully summoned]
[20:27:44] [Server thread/INFO]: [@: Object successfully summoned]
[20:27:44] [Server thread/INFO]: [@: Object successfully summoned]
[20:27:44] [Server thread/INFO]: [@: Object successfully summoned]
[20:27:44] [Server thread/INFO]: [@: Object successfully summoned]
[20:27:46] [Server thread/WARN]: Graef moved too quickly! -3.8495578075390995,-1.2491870787446828,11.427132896607077 (-3.8495578075390995, -1.2491870787446828, 11.427132896607077)
[20:27:47] [Server thread/INFO]: [@: Object successfully summoned]
[20:27:47] [Server thread/INFO]: [@: Object successfully summoned]
[20:27:47] [Server thread/INFO]: [@: Object successfully summoned]
[20:27:47] [Server thread/INFO]: [@: Object successfully summoned]
[20:27:47] [Server thread/INFO]: jerry_ issued server command: /gamemode spectator
[20:27:47] [Server thread/INFO]: [jerry_: Set own game mode to Spectator Mode]
[20:27:49] [Server thread/INFO]: [@: Object successfully summoned]
[20:27:49] [Server thread/INFO]: [@: Object successfully summoned]
[20:27:49] [Server thread/INFO]: [@: Object successfully summoned]
[20:27:49] [Server thread/INFO]: [@: Object successfully summoned]
[20:27:52] [Server thread/INFO]: [@: Object successfully summoned]
[20:27:52] [Server thread/INFO]: [@: Object successfully summoned]
[20:27:52] [Server thread/INFO]: [@: Object successfully summoned]
[20:27:52] [Server thread/INFO]: [@: Object successfully summoned]
[20:27:54] [Server thread/INFO]: Graef issued server command: /home rodrigo
[20:27:55] [Server thread/INFO]: [@: Object successfully summoned]
[20:27:55] [Server thread/INFO]: [@: Object successfully summoned]
[20:27:55] [Server thread/INFO]: [@: Object successfully summoned]
[20:27:55] [Server thread/INFO]: [@: Object successfully summoned]
[20:27:58] [Server thread/INFO]: [@: Object successfully summoned]
[20:27:58] [Server thread/INFO]: [@: Object successfully summoned]
[20:27:58] [Server thread/INFO]: [@: Object successfully summoned]
[20:27:58] [Server thread/INFO]: [@: Object successfully summoned]
[20:27:59] [Server thread/INFO]: jerry_ issued server command: /gamemode c
[20:27:59] [Server thread/INFO]: [jerry_: Set own game mode to Creative Mode]
[20:28:01] [Server thread/INFO]: [@: Object successfully summoned]
[20:28:01] [Server thread/INFO]: [@: Object successfully summoned]
[20:28:01] [Server thread/INFO]: [@: Object successfully summoned]
[20:28:01] [Server thread/INFO]: [@: Object successfully summoned]
[20:28:01] [Server thread/INFO]: lamm issued server command: /home neth
[20:28:03] [Server thread/INFO]: [@: Object successfully summoned]
[20:28:03] [Server thread/INFO]: [@: Object successfully summoned]
[20:28:03] [Server thread/INFO]: [@: Object successfully summoned]
[20:28:03] [Server thread/INFO]: [@: Object successfully summoned]
[20:28:06] [Server thread/INFO]: [@: Object successfully summoned]
[20:28:06] [Server thread/INFO]: [@: Object successfully summoned]
[20:28:06] [Server thread/INFO]: [@: Object successfully summoned]
[20:28:06] [Server thread/INFO]: [@: Object successfully summoned]
[20:28:09] [Server thread/INFO]: [@: Object successfully summoned]
[20:28:09] [Server thread/INFO]: [@: Object successfully summoned]
[20:28:09] [Server thread/INFO]: [@: Object successfully summoned]
[20:28:09] [Server thread/INFO]: [@: Object successfully summoned]
[20:28:12] [Server thread/INFO]: [@: Object successfully summoned]
[20:28:12] [Server thread/INFO]: [@: Object successfully summoned]
[20:28:12] [Server thread/INFO]: [@: Object successfully summoned]
[20:28:12] [Server thread/INFO]: [@: Object successfully summoned]
[20:28:15] [Server thread/INFO]: [@: Object successfully summoned]
[20:28:15] [Server thread/INFO]: [@: Object successfully summoned]
[20:28:15] [Server thread/INFO]: [@: Object successfully summoned]
[20:28:15] [Server thread/INFO]: [@: Object successfully summoned]
[20:28:17] [Server thread/INFO]: [@: Object successfully summoned]
[20:28:17] [Server thread/INFO]: [@: Object successfully summoned]
[20:28:17] [Server thread/INFO]: [@: Object successfully summoned]
[20:28:17] [Server thread/INFO]: [@: Object successfully summoned]
[20:28:20] [Server thread/INFO]: [@: Object successfully summoned]
[20:28:20] [Server thread/INFO]: [@: Object successfully summoned]
[20:28:20] [Server thread/INFO]: [@: Object successfully summoned]
[20:28:20] [Server thread/INFO]: [@: Object successfully summoned]
[20:28:23] [Server thread/INFO]: [@: Object successfully summoned]
[20:28:23] [Server thread/INFO]: [@: Object successfully summoned]
[20:28:23] [Server thread/INFO]: [@: Object successfully summoned]
[20:28:23] [Server thread/INFO]: [@: Object successfully summoned]
[20:28:26] [Server thread/INFO]: [@: Object successfully summoned]
[20:28:26] [Server thread/INFO]: [@: Object successfully summoned]
[20:28:26] [Server thread/INFO]: [@: Object successfully summoned]
[20:28:26] [Server thread/INFO]: [@: Object successfully summoned]
[20:28:26] [Server thread/INFO]: jerry_ issued server command: /gamemode 3
[20:28:26] [Server thread/INFO]: [jerry_: Set own game mode to Spectator Mode]
[20:28:29] [Server thread/INFO]: [@: Object successfully summoned]
[20:28:29] [Server thread/INFO]: [@: Object successfully summoned]
[20:28:29] [Server thread/INFO]: [@: Object successfully summoned]
[20:28:29] [Server thread/INFO]: [@: Object successfully summoned]
[20:28:31] [Server thread/INFO]: [@: Object successfully summoned]
[20:28:31] [Server thread/INFO]: [@: Object successfully summoned]
[20:28:31] [Server thread/INFO]: [@: Object successfully summoned]
[20:28:31] [Server thread/INFO]: [@: Object successfully summoned]
[20:28:34] [Server thread/INFO]: [@: Object successfully summoned]
[20:28:34] [Server thread/INFO]: [@: Object successfully summoned]
[20:28:34] [Server thread/INFO]: [@: Object successfully summoned]
[20:28:34] [Server thread/INFO]: [@: Object successfully summoned]
[20:28:37] [Server thread/INFO]: [@: Object successfully summoned]
[20:28:37] [Server thread/INFO]: [@: Object successfully summoned]
[20:28:37] [Server thread/INFO]: [@: Object successfully summoned]
[20:28:37] [Server thread/INFO]: [@: Object successfully summoned]
[20:28:40] [Server thread/INFO]: [@: Object successfully summoned]
[20:28:40] [Server thread/INFO]: [@: Object successfully summoned]
[20:28:40] [Server thread/INFO]: [@: Object successfully summoned]
[20:28:40] [Server thread/INFO]: [@: Object successfully summoned]
[20:28:41] [Server thread/INFO]: jerry_ issued server command: /gamemode c
[20:28:41] [Server thread/INFO]: [jerry_: Set own game mode to Creative Mode]
[20:28:43] [Server thread/INFO]: [@: Object successfully summoned]
[20:28:43] [Server thread/INFO]: [@: Object successfully summoned]
[20:28:43] [Server thread/INFO]: [@: Object successfully summoned]
[20:28:43] [Server thread/INFO]: [@: Object successfully summoned]
[20:28:45] [Server thread/INFO]: [@: Object successfully summoned]
[20:28:45] [Server thread/INFO]: [@: Object successfully summoned]
[20:28:45] [Server thread/INFO]: [@: Object successfully summoned]
[20:28:45] [Server thread/INFO]: [@: Object successfully summoned]
[20:28:48] [Server thread/INFO]: [@: Object successfully summoned]
[20:28:48] [Server thread/INFO]: [@: Object successfully summoned]
[20:28:48] [Server thread/INFO]: [@: Object successfully summoned]
[20:28:48] [Server thread/INFO]: [@: Object successfully summoned]
[20:28:51] [Server thread/INFO]: [@: Object successfully summoned]
[20:28:51] [Server thread/INFO]: [@: Object successfully summoned]
[20:28:51] [Server thread/INFO]: [@: Object successfully summoned]
[20:28:51] [Server thread/INFO]: [@: Object successfully summoned]
[20:28:54] [Server thread/INFO]: [@: Object successfully summoned]
[20:28:54] [Server thread/INFO]: [@: Object successfully summoned]
[20:28:54] [Server thread/INFO]: [@: Object successfully summoned]
[20:28:54] [Server thread/INFO]: [@: Object successfully summoned]
[20:28:55] [Server thread/INFO]: lamm lost connection: Disconnected
[20:28:55] [Server thread/INFO]: lamm left the game.
[20:28:57] [Server thread/INFO]: [@: Object successfully summoned]
[20:28:57] [Server thread/INFO]: [@: Object successfully summoned]
[20:28:57] [Server thread/INFO]: [@: Object successfully summoned]
[20:28:57] [Server thread/INFO]: [@: Object successfully summoned]
[20:28:59] [Server thread/INFO]: [@: Object successfully summoned]
[20:28:59] [Server thread/INFO]: [@: Object successfully summoned]
[20:28:59] [Server thread/INFO]: [@: Object successfully summoned]
[20:28:59] [Server thread/INFO]: [@: Object successfully summoned]
[20:29:01] [Thread-18/INFO]: UUID of player lamm is 5cb39085-071d-31e4-9b35-9cf0f1e7f041
[20:29:01] [Server thread/INFO]: lamm[/[0:0:0:0:0:0:0:1]:50012] logged in with entity id 9936 at ([world_nether]421.30732832840124, 68.0, 139.4783897459402)
[20:29:02] [Server thread/INFO]: [@: Object successfully summoned]
[20:29:02] [Server thread/INFO]: [@: Object successfully summoned]
[20:29:02] [Server thread/INFO]: [@: Object successfully summoned]
[20:29:02] [Server thread/INFO]: [@: Object successfully summoned]
[20:29:05] [Server thread/INFO]: [@: Object successfully summoned]
[20:29:05] [Server thread/INFO]: [@: Object successfully summoned]
[20:29:05] [Server thread/INFO]: [@: Object successfully summoned]
[20:29:05] [Server thread/INFO]: [@: Object successfully summoned]
[20:29:08] [Server thread/INFO]: [@: Object successfully summoned]
[20:29:08] [Server thread/INFO]: [@: Object successfully summoned]
[20:29:08] [Server thread/INFO]: [@: Object successfully summoned]
[20:29:08] [Server thread/INFO]: [@: Object successfully summoned]
[20:29:11] [Server thread/INFO]: [@: Object successfully summoned]
[20:29:11] [Server thread/INFO]: [@: Object successfully summoned]
[20:29:11] [Server thread/INFO]: [@: Object successfully summoned]
[20:29:11] [Server thread/INFO]: [@: Object successfully summoned]
[20:29:11] [Server thread/INFO]: nude_dude issued server command: /home spawn
[20:29:13] [Server thread/INFO]: [@: Object successfully summoned]
[20:29:13] [Server thread/INFO]: [@: Object successfully summoned]
[20:29:13] [Server thread/INFO]: [@: Object successfully summoned]
[20:29:13] [Server thread/INFO]: [@: Object successfully summoned]
[20:29:16] [Server thread/INFO]: [@: Object successfully summoned]
[20:29:16] [Server thread/INFO]: [@: Object successfully summoned]
[20:29:16] [Server thread/INFO]: [@: Object successfully summoned]
[20:29:16] [Server thread/INFO]: [@: Object successfully summoned]
[20:29:19] [Server thread/INFO]: [@: Object successfully summoned]
[20:29:19] [Server thread/INFO]: [@: Object successfully summoned]
[20:29:19] [Server thread/INFO]: [@: Object successfully summoned]
[20:29:19] [Server thread/INFO]: [@: Object successfully summoned]
[20:29:22] [Server thread/INFO]: [@: Object successfully summoned]
[20:29:22] [Server thread/INFO]: [@: Object successfully summoned]
[20:29:22] [Server thread/INFO]: [@: Object successfully summoned]
[20:29:22] [Server thread/INFO]: [@: Object successfully summoned]
[20:29:25] [Server thread/INFO]: [@: Object successfully summoned]
[20:29:25] [Server thread/INFO]: [@: Object successfully summoned]
[20:29:25] [Server thread/INFO]: [@: Object successfully summoned]
[20:29:25] [Server thread/INFO]: [@: Object successfully summoned]
[20:29:27] [Server thread/INFO]: [@: Object successfully summoned]
[20:29:27] [Server thread/INFO]: [@: Object successfully summoned]
[20:29:27] [Server thread/INFO]: [@: Object successfully summoned]
[20:29:27] [Server thread/INFO]: [@: Object successfully summoned]
[20:29:29] [Server thread/INFO]: BEAN issued server command: /homes
[20:29:30] [Server thread/INFO]: [@: Object successfully summoned]
[20:29:30] [Server thread/INFO]: [@: Object successfully summoned]
[20:29:30] [Server thread/INFO]: [@: Object successfully summoned]
[20:29:30] [Server thread/INFO]: [@: Object successfully summoned]
[20:29:33] [Server thread/INFO]: [@: Object successfully summoned]
[20:29:33] [Server thread/INFO]: [@: Object successfully summoned]
[20:29:33] [Server thread/INFO]: [@: Object successfully summoned]
[20:29:33] [Server thread/INFO]: [@: Object successfully summoned]
[20:29:36] [Server thread/INFO]: [@: Object successfully summoned]
[20:29:36] [Server thread/INFO]: [@: Object successfully summoned]
[20:29:36] [Server thread/INFO]: [@: Object successfully summoned]
[20:29:36] [Server thread/INFO]: [@: Object successfully summoned]
[20:29:39] [Server thread/INFO]: [@: Object successfully summoned]
[20:29:39] [Server thread/INFO]: [@: Object successfully summoned]
[20:29:39] [Server thread/INFO]: [@: Object successfully summoned]
[20:29:39] [Server thread/INFO]: [@: Object successfully summoned]
[20:29:41] [Server thread/INFO]: [@: Object successfully summoned]
[20:29:41] [Server thread/INFO]: [@: Object successfully summoned]
[20:29:41] [Server thread/INFO]: [@: Object successfully summoned]
[20:29:41] [Server thread/INFO]: [@: Object successfully summoned]
[20:29:44] [Server thread/INFO]: [@: Object successfully summoned]
[20:29:44] [Server thread/INFO]: [@: Object successfully summoned]
[20:29:44] [Server thread/INFO]: [@: Object successfully summoned]
[20:29:44] [Server thread/INFO]: [@: Object successfully summoned]
[20:29:45] [Server thread/INFO]: lamm issued server command: /home base
[20:29:47] [Server thread/INFO]: [@: Object successfully summoned]
[20:29:47] [Server thread/INFO]: [@: Object successfully summoned]
[20:29:47] [Server thread/INFO]: [@: Object successfully summoned]
[20:29:47] [Server thread/INFO]: [@: Object successfully summoned]
[20:29:50] [Server thread/INFO]: [@: Object successfully summoned]
[20:29:50] [Server thread/INFO]: [@: Object successfully summoned]
[20:29:50] [Server thread/INFO]: [@: Object successfully summoned]
[20:29:50] [Server thread/INFO]: [@: Object successfully summoned]
[20:29:51] [Server thread/INFO]: lamm issued server command: /home base
[20:29:53] [Server thread/INFO]: [@: Object successfully summoned]
[20:29:53] [Server thread/INFO]: [@: Object successfully summoned]
[20:29:53] [Server thread/INFO]: [@: Object successfully summoned]
[20:29:53] [Server thread/INFO]: [@: Object successfully summoned]
[20:29:53] [Server thread/INFO]: nude_dude issued server command: /home l
[20:29:55] [Server thread/INFO]: [@: Object successfully summoned]
[20:29:55] [Server thread/INFO]: [@: Object successfully summoned]
[20:29:55] [Server thread/INFO]: [@: Object successfully summoned]
[20:29:55] [Server thread/INFO]: [@: Object successfully summoned]
[20:29:58] [Server thread/INFO]: [@: Object successfully summoned]
[20:29:58] [Server thread/INFO]: [@: Object successfully summoned]
[20:29:58] [Server thread/INFO]: [@: Object successfully summoned]
[20:29:58] [Server thread/INFO]: [@: Object successfully summoned]
[20:30:01] [Server thread/INFO]: [@: Object successfully summoned]
[20:30:01] [Server thread/INFO]: [@: Object successfully summoned]
[20:30:01] [Server thread/INFO]: [@: Object successfully summoned]
[20:30:01] [Server thread/INFO]: [@: Object successfully summoned]
[20:30:03] [Server thread/INFO]: lamm issued server command: /home base
[20:30:04] [Server thread/INFO]: [@: Object successfully summoned]
[20:30:04] [Server thread/INFO]: [@: Object successfully summoned]
[20:30:04] [Server thread/INFO]: [@: Object successfully summoned]
[20:30:04] [Server thread/INFO]: [@: Object successfully summoned]
[20:30:06] [Server thread/INFO]: jerry_ issued server command: /tp jerry_ nude_dude
[20:30:06] [Server thread/INFO]: [jerry_: Teleported jerry_ to nude_dude]
[20:30:07] [Server thread/INFO]: [@: Object successfully summoned]
[20:30:07] [Server thread/INFO]: [@: Object successfully summoned]
[20:30:07] [Server thread/INFO]: [@: Object successfully summoned]
[20:30:07] [Server thread/INFO]: [@: Object successfully summoned]
[20:30:09] [Server thread/INFO]: [@: Object successfully summoned]
[20:30:09] [Server thread/INFO]: [@: Object successfully summoned]
[20:30:09] [Server thread/INFO]: [@: Object successfully summoned]
[20:30:09] [Server thread/INFO]: [@: Object successfully summoned]
[20:30:12] [Server thread/INFO]: [@: Object successfully summoned]
[20:30:12] [Server thread/INFO]: [@: Object successfully summoned]
[20:30:12] [Server thread/INFO]: [@: Object successfully summoned]
[20:30:12] [Server thread/INFO]: [@: Object successfully summoned]
[20:30:15] [Server thread/INFO]: [@: Object successfully summoned]
[20:30:15] [Server thread/INFO]: [@: Object successfully summoned]
[20:30:15] [Server thread/INFO]: [@: Object successfully summoned]
[20:30:15] [Server thread/INFO]: [@: Object successfully summoned]
[20:30:15] [Async Chat Thread - #5/INFO]: <nude_dude> greaf[m

[20:30:18] [Server thread/INFO]: [@: Object successfully summoned]
[20:30:18] [Server thread/INFO]: [@: Object successfully summoned]
[20:30:18] [Server thread/INFO]: [@: Object successfully summoned]
[20:30:18] [Server thread/INFO]: [@: Object successfully summoned]
[20:30:19] [Async Chat Thread - #5/INFO]: <nude_dude> comeback[m

[20:30:20] [Async Chat Thread - #5/INFO]: <Graef> what[m

[20:30:21] [Server thread/INFO]: [@: Object successfully summoned]
[20:30:21] [Server thread/INFO]: [@: Object successfully summoned]
[20:30:21] [Server thread/INFO]: [@: Object successfully summoned]
[20:30:21] [Server thread/INFO]: [@: Object successfully summoned]
[20:30:23] [Server thread/INFO]: [@: Object successfully summoned]
[20:30:23] [Server thread/INFO]: [@: Object successfully summoned]
[20:30:23] [Server thread/INFO]: [@: Object successfully summoned]
[20:30:23] [Server thread/INFO]: [@: Object successfully summoned]
[20:30:26] [Server thread/INFO]: [@: Object successfully summoned]
[20:30:26] [Server thread/INFO]: [@: Object successfully summoned]
[20:30:26] [Server thread/INFO]: [@: Object successfully summoned]
[20:30:26] [Server thread/INFO]: [@: Object successfully summoned]
[20:30:29] [Server thread/INFO]: [@: Object successfully summoned]
[20:30:29] [Server thread/INFO]: [@: Object successfully summoned]
[20:30:29] [Server thread/INFO]: [@: Object successfully summoned]
[20:30:29] [Server thread/INFO]: [@: Object successfully summoned]
[20:30:32] [Server thread/INFO]: [@: Object successfully summoned]
[20:30:32] [Server thread/INFO]: [@: Object successfully summoned]
[20:30:32] [Server thread/INFO]: [@: Object successfully summoned]
[20:30:32] [Server thread/INFO]: [@: Object successfully summoned]
[20:30:34] [Async Chat Thread - #5/INFO]: <nude_dude> rodrii[m

[20:30:35] [Server thread/INFO]: [@: Object successfully summoned]
[20:30:35] [Server thread/INFO]: [@: Object successfully summoned]
[20:30:35] [Server thread/INFO]: [@: Object successfully summoned]
[20:30:35] [Server thread/INFO]: [@: Object successfully summoned]
[20:30:35] [Server thread/WARN]: lamm moved wrongly!
[20:30:36] [Server thread/INFO]: jerry_ issued server command: /home
[20:30:36] [Async Chat Thread - #5/INFO]: <Graef> so about the rest[m

[20:30:38] [Server thread/INFO]: [@: Object successfully summoned]
[20:30:38] [Server thread/INFO]: [@: Object successfully summoned]
[20:30:38] [Server thread/INFO]: [@: Object successfully summoned]
[20:30:38] [Server thread/INFO]: [@: Object successfully summoned]
[20:30:38] [Server thread/INFO]: jerry_ issued server command: /homes
[20:30:40] [Server thread/INFO]: [@: Object successfully summoned]
[20:30:40] [Server thread/INFO]: [@: Object successfully summoned]
[20:30:40] [Server thread/INFO]: [@: Object successfully summoned]
[20:30:40] [Server thread/INFO]: [@: Object successfully summoned]
[20:30:43] [Server thread/INFO]: jerry_ issued server command: /home backrooms
[20:30:43] [Server thread/INFO]: [@: Object successfully summoned]
[20:30:43] [Server thread/INFO]: [@: Object successfully summoned]
[20:30:43] [Server thread/INFO]: [@: Object successfully summoned]
[20:30:43] [Server thread/INFO]: [@: Object successfully summoned]
[20:30:46] [Server thread/INFO]: [@: Object successfully summoned]
[20:30:46] [Server thread/INFO]: [@: Object successfully summoned]
[20:30:46] [Server thread/INFO]: [@: Object successfully summoned]
[20:30:46] [Server thread/INFO]: [@: Object successfully summoned]
[20:30:49] [Async Chat Thread - #5/INFO]: <nude_dude> sorry anarchy[m

[20:30:49] [Server thread/INFO]: [@: Object successfully summoned]
[20:30:49] [Server thread/INFO]: [@: Object successfully summoned]
[20:30:49] [Server thread/INFO]: [@: Object successfully summoned]
[20:30:49] [Server thread/INFO]: [@: Object successfully summoned]
[20:30:52] [Server thread/INFO]: [@: Object successfully summoned]
[20:30:52] [Server thread/INFO]: [@: Object successfully summoned]
[20:30:52] [Server thread/INFO]: [@: Object successfully summoned]
[20:30:52] [Server thread/INFO]: [@: Object successfully summoned]
[20:30:54] [Server thread/INFO]: [@: Object successfully summoned]
[20:30:54] [Server thread/INFO]: [@: Object successfully summoned]
[20:30:54] [Server thread/INFO]: [@: Object successfully summoned]
[20:30:54] [Server thread/INFO]: [@: Object successfully summoned]
[20:30:55] [Async Chat Thread - #5/INFO]: <Graef> i see[m

[20:30:57] [Server thread/INFO]: [@: Object successfully summoned]
[20:30:57] [Server thread/INFO]: [@: Object successfully summoned]
[20:30:57] [Server thread/INFO]: [@: Object successfully summoned]
[20:30:57] [Server thread/INFO]: [@: Object successfully summoned]
[20:31:00] [Server thread/INFO]: [@: Object successfully summoned]
[20:31:00] [Server thread/INFO]: [@: Object successfully summoned]
[20:31:00] [Server thread/INFO]: [@: Object successfully summoned]
[20:31:00] [Server thread/INFO]: [@: Object successfully summoned]
[20:31:03] [Server thread/INFO]: [@: Object successfully summoned]
[20:31:03] [Server thread/INFO]: [@: Object successfully summoned]
[20:31:03] [Server thread/INFO]: [@: Object successfully summoned]
[20:31:03] [Server thread/INFO]: [@: Object successfully summoned]
[20:31:06] [Server thread/INFO]: [@: Object successfully summoned]
[20:31:06] [Server thread/INFO]: [@: Object successfully summoned]
[20:31:06] [Server thread/INFO]: [@: Object successfully summoned]
[20:31:06] [Server thread/INFO]: [@: Object successfully summoned]
[20:31:08] [Server thread/INFO]: [@: Object successfully summoned]
[20:31:08] [Server thread/INFO]: [@: Object successfully summoned]
[20:31:08] [Server thread/INFO]: [@: Object successfully summoned]
[20:31:08] [Server thread/INFO]: [@: Object successfully summoned]
[20:31:11] [Server thread/INFO]: [@: Object successfully summoned]
[20:31:11] [Server thread/INFO]: [@: Object successfully summoned]
[20:31:11] [Server thread/INFO]: [@: Object successfully summoned]
[20:31:11] [Server thread/INFO]: [@: Object successfully summoned]
[20:31:14] [Server thread/INFO]: [@: Object successfully summoned]
[20:31:14] [Server thread/INFO]: [@: Object successfully summoned]
[20:31:14] [Server thread/INFO]: [@: Object successfully summoned]
[20:31:14] [Server thread/INFO]: [@: Object successfully summoned]
[20:31:17] [Server thread/INFO]: [@: Object successfully summoned]
[20:31:17] [Server thread/INFO]: [@: Object successfully summoned]
[20:31:17] [Server thread/INFO]: [@: Object successfully summoned]
[20:31:17] [Server thread/INFO]: [@: Object successfully summoned]
[20:31:20] [Server thread/INFO]: [@: Object successfully summoned]
[20:31:20] [Server thread/INFO]: [@: Object successfully summoned]
[20:31:20] [Server thread/INFO]: [@: Object successfully summoned]
[20:31:20] [Server thread/INFO]: [@: Object successfully summoned]
[20:31:22] [Server thread/INFO]: [@: Object successfully summoned]
[20:31:22] [Server thread/INFO]: [@: Object successfully summoned]
[20:31:22] [Server thread/INFO]: [@: Object successfully summoned]
[20:31:22] [Server thread/INFO]: [@: Object successfully summoned]
[20:31:23] [Server thread/INFO]: nude_dude issued server command: /home spawn
[20:31:25] [Server thread/INFO]: [@: Object successfully summoned]
[20:31:25] [Server thread/INFO]: [@: Object successfully summoned]
[20:31:25] [Server thread/INFO]: [@: Object successfully summoned]
[20:31:25] [Server thread/INFO]: [@: Object successfully summoned]
[20:31:28] [Server thread/INFO]: [@: Object successfully summoned]
[20:31:28] [Server thread/INFO]: [@: Object successfully summoned]
[20:31:28] [Server thread/INFO]: [@: Object successfully summoned]
[20:31:28] [Server thread/INFO]: [@: Object successfully summoned]
[20:31:31] [Server thread/INFO]: [@: Object successfully summoned]
[20:31:31] [Server thread/INFO]: [@: Object successfully summoned]
[20:31:31] [Server thread/INFO]: [@: Object successfully summoned]
[20:31:31] [Server thread/INFO]: [@: Object successfully summoned]
[20:31:34] [Server thread/INFO]: [@: Object successfully summoned]
[20:31:34] [Server thread/INFO]: [@: Object successfully summoned]
[20:31:34] [Server thread/INFO]: [@: Object successfully summoned]
[20:31:34] [Server thread/INFO]: [@: Object successfully summoned]
[20:31:36] [Server thread/INFO]: [@: Object successfully summoned]
[20:31:36] [Server thread/INFO]: [@: Object successfully summoned]
[20:31:36] [Server thread/INFO]: [@: Object successfully summoned]
[20:31:36] [Server thread/INFO]: [@: Object successfully summoned]
[20:31:39] [Server thread/INFO]: [@: Object successfully summoned]
[20:31:39] [Server thread/INFO]: [@: Object successfully summoned]
[20:31:39] [Server thread/INFO]: [@: Object successfully summoned]
[20:31:39] [Server thread/INFO]: [@: Object successfully summoned]
[20:31:42] [Server thread/INFO]: [@: Object successfully summoned]
[20:31:42] [Server thread/INFO]: [@: Object successfully summoned]
[20:31:42] [Server thread/INFO]: [@: Object successfully summoned]
[20:31:42] [Server thread/INFO]: [@: Object successfully summoned]
[20:31:45] [Server thread/INFO]: [@: Object successfully summoned]
[20:31:45] [Server thread/INFO]: [@: Object successfully summoned]
[20:31:45] [Server thread/INFO]: [@: Object successfully summoned]
[20:31:45] [Server thread/INFO]: [@: Object successfully summoned]
[20:31:48] [Server thread/INFO]: [@: Object successfully summoned]
[20:31:48] [Server thread/INFO]: [@: Object successfully summoned]
[20:31:48] [Server thread/INFO]: [@: Object successfully summoned]
[20:31:48] [Server thread/INFO]: [@: Object successfully summoned]
[20:31:50] [Server thread/INFO]: [@: Object successfully summoned]
[20:31:50] [Server thread/INFO]: [@: Object successfully summoned]
[20:31:50] [Server thread/INFO]: [@: Object successfully summoned]
[20:31:50] [Server thread/INFO]: [@: Object successfully summoned]
[20:31:53] [Server thread/INFO]: [@: Object successfully summoned]
[20:31:53] [Server thread/INFO]: [@: Object successfully summoned]
[20:31:53] [Server thread/INFO]: [@: Object successfully summoned]
[20:31:53] [Server thread/INFO]: [@: Object successfully summoned]
[20:31:56] [Server thread/INFO]: [@: Object successfully summoned]
[20:31:56] [Server thread/INFO]: [@: Object successfully summoned]
[20:31:56] [Server thread/INFO]: [@: Object successfully summoned]
[20:31:56] [Server thread/INFO]: [@: Object successfully summoned]
[20:31:59] [Server thread/INFO]: [@: Object successfully summoned]
[20:31:59] [Server thread/INFO]: [@: Object successfully summoned]
[20:31:59] [Server thread/INFO]: [@: Object successfully summoned]
[20:31:59] [Server thread/INFO]: [@: Object successfully summoned]
[20:32:02] [Server thread/INFO]: [@: Object successfully summoned]
[20:32:02] [Server thread/INFO]: [@: Object successfully summoned]
[20:32:02] [Server thread/INFO]: [@: Object successfully summoned]
[20:32:02] [Server thread/INFO]: [@: Object successfully summoned]
[20:32:04] [Server thread/INFO]: [@: Object successfully summoned]
[20:32:04] [Server thread/INFO]: [@: Object successfully summoned]
[20:32:04] [Server thread/INFO]: [@: Object successfully summoned]
[20:32:04] [Server thread/INFO]: [@: Object successfully summoned]
[20:32:07] [Server thread/INFO]: [@: Object successfully summoned]
[20:32:07] [Server thread/INFO]: [@: Object successfully summoned]
[20:32:07] [Server thread/INFO]: [@: Object successfully summoned]
[20:32:07] [Server thread/INFO]: [@: Object successfully summoned]
[20:32:10] [Server thread/INFO]: [@: Object successfully summoned]
[20:32:10] [Server thread/INFO]: [@: Object successfully summoned]
[20:32:10] [Server thread/INFO]: [@: Object successfully summoned]
[20:32:10] [Server thread/INFO]: [@: Object successfully summoned]
[20:32:13] [Server thread/INFO]: [@: Object successfully summoned]
[20:32:13] [Server thread/INFO]: [@: Object successfully summoned]
[20:32:13] [Server thread/INFO]: [@: Object successfully summoned]
[20:32:13] [Server thread/INFO]: [@: Object successfully summoned]
[20:32:16] [Server thread/INFO]: [@: Object successfully summoned]
[20:32:16] [Server thread/INFO]: [@: Object successfully summoned]
[20:32:16] [Server thread/INFO]: [@: Object successfully summoned]
[20:32:16] [Server thread/INFO]: [@: Object successfully summoned]
[20:32:18] [Server thread/INFO]: [@: Object successfully summoned]
[20:32:18] [Server thread/INFO]: [@: Object successfully summoned]
[20:32:18] [Server thread/INFO]: [@: Object successfully summoned]
[20:32:18] [Server thread/INFO]: [@: Object successfully summoned]
[20:32:21] [Server thread/INFO]: nude_dude issued server command: /home l
[20:32:21] [Server thread/INFO]: [@: Object successfully summoned]
[20:32:21] [Server thread/INFO]: [@: Object successfully summoned]
[20:32:21] [Server thread/INFO]: [@: Object successfully summoned]
[20:32:21] [Server thread/INFO]: [@: Object successfully summoned]
[20:32:22] [Server thread/INFO]: Graef issued server command: /home spawn
[20:32:24] [Server thread/INFO]: [@: Object successfully summoned]
[20:32:24] [Server thread/INFO]: [@: Object successfully summoned]
[20:32:24] [Server thread/INFO]: [@: Object successfully summoned]
[20:32:24] [Server thread/INFO]: [@: Object successfully summoned]
[20:32:27] [Server thread/INFO]: [@: Object successfully summoned]
[20:32:27] [Server thread/INFO]: [@: Object successfully summoned]
[20:32:27] [Server thread/INFO]: [@: Object successfully summoned]
[20:32:27] [Server thread/INFO]: [@: Object successfully summoned]
[20:32:30] [Server thread/INFO]: [@: Object successfully summoned]
[20:32:30] [Server thread/INFO]: [@: Object successfully summoned]
[20:32:30] [Server thread/INFO]: [@: Object successfully summoned]
[20:32:30] [Server thread/INFO]: [@: Object successfully summoned]
[20:32:32] [Server thread/INFO]: [@: Object successfully summoned]
[20:32:32] [Server thread/INFO]: [@: Object successfully summoned]
[20:32:32] [Server thread/INFO]: [@: Object successfully summoned]
[20:32:32] [Server thread/INFO]: [@: Object successfully summoned]
[20:32:35] [Server thread/INFO]: [@: Object successfully summoned]
[20:32:35] [Server thread/INFO]: [@: Object successfully summoned]
[20:32:35] [Server thread/INFO]: [@: Object successfully summoned]
[20:32:35] [Server thread/INFO]: [@: Object successfully summoned]
[20:32:38] [Server thread/INFO]: [@: Object successfully summoned]
[20:32:38] [Server thread/INFO]: [@: Object successfully summoned]
[20:32:38] [Server thread/INFO]: [@: Object successfully summoned]
[20:32:38] [Server thread/INFO]: [@: Object successfully summoned]
[20:32:41] [Server thread/INFO]: [@: Object successfully summoned]
[20:32:41] [Server thread/INFO]: [@: Object successfully summoned]
[20:32:41] [Server thread/INFO]: [@: Object successfully summoned]
[20:32:41] [Server thread/INFO]: [@: Object successfully summoned]
[20:32:44] [Server thread/INFO]: [@: Object successfully summoned]
[20:32:44] [Server thread/INFO]: [@: Object successfully summoned]
[20:32:44] [Server thread/INFO]: [@: Object successfully summoned]
[20:32:44] [Server thread/INFO]: [@: Object successfully summoned]
[20:32:46] [Server thread/INFO]: [@: Object successfully summoned]
[20:32:46] [Server thread/INFO]: [@: Object successfully summoned]
[20:32:46] [Server thread/INFO]: [@: Object successfully summoned]
[20:32:46] [Server thread/INFO]: [@: Object successfully summoned]
[20:32:49] [Server thread/INFO]: [@: Object successfully summoned]
[20:32:49] [Server thread/INFO]: [@: Object successfully summoned]
[20:32:49] [Server thread/INFO]: [@: Object successfully summoned]
[20:32:49] [Server thread/INFO]: [@: Object successfully summoned]
[20:32:52] [Server thread/INFO]: [@: Object successfully summoned]
[20:32:52] [Server thread/INFO]: [@: Object successfully summoned]
[20:32:52] [Server thread/INFO]: [@: Object successfully summoned]
[20:32:52] [Server thread/INFO]: [@: Object successfully summoned]
[20:32:54] [Server thread/INFO]: lamm issued server command: /home neth
[20:32:55] [Server thread/INFO]: [@: Object successfully summoned]
[20:32:55] [Server thread/INFO]: [@: Object successfully summoned]
[20:32:55] [Server thread/INFO]: [@: Object successfully summoned]
[20:32:55] [Server thread/INFO]: [@: Object successfully summoned]
[20:32:58] [Server thread/INFO]: [@: Object successfully summoned]
[20:32:58] [Server thread/INFO]: [@: Object successfully summoned]
[20:32:58] [Server thread/INFO]: [@: Object successfully summoned]
[20:32:58] [Server thread/INFO]: [@: Object successfully summoned]
[20:33:00] [Server thread/INFO]: [@: Object successfully summoned]
[20:33:00] [Server thread/INFO]: [@: Object successfully summoned]
[20:33:00] [Server thread/INFO]: [@: Object successfully summoned]
[20:33:00] [Server thread/INFO]: [@: Object successfully summoned]
[20:33:01] [Thread-19/INFO]: UUID of player diddybootyjackso is 47e11415-d229-3a5c-aa5e-b0e682b43f76
[20:33:01] [Server thread/INFO]: diddybootyjackso[/[0:0:0:0:0:0:0:1]:40008] logged in with entity id 12852 at ([world]182.30000001192093, 63.0, 46.69999998807907)
[20:33:03] [Server thread/INFO]: [@: Object successfully summoned]
[20:33:03] [Server thread/INFO]: [@: Object successfully summoned]
[20:33:03] [Server thread/INFO]: [@: Object successfully summoned]
[20:33:03] [Server thread/INFO]: [@: Object successfully summoned]
[20:33:06] [Server thread/INFO]: [@: Object successfully summoned]
[20:33:06] [Server thread/INFO]: [@: Object successfully summoned]
[20:33:06] [Server thread/INFO]: [@: Object successfully summoned]
[20:33:06] [Server thread/INFO]: [@: Object successfully summoned]
[20:33:07] [Server thread/INFO]: diddybootyjackso issued server command: /lohin 011871
[20:33:09] [Server thread/INFO]: [@: Object successfully summoned]
[20:33:09] [Server thread/INFO]: [@: Object successfully summoned]
[20:33:09] [Server thread/INFO]: [@: Object successfully summoned]
[20:33:09] [Server thread/INFO]: [@: Object successfully summoned]
[20:33:12] [Server thread/INFO]: [@: Object successfully summoned]
[20:33:12] [Server thread/INFO]: [@: Object successfully summoned]
[20:33:12] [Server thread/INFO]: [@: Object successfully summoned]
[20:33:12] [Server thread/INFO]: [@: Object successfully summoned]
[20:33:14] [Server thread/INFO]: [@: Object successfully summoned]
[20:33:14] [Server thread/INFO]: [@: Object successfully summoned]
[20:33:14] [Server thread/INFO]: [@: Object successfully summoned]
[20:33:14] [Server thread/INFO]: [@: Object successfully summoned]
[20:33:17] [Server thread/INFO]: [@: Object successfully summoned]
[20:33:17] [Server thread/INFO]: [@: Object successfully summoned]
[20:33:17] [Server thread/INFO]: [@: Object successfully summoned]
[20:33:17] [Server thread/INFO]: [@: Object successfully summoned]
[20:33:20] [Server thread/INFO]: [@: Object successfully summoned]
[20:33:20] [Server thread/INFO]: [@: Object successfully summoned]
[20:33:20] [Server thread/INFO]: [@: Object successfully summoned]
[20:33:20] [Server thread/INFO]: [@: Object successfully summoned]
[20:33:23] [Server thread/INFO]: [@: Object successfully summoned]
[20:33:23] [Server thread/INFO]: [@: Object successfully summoned]
[20:33:23] [Server thread/INFO]: [@: Object successfully summoned]
[20:33:23] [Server thread/INFO]: [@: Object successfully summoned]
[20:33:26] [Server thread/INFO]: [@: Object successfully summoned]
[20:33:26] [Server thread/INFO]: [@: Object successfully summoned]
[20:33:26] [Server thread/INFO]: [@: Object successfully summoned]
[20:33:26] [Server thread/INFO]: [@: Object successfully summoned]
[20:33:28] [Server thread/INFO]: [@: Object successfully summoned]
[20:33:28] [Server thread/INFO]: [@: Object successfully summoned]
[20:33:28] [Server thread/INFO]: [@: Object successfully summoned]
[20:33:28] [Server thread/INFO]: [@: Object successfully summoned]
[20:33:31] [Server thread/INFO]: lamm burned to death
[20:33:31] [Server thread/INFO]: [@: Object successfully summoned]
[20:33:31] [Server thread/INFO]: [@: Object successfully summoned]
[20:33:31] [Server thread/INFO]: [@: Object successfully summoned]
[20:33:31] [Server thread/INFO]: [@: Object successfully summoned]
[20:33:33] [Server thread/INFO]: cooldog123 issued server command: /home cool
[20:33:34] [Server thread/INFO]: [@: Object successfully summoned]
[20:33:34] [Server thread/INFO]: [@: Object successfully summoned]
[20:33:34] [Server thread/INFO]: [@: Object successfully summoned]
[20:33:34] [Server thread/INFO]: [@: Object successfully summoned]
[20:33:37] [Server thread/INFO]: [@: Object successfully summoned]
[20:33:37] [Server thread/INFO]: [@: Object successfully summoned]
[20:33:37] [Server thread/INFO]: [@: Object successfully summoned]
[20:33:37] [Server thread/INFO]: [@: Object successfully summoned]
[20:33:40] [Server thread/INFO]: [@: Object successfully summoned]
[20:33:40] [Server thread/INFO]: [@: Object successfully summoned]
[20:33:40] [Server thread/INFO]: [@: Object successfully summoned]
[20:33:40] [Server thread/INFO]: [@: Object successfully summoned]
[20:33:42] [Server thread/INFO]: [@: Object successfully summoned]
[20:33:42] [Server thread/INFO]: [@: Object successfully summoned]
[20:33:42] [Server thread/INFO]: [@: Object successfully summoned]
[20:33:42] [Server thread/INFO]: [@: Object successfully summoned]
[20:33:44] [Server thread/INFO]: lamm issued server command: /home neth
[20:33:45] [Server thread/INFO]: [@: Object successfully summoned]
[20:33:45] [Server thread/INFO]: [@: Object successfully summoned]
[20:33:45] [Server thread/INFO]: [@: Object successfully summoned]
[20:33:45] [Server thread/INFO]: [@: Object successfully summoned]
[20:33:48] [Server thread/INFO]: [@: Object successfully summoned]
[20:33:48] [Server thread/INFO]: [@: Object successfully summoned]
[20:33:48] [Server thread/INFO]: [@: Object successfully summoned]
[20:33:48] [Server thread/INFO]: [@: Object successfully summoned]
[20:33:51] [Server thread/INFO]: [@: Object successfully summoned]
[20:33:51] [Server thread/INFO]: [@: Object successfully summoned]
[20:33:51] [Server thread/INFO]: [@: Object successfully summoned]
[20:33:51] [Server thread/INFO]: [@: Object successfully summoned]
[20:33:54] [Server thread/INFO]: [@: Object successfully summoned]
[20:33:54] [Server thread/INFO]: [@: Object successfully summoned]
[20:33:54] [Server thread/INFO]: [@: Object successfully summoned]
[20:33:54] [Server thread/INFO]: [@: Object successfully summoned]
[20:33:56] [Server thread/INFO]: [@: Object successfully summoned]
[20:33:56] [Server thread/INFO]: [@: Object successfully summoned]
[20:33:56] [Server thread/INFO]: [@: Object successfully summoned]
[20:33:56] [Server thread/INFO]: [@: Object successfully summoned]
[20:33:57] [Thread-20/INFO]: UUID of player bigcuck67 is d350ecc6-e5ff-3736-943f-587c64d572d7
[20:33:57] [Server thread/INFO]: bigcuck67[/[0:0:0:0:0:0:0:1]:36036] logged in with entity id 13696 at ([world]-116.6804196685539, 80.0, -849.3204889341152)
[20:33:59] [Server thread/INFO]: [@: Object successfully summoned]
[20:33:59] [Server thread/INFO]: [@: Object successfully summoned]
[20:33:59] [Server thread/INFO]: [@: Object successfully summoned]
[20:33:59] [Server thread/INFO]: [@: Object successfully summoned]
[20:34:02] [Server thread/INFO]: [@: Object successfully summoned]
[20:34:02] [Server thread/INFO]: [@: Object successfully summoned]
[20:34:02] [Server thread/INFO]: [@: Object successfully summoned]
[20:34:02] [Server thread/INFO]: [@: Object successfully summoned]
[20:34:05] [Server thread/INFO]: [@: Object successfully summoned]
[20:34:05] [Server thread/INFO]: [@: Object successfully summoned]
[20:34:05] [Server thread/INFO]: [@: Object successfully summoned]
[20:34:05] [Server thread/INFO]: [@: Object successfully summoned]
[20:34:07] [Server thread/INFO]: BEAN issued server command: /deletehome jack
[20:34:08] [Server thread/INFO]: [@: Object successfully summoned]
[20:34:08] [Server thread/INFO]: [@: Object successfully summoned]
[20:34:08] [Server thread/INFO]: [@: Object successfully summoned]
[20:34:08] [Server thread/INFO]: [@: Object successfully summoned]
[20:34:10] [Server thread/INFO]: [@: Object successfully summoned]
[20:34:10] [Server thread/INFO]: [@: Object successfully summoned]
[20:34:10] [Server thread/INFO]: [@: Object successfully summoned]
[20:34:10] [Server thread/INFO]: [@: Object successfully summoned]
[20:34:13] [Server thread/INFO]: [@: Object successfully summoned]
[20:34:13] [Server thread/INFO]: [@: Object successfully summoned]
[20:34:13] [Server thread/INFO]: [@: Object successfully summoned]
[20:34:13] [Server thread/INFO]: [@: Object successfully summoned]
[20:34:16] [Server thread/INFO]: [@: Object successfully summoned]
[20:34:16] [Server thread/INFO]: [@: Object successfully summoned]
[20:34:16] [Server thread/INFO]: [@: Object successfully summoned]
[20:34:16] [Server thread/INFO]: [@: Object successfully summoned]
[20:34:16] [Async Chat Thread - #6/INFO]: <bigcuck67> evan wya[m

[20:34:19] [Server thread/INFO]: [@: Object successfully summoned]
[20:34:19] [Server thread/INFO]: [@: Object successfully summoned]
[20:34:19] [Server thread/INFO]: [@: Object successfully summoned]
[20:34:19] [Server thread/INFO]: [@: Object successfully summoned]
[20:34:22] [Server thread/INFO]: [@: Object successfully summoned]
[20:34:22] [Server thread/INFO]: [@: Object successfully summoned]
[20:34:22] [Server thread/INFO]: [@: Object successfully summoned]
[20:34:22] [Server thread/INFO]: [@: Object successfully summoned]
[20:34:22] [Server thread/INFO]: diddybootyjackso issued server command: /home basee
[20:34:24] [Server thread/INFO]: [@: Object successfully summoned]
[20:34:24] [Server thread/INFO]: [@: Object successfully summoned]
[20:34:24] [Server thread/INFO]: [@: Object successfully summoned]
[20:34:24] [Server thread/INFO]: [@: Object successfully summoned]
[20:34:27] [Server thread/INFO]: [@: Object successfully summoned]
[20:34:27] [Server thread/INFO]: [@: Object successfully summoned]
[20:34:27] [Server thread/INFO]: [@: Object successfully summoned]
[20:34:27] [Server thread/INFO]: [@: Object successfully summoned]
[20:34:30] [Server thread/INFO]: [@: Object successfully summoned]
[20:34:30] [Server thread/INFO]: [@: Object successfully summoned]
[20:34:30] [Server thread/INFO]: [@: Object successfully summoned]
[20:34:30] [Server thread/INFO]: [@: Object successfully summoned]
[20:34:33] [Server thread/INFO]: [@: Object successfully summoned]
[20:34:33] [Server thread/INFO]: [@: Object successfully summoned]
[20:34:33] [Server thread/INFO]: [@: Object successfully summoned]
[20:34:33] [Server thread/INFO]: [@: Object successfully summoned]
[20:34:36] [Server thread/INFO]: [@: 1 blocks filled]
[20:35:02] [Async Chat Thread - #6/INFO]: <bigcuck67> ima take the table[m

[20:35:05] [Async Chat Thread - #6/INFO]: <cooldog123> okay[m

[20:35:07] [Server thread/INFO]: lamm issued server command: /home base
[20:35:11] [Server thread/INFO]: Graef issued server command: /home rodrigo
[20:35:15] [Server thread/INFO]: diddybootyjackso issued server command: /home spawn
[20:35:43] [Async Chat Thread - #6/INFO]: <nude_dude> check the chest[m

[20:35:58] [Async Chat Thread - #6/INFO]: <Graef> ill let you killing me slide this time[m

[20:36:11] [Async Chat Thread - #6/INFO]: <nude_dude> goood boy[m

[20:36:27] [Server thread/INFO]: [@: 1 blocks filled]
[20:36:28] [Server thread/INFO]: [@: Object successfully summoned]
[20:36:28] [Server thread/INFO]: [@: Object successfully summoned]
[20:36:28] [Server thread/INFO]: [@: Object successfully summoned]
[20:36:28] [Server thread/INFO]: [@: Object successfully summoned]
[20:36:30] [Server thread/INFO]: [@: Object successfully summoned]
[20:36:30] [Server thread/INFO]: [@: Object successfully summoned]
[20:36:30] [Server thread/INFO]: [@: Object successfully summoned]
[20:36:30] [Server thread/INFO]: [@: Object successfully summoned]
[20:36:33] [Server thread/INFO]: nude_dude issued server command: /home base
[20:36:33] [Server thread/INFO]: [@: Object successfully summoned]
[20:36:33] [Server thread/INFO]: [@: Object successfully summoned]
[20:36:33] [Server thread/INFO]: [@: Object successfully summoned]
[20:36:33] [Server thread/INFO]: [@: Object successfully summoned]
[20:36:36] [Server thread/INFO]: [@: Object successfully summoned]
[20:36:36] [Server thread/INFO]: [@: Object successfully summoned]
[20:36:36] [Server thread/INFO]: [@: Object successfully summoned]
[20:36:36] [Server thread/INFO]: [@: Object successfully summoned]
[20:36:39] [Server thread/INFO]: [@: Object successfully summoned]
[20:36:39] [Server thread/INFO]: [@: Object successfully summoned]
[20:36:39] [Server thread/INFO]: [@: Object successfully summoned]
[20:36:39] [Server thread/INFO]: [@: Object successfully summoned]
[20:36:42] [Server thread/INFO]: [@: Object successfully summoned]
[20:36:42] [Server thread/INFO]: [@: Object successfully summoned]
[20:36:42] [Server thread/INFO]: [@: Object successfully summoned]
[20:36:42] [Server thread/INFO]: [@: Object successfully summoned]
[20:36:45] [Server thread/INFO]: [@: Object successfully summoned]
[20:36:45] [Server thread/INFO]: [@: Object successfully summoned]
[20:36:45] [Server thread/INFO]: [@: Object successfully summoned]
[20:36:45] [Server thread/INFO]: [@: Object successfully summoned]
[20:36:47] [Server thread/INFO]: [@: Object successfully summoned]
[20:36:47] [Server thread/INFO]: [@: Object successfully summoned]
[20:36:47] [Server thread/INFO]: [@: Object successfully summoned]
[20:36:47] [Server thread/INFO]: [@: Object successfully summoned]
[20:36:50] [Server thread/INFO]: [@: Object successfully summoned]
[20:36:50] [Server thread/INFO]: [@: Object successfully summoned]
[20:36:50] [Server thread/INFO]: [@: Object successfully summoned]
[20:36:50] [Server thread/INFO]: [@: Object successfully summoned]
[20:36:53] [Server thread/INFO]: [@: Object successfully summoned]
[20:36:53] [Server thread/INFO]: [@: Object successfully summoned]
[20:36:53] [Server thread/INFO]: [@: Object successfully summoned]
[20:36:53] [Server thread/INFO]: [@: Object successfully summoned]
[20:36:56] [Server thread/INFO]: [@: Object successfully summoned]
[20:36:56] [Server thread/INFO]: [@: Object successfully summoned]
[20:36:56] [Server thread/INFO]: [@: Object successfully summoned]
[20:36:56] [Server thread/INFO]: [@: Object successfully summoned]
[20:36:59] [Server thread/INFO]: [@: Object successfully summoned]
[20:36:59] [Server thread/INFO]: [@: Object successfully summoned]
[20:36:59] [Server thread/INFO]: [@: Object successfully summoned]
[20:36:59] [Server thread/INFO]: [@: Object successfully summoned]
[20:37:01] [Server thread/INFO]: [@: Object successfully summoned]
[20:37:01] [Server thread/INFO]: [@: Object successfully summoned]
[20:37:01] [Server thread/INFO]: [@: Object successfully summoned]
[20:37:01] [Server thread/INFO]: [@: Object successfully summoned]
[20:37:04] [Server thread/INFO]: [@: Object successfully summoned]
[20:37:04] [Server thread/INFO]: [@: Object successfully summoned]
[20:37:04] [Server thread/INFO]: [@: Object successfully summoned]
[20:37:04] [Server thread/INFO]: [@: Object successfully summoned]
[20:37:07] [Server thread/INFO]: [@: Object successfully summoned]
[20:37:07] [Server thread/INFO]: [@: Object successfully summoned]
[20:37:07] [Server thread/INFO]: [@: Object successfully summoned]
[20:37:07] [Server thread/INFO]: [@: Object successfully summoned]
[20:37:10] [Server thread/INFO]: [@: Object successfully summoned]
[20:37:10] [Server thread/INFO]: [@: Object successfully summoned]
[20:37:10] [Server thread/INFO]: [@: Object successfully summoned]
[20:37:10] [Server thread/INFO]: [@: Object successfully summoned]
[20:37:13] [Server thread/INFO]: [@: Object successfully summoned]
[20:37:13] [Server thread/INFO]: [@: Object successfully summoned]
[20:37:13] [Server thread/INFO]: [@: Object successfully summoned]
[20:37:13] [Server thread/INFO]: [@: Object successfully summoned]
[20:37:15] [Server thread/INFO]: [@: Object successfully summoned]
[20:37:15] [Server thread/INFO]: [@: Object successfully summoned]
[20:37:15] [Server thread/INFO]: [@: Object successfully summoned]
[20:37:15] [Server thread/INFO]: [@: Object successfully summoned]
[20:37:18] [Server thread/INFO]: [@: Object successfully summoned]
[20:37:18] [Server thread/INFO]: [@: Object successfully summoned]
[20:37:18] [Server thread/INFO]: [@: Object successfully summoned]
[20:37:18] [Server thread/INFO]: [@: Object successfully summoned]
[20:37:21] [Server thread/INFO]: [@: Object successfully summoned]
[20:37:21] [Server thread/INFO]: [@: Object successfully summoned]
[20:37:21] [Server thread/INFO]: [@: Object successfully summoned]
[20:37:21] [Server thread/INFO]: [@: Object successfully summoned]
[20:37:23] [Server thread/INFO]: BEAN issued server command: /tpa nude_dude
[20:37:24] [Server thread/INFO]: [@: Object successfully summoned]
[20:37:24] [Server thread/INFO]: [@: Object successfully summoned]
[20:37:24] [Server thread/INFO]: [@: Object successfully summoned]
[20:37:24] [Server thread/INFO]: [@: Object successfully summoned]
[20:37:27] [Server thread/INFO]: [@: Object successfully summoned]
[20:37:27] [Server thread/INFO]: [@: Object successfully summoned]
[20:37:27] [Server thread/INFO]: [@: Object successfully summoned]
[20:37:27] [Server thread/INFO]: [@: Object successfully summoned]
[20:37:29] [Server thread/INFO]: [@: Object successfully summoned]
[20:37:29] [Server thread/INFO]: [@: Object successfully summoned]
[20:37:29] [Server thread/INFO]: [@: Object successfully summoned]
[20:37:29] [Server thread/INFO]: [@: Object successfully summoned]
[20:37:30] [Server thread/INFO]: nude_dude issued server command: /accept
[20:37:32] [Async Chat Thread - #7/INFO]: <Graef> jack you have the lapis from the chest[m

[20:37:32] [Server thread/INFO]: [@: Object successfully summoned]
[20:37:32] [Server thread/INFO]: [@: Object successfully summoned]
[20:37:32] [Server thread/INFO]: [@: Object successfully summoned]
[20:37:32] [Server thread/INFO]: [@: Object successfully summoned]
[20:37:35] [Server thread/INFO]: [@: Object successfully summoned]
[20:37:35] [Server thread/INFO]: [@: Object successfully summoned]
[20:37:35] [Server thread/INFO]: [@: Object successfully summoned]
[20:37:35] [Server thread/INFO]: [@: Object successfully summoned]
[20:37:36] [Async Chat Thread - #7/INFO]: <Graef> ?[m

[20:37:38] [Server thread/INFO]: [@: Object successfully summoned]
[20:37:38] [Server thread/INFO]: [@: Object successfully summoned]
[20:37:38] [Server thread/INFO]: [@: Object successfully summoned]
[20:37:38] [Server thread/INFO]: [@: Object successfully summoned]
[20:37:41] [Server thread/INFO]: [@: Object successfully summoned]
[20:37:41] [Server thread/INFO]: [@: Object successfully summoned]
[20:37:41] [Server thread/INFO]: [@: Object successfully summoned]
[20:37:41] [Server thread/INFO]: [@: Object successfully summoned]
[20:37:42] [Async Chat Thread - #7/INFO]: <nude_dude> no[m

[20:37:43] [Server thread/INFO]: [@: Object successfully summoned]
[20:37:43] [Server thread/INFO]: [@: Object successfully summoned]
[20:37:43] [Server thread/INFO]: [@: Object successfully summoned]
[20:37:43] [Server thread/INFO]: [@: Object successfully summoned]
[20:37:46] [Server thread/INFO]: [@: Object successfully summoned]
[20:37:46] [Server thread/INFO]: [@: Object successfully summoned]
[20:37:46] [Server thread/INFO]: [@: Object successfully summoned]
[20:37:46] [Server thread/INFO]: [@: Object successfully summoned]
[20:37:47] [Async Chat Thread - #7/INFO]: <Graef> k[m

[20:37:48] [Server thread/INFO]: [@: 1 blocks filled]
[20:37:51] [Async Chat Thread - #7/INFO]: <bigcuck67> evan u got leather??[m

[20:37:59] [Async Chat Thread - #7/INFO]: <bigcuck67> ima explore[m

[20:38:10] [Async Chat Thread - #7/INFO]: <Graef> ill trade you letheer for some lapis[m

[20:38:29] [Thread-21/INFO]: UUID of player kambro is c4dea3e3-68aa-3c00-896d-6203b447a30c
[20:38:29] [Server thread/INFO]: kambro[/[0:0:0:0:0:0:0:1]:41970] logged in with entity id 17041 at ([world]-114.36340841137465, 70.0, -433.87834484330443)
[20:38:30] [Async Chat Thread - #7/INFO]: <Graef> leather[m

[20:38:35] [Server thread/INFO]: nude_dude issued server command: /tpa cooldog123
[20:38:44] [Server thread/INFO]: [@: 1 blocks filled]
[20:38:45] [Server thread/INFO]: [@: Object successfully summoned]
[20:38:45] [Server thread/INFO]: [@: Object successfully summoned]
[20:38:45] [Server thread/INFO]: [@: Object successfully summoned]
[20:38:45] [Server thread/INFO]: [@: Object successfully summoned]
[20:38:47] [Async Chat Thread - #7/INFO]: <nude_dude> im here to help[m

[20:38:48] [Server thread/INFO]: [@: Object successfully summoned]
[20:38:48] [Server thread/INFO]: [@: Object successfully summoned]
[20:38:48] [Server thread/INFO]: [@: Object successfully summoned]
[20:38:48] [Server thread/INFO]: [@: Object successfully summoned]
[20:38:51] [Server thread/INFO]: [@: Object successfully summoned]
[20:38:51] [Server thread/INFO]: [@: Object successfully summoned]
[20:38:51] [Server thread/INFO]: [@: Object successfully summoned]
[20:38:51] [Server thread/INFO]: [@: Object successfully summoned]
[20:38:53] [Server thread/INFO]: [@: Object successfully summoned]
[20:38:53] [Server thread/INFO]: [@: Object successfully summoned]
[20:38:53] [Server thread/INFO]: [@: Object successfully summoned]
[20:38:53] [Server thread/INFO]: [@: Object successfully summoned]
[20:38:56] [Server thread/INFO]: [@: Object successfully summoned]
[20:38:56] [Server thread/INFO]: [@: Object successfully summoned]
[20:38:56] [Server thread/INFO]: [@: Object successfully summoned]
[20:38:56] [Server thread/INFO]: [@: Object successfully summoned]
[20:38:59] [Server thread/INFO]: [@: Object successfully summoned]
[20:38:59] [Server thread/INFO]: [@: Object successfully summoned]
[20:38:59] [Server thread/INFO]: [@: Object successfully summoned]
[20:38:59] [Server thread/INFO]: [@: Object successfully summoned]
[20:39:02] [Server thread/INFO]: [@: Object successfully summoned]
[20:39:02] [Server thread/INFO]: [@: Object successfully summoned]
[20:39:02] [Server thread/INFO]: [@: Object successfully summoned]
[20:39:02] [Server thread/INFO]: [@: Object successfully summoned]
[20:39:03] [Server thread/INFO]: nude_dude issued server command: /tpa cooldog123
[20:39:05] [Server thread/INFO]: [@: Object successfully summoned]
[20:39:05] [Server thread/INFO]: [@: Object successfully summoned]
[20:39:05] [Server thread/INFO]: [@: Object successfully summoned]
[20:39:05] [Server thread/INFO]: [@: Object successfully summoned]
[20:39:07] [Server thread/INFO]: [@: Object successfully summoned]
[20:39:07] [Server thread/INFO]: [@: Object successfully summoned]
[20:39:07] [Server thread/INFO]: [@: Object successfully summoned]
[20:39:07] [Server thread/INFO]: [@: Object successfully summoned]
[20:39:10] [Server thread/INFO]: [@: Object successfully summoned]
[20:39:10] [Server thread/INFO]: [@: Object successfully summoned]
[20:39:10] [Server thread/INFO]: [@: Object successfully summoned]
[20:39:10] [Server thread/INFO]: [@: Object successfully summoned]
[20:39:12] [Server thread/INFO]: jerry_ lost connection: Timed out
[20:39:12] [Server thread/INFO]: jerry_ left the game.
[20:39:13] [Server thread/INFO]: [@: Object successfully summoned]
[20:39:13] [Server thread/INFO]: [@: Object successfully summoned]
[20:39:13] [Server thread/INFO]: [@: Object successfully summoned]
[20:39:13] [Server thread/INFO]: [@: Object successfully summoned]
[20:39:14] [Server thread/INFO]: kambro issued server command: /tpa cooldog123
[20:39:16] [Server thread/INFO]: [@: Object successfully summoned]
[20:39:16] [Server thread/INFO]: [@: Object successfully summoned]
[20:39:16] [Server thread/INFO]: [@: Object successfully summoned]
[20:39:16] [Server thread/INFO]: [@: Object successfully summoned]
[20:39:19] [Server thread/INFO]: [@: Object successfully summoned]
[20:39:19] [Server thread/INFO]: [@: Object successfully summoned]
[20:39:19] [Server thread/INFO]: [@: Object successfully summoned]
[20:39:19] [Server thread/INFO]: [@: Object successfully summoned]
[20:39:21] [Server thread/INFO]: [@: Object successfully summoned]
[20:39:21] [Server thread/INFO]: [@: Object successfully summoned]
[20:39:21] [Server thread/INFO]: [@: Object successfully summoned]
[20:39:21] [Server thread/INFO]: [@: Object successfully summoned]
[20:39:24] [Server thread/INFO]: [@: Object successfully summoned]
[20:39:24] [Server thread/INFO]: [@: Object successfully summoned]
[20:39:24] [Server thread/INFO]: [@: Object successfully summoned]
[20:39:24] [Server thread/INFO]: [@: Object successfully summoned]
[20:39:27] [Server thread/INFO]: [@: Object successfully summoned]
[20:39:27] [Server thread/INFO]: [@: Object successfully summoned]
[20:39:27] [Server thread/INFO]: [@: Object successfully summoned]
[20:39:27] [Server thread/INFO]: [@: Object successfully summoned]
[20:39:30] [Server thread/INFO]: [@: Object successfully summoned]
[20:39:30] [Server thread/INFO]: [@: Object successfully summoned]
[20:39:30] [Server thread/INFO]: [@: Object successfully summoned]
[20:39:30] [Server thread/INFO]: [@: Object successfully summoned]
[20:39:33] [Server thread/INFO]: [@: Object successfully summoned]
[20:39:33] [Server thread/INFO]: [@: Object successfully summoned]
[20:39:33] [Server thread/INFO]: [@: Object successfully summoned]
[20:39:33] [Server thread/INFO]: [@: Object successfully summoned]
[20:39:35] [Server thread/INFO]: [@: Object successfully summoned]
[20:39:35] [Server thread/INFO]: [@: Object successfully summoned]
[20:39:35] [Server thread/INFO]: [@: Object successfully summoned]
[20:39:35] [Server thread/INFO]: [@: Object successfully summoned]
[20:39:38] [Server thread/INFO]: [@: Object successfully summoned]
[20:39:38] [Server thread/INFO]: [@: Object successfully summoned]
[20:39:38] [Server thread/INFO]: [@: Object successfully summoned]
[20:39:38] [Server thread/INFO]: [@: Object successfully summoned]
[20:39:41] [Server thread/INFO]: [@: Object successfully summoned]
[20:39:41] [Server thread/INFO]: [@: Object successfully summoned]
[20:39:41] [Server thread/INFO]: [@: Object successfully summoned]
[20:39:41] [Server thread/INFO]: [@: Object successfully summoned]
[20:39:44] [Server thread/INFO]: [@: Object successfully summoned]
[20:39:44] [Server thread/INFO]: [@: Object successfully summoned]
[20:39:44] [Server thread/INFO]: [@: Object successfully summoned]
[20:39:44] [Server thread/INFO]: [@: Object successfully summoned]
[20:39:47] [Server thread/INFO]: [@: Object successfully summoned]
[20:39:47] [Server thread/INFO]: [@: Object successfully summoned]
[20:39:47] [Server thread/INFO]: [@: Object successfully summoned]
[20:39:47] [Server thread/INFO]: [@: Object successfully summoned]
[20:39:47] [Async Chat Thread - #7/INFO]: <nude_dude> evan[m

[20:39:48] [Thread-22/INFO]: UUID of player jerry_ is 751b4c34-2b84-3d23-b5f8-38d7c4559ee7
[20:39:48] [Server thread/INFO]: jerry_[/[0:0:0:0:0:0:0:1]:39556] logged in with entity id 17869 at ([world]2.8000135311930045E7, 95.0, 2.800018969793875E7)
[20:39:49] [Server thread/INFO]: [@: Object successfully summoned]
[20:39:49] [Server thread/INFO]: [@: Object successfully summoned]
[20:39:49] [Server thread/INFO]: [@: Object successfully summoned]
[20:39:49] [Server thread/INFO]: [@: Object successfully summoned]
[20:39:51] [Async Chat Thread - #7/INFO]: <cooldog123> yeah[m

[20:39:52] [Server thread/INFO]: [@: Object successfully summoned]
[20:39:52] [Server thread/INFO]: [@: Object successfully summoned]
[20:39:52] [Server thread/INFO]: [@: Object successfully summoned]
[20:39:52] [Server thread/INFO]: [@: Object successfully summoned]
[20:39:54] [Async Chat Thread - #7/INFO]: <nude_dude> im here to help[m

[20:39:55] [Server thread/INFO]: [@: Object successfully summoned]
[20:39:55] [Server thread/INFO]: [@: Object successfully summoned]
[20:39:55] [Server thread/INFO]: [@: Object successfully summoned]
[20:39:55] [Server thread/INFO]: [@: Object successfully summoned]
[20:39:56] [Server thread/INFO]: [@: 1 blocks filled]
[20:40:03] [Async Chat Thread - #7/INFO]: <cooldog123> with?[m

[20:40:04] [Server thread/INFO]: Graef issued server command: /tpa nude_dude
[20:40:12] [Server thread/INFO]: nude_dude issued server command: /tpa cooldog123
[20:40:16] [Async Chat Thread - #7/INFO]: <nude_dude> enchants[m

[20:40:22] [Async Chat Thread - #7/INFO]: <nude_dude> and ores[m

[20:40:37] [Async Chat Thread - #7/INFO]: <cooldog123> you have them?[m

[20:40:52] [Server thread/INFO]: kambro issued server command: /tpa lamm
[20:40:58] [Async Chat Thread - #7/INFO]: <nude_dude> now i do[m

[20:41:03] [Server thread/INFO]: lamm issued server command: /decline
[20:41:05] [Server thread/INFO]: nude_dude issued server command: /tpa cooldog123
[20:41:07] [Async Chat Thread - #7/INFO]: <cooldog123> okay[m

[20:41:15] [Server thread/INFO]: cooldog123 issued server command: /home cool123
[20:41:18] [Server thread/INFO]: Graef issued server command: /tpa nude_dude
[20:41:33] [Server thread/INFO]: BEAN issued server command: /sethome jack
[20:41:33] [Async Chat Thread - #7/INFO]: <cooldog123> ok tp to me[m

[20:41:35] [Server thread/INFO]: nude_dude issued server command: /tpa cooldog123
[20:41:40] [Server thread/INFO]: [@: 1 blocks filled]
[20:41:42] [Server thread/INFO]: [@: Object successfully summoned]
[20:41:42] [Server thread/INFO]: [@: Object successfully summoned]
[20:41:42] [Server thread/INFO]: [@: Object successfully summoned]
[20:41:42] [Server thread/INFO]: [@: Object successfully summoned]
[20:41:43] [Server thread/INFO]: Graef issued server command: /tell nude_dude you know you want to accept it
[20:41:45] [Server thread/INFO]: [@: Object successfully summoned]
[20:41:45] [Server thread/INFO]: [@: Object successfully summoned]
[20:41:45] [Server thread/INFO]: [@: Object successfully summoned]
[20:41:45] [Server thread/INFO]: [@: Object successfully summoned]
[20:41:47] [Server thread/INFO]: [@: Object successfully summoned]
[20:41:47] [Server thread/INFO]: [@: Object successfully summoned]
[20:41:47] [Server thread/INFO]: [@: Object successfully summoned]
[20:41:47] [Server thread/INFO]: [@: Object successfully summoned]
[20:41:48] [Async Chat Thread - #7/INFO]: <bigcuck67> wait it might be a trap[m

[20:41:50] [Server thread/INFO]: [@: Object successfully summoned]
[20:41:50] [Server thread/INFO]: [@: Object successfully summoned]
[20:41:50] [Server thread/INFO]: [@: Object successfully summoned]
[20:41:50] [Server thread/INFO]: [@: Object successfully summoned]
[20:41:50] [Async Chat Thread - #7/INFO]: <jerry_> wait is this week or next week testing[m

[20:41:53] [Server thread/INFO]: [@: Object successfully summoned]
[20:41:53] [Server thread/INFO]: [@: Object successfully summoned]
[20:41:53] [Server thread/INFO]: [@: Object successfully summoned]
[20:41:53] [Server thread/INFO]: [@: Object successfully summoned]
[20:41:56] [Server thread/INFO]: [@: Object successfully summoned]
[20:41:56] [Server thread/INFO]: [@: Object successfully summoned]
[20:41:56] [Server thread/INFO]: [@: Object successfully summoned]
[20:41:56] [Server thread/INFO]: [@: Object successfully summoned]
[20:41:58] [Server thread/INFO]: [@: Object successfully summoned]
[20:41:58] [Server thread/INFO]: [@: Object successfully summoned]
[20:41:58] [Server thread/INFO]: [@: Object successfully summoned]
[20:41:58] [Server thread/INFO]: [@: Object successfully summoned]
[20:42:00] [Async Chat Thread - #7/INFO]: <cooldog123> why?[m

[20:42:01] [Server thread/INFO]: [@: Object successfully summoned]
[20:42:01] [Server thread/INFO]: [@: Object successfully summoned]
[20:42:01] [Server thread/INFO]: [@: Object successfully summoned]
[20:42:01] [Server thread/INFO]: [@: Object successfully summoned]
[20:42:02] [Async Chat Thread - #7/INFO]: <BEAN> jack tp tp me next[m

[20:42:04] [Server thread/INFO]: [@: Object successfully summoned]
[20:42:04] [Server thread/INFO]: [@: Object successfully summoned]
[20:42:04] [Server thread/INFO]: [@: Object successfully summoned]
[20:42:04] [Server thread/INFO]: [@: Object successfully summoned]
[20:42:06] [Async Chat Thread - #7/INFO]: <BEAN> to[m

[20:42:06] [Async Chat Thread - #7/INFO]: <nude_dude> for ores[m

[20:42:07] [Server thread/INFO]: [@: Object successfully summoned]
[20:42:07] [Server thread/INFO]: [@: Object successfully summoned]
[20:42:07] [Server thread/INFO]: [@: Object successfully summoned]
[20:42:07] [Server thread/INFO]: [@: Object successfully summoned]
[20:42:07] [Server thread/INFO]: kambro lost connection: Disconnected
[20:42:07] [Server thread/INFO]: kambro left the game.
[20:42:10] [Server thread/INFO]: [@: Object successfully summoned]
[20:42:10] [Server thread/INFO]: [@: Object successfully summoned]
[20:42:10] [Server thread/INFO]: [@: Object successfully summoned]
[20:42:10] [Server thread/INFO]: [@: Object successfully summoned]
[20:42:12] [Server thread/INFO]: Graef issued server command: /tpa nude_dude
[20:42:13] [Server thread/INFO]: [@: Object successfully summoned]
[20:42:13] [Server thread/INFO]: [@: Object successfully summoned]
[20:42:13] [Server thread/INFO]: [@: Object successfully summoned]
[20:42:13] [Server thread/INFO]: [@: Object successfully summoned]
[20:42:13] [Async Chat Thread - #7/INFO]: <nude_dude> i have 30 dimonds[m

[20:42:15] [Server thread/INFO]: [@: Object successfully summoned]
[20:42:15] [Server thread/INFO]: [@: Object successfully summoned]
[20:42:15] [Server thread/INFO]: [@: Object successfully summoned]
[20:42:15] [Server thread/INFO]: [@: Object successfully summoned]
[20:42:18] [Server thread/INFO]: [@: Object successfully summoned]
[20:42:18] [Server thread/INFO]: [@: Object successfully summoned]
[20:42:18] [Server thread/INFO]: [@: Object successfully summoned]
[20:42:18] [Server thread/INFO]: [@: Object successfully summoned]
[20:42:18] [Async Chat Thread - #7/INFO]: <nude_dude> for yall[m

[20:42:21] [Server thread/INFO]: [@: Object successfully summoned]
[20:42:21] [Server thread/INFO]: [@: Object successfully summoned]
[20:42:21] [Server thread/INFO]: [@: Object successfully summoned]
[20:42:21] [Server thread/INFO]: [@: Object successfully summoned]
[20:42:24] [Server thread/INFO]: [@: Object successfully summoned]
[20:42:24] [Server thread/INFO]: [@: Object successfully summoned]
[20:42:24] [Server thread/INFO]: [@: Object successfully summoned]
[20:42:24] [Server thread/INFO]: [@: Object successfully summoned]
[20:42:24] [Server thread/INFO]: Graef issued server command: /tpa nude_dude
[20:42:24] [Async Chat Thread - #7/INFO]: <bigcuck67> jack can u help me enchant[m

[20:42:27] [Server thread/INFO]: [@: Object successfully summoned]
[20:42:27] [Server thread/INFO]: [@: Object successfully summoned]
[20:42:27] [Server thread/INFO]: [@: Object successfully summoned]
[20:42:27] [Server thread/INFO]: [@: Object successfully summoned]
[20:42:28] [Async Chat Thread - #7/INFO]: <cooldog123> i mean i have nothing so and no i trust jake he set me and curtis up[m

[20:42:29] [Server thread/INFO]: [@: Object successfully summoned]
[20:42:29] [Server thread/INFO]: [@: Object successfully summoned]
[20:42:29] [Server thread/INFO]: [@: Object successfully summoned]
[20:42:29] [Server thread/INFO]: [@: Object successfully summoned]
[20:42:30] [Async Chat Thread - #7/INFO]: <bigcuck67> thanks daddy[m

[20:42:32] [Server thread/INFO]: [@: Object successfully summoned]
[20:42:32] [Server thread/INFO]: [@: Object successfully summoned]
[20:42:32] [Server thread/INFO]: [@: Object successfully summoned]
[20:42:32] [Server thread/INFO]: [@: Object successfully summoned]
[20:42:35] [Server thread/INFO]: [@: Object successfully summoned]
[20:42:35] [Server thread/INFO]: [@: Object successfully summoned]
[20:42:35] [Server thread/INFO]: [@: Object successfully summoned]
[20:42:35] [Server thread/INFO]: [@: Object successfully summoned]
[20:42:38] [Server thread/INFO]: [@: Object successfully summoned]
[20:42:38] [Server thread/INFO]: [@: Object successfully summoned]
[20:42:38] [Server thread/INFO]: [@: Object successfully summoned]
[20:42:38] [Server thread/INFO]: [@: Object successfully summoned]
[20:42:41] [Server thread/INFO]: [@: Object successfully summoned]
[20:42:41] [Server thread/INFO]: [@: Object successfully summoned]
[20:42:41] [Server thread/INFO]: [@: Object successfully summoned]
[20:42:41] [Server thread/INFO]: [@: Object successfully summoned]
[20:42:42] [Async Chat Thread - #7/INFO]: <nude_dude> yes[m

[20:42:42] [Server thread/INFO]: [@: 1 blocks filled]
[20:42:46] [Async Chat Thread - #7/INFO]: <nude_dude> ok[m

[20:42:52] [Server thread/INFO]: nude_dude issued server command: /tpa cooldog123
[20:43:06] [Server thread/INFO]: BEAN issued server command: /home
[20:43:07] [Server thread/INFO]: lamm issued server command: /tpa bean
[20:43:15] [Server thread/INFO]: BEAN issued server command: /accept
[20:43:16] [Async Chat Thread - #7/INFO]: <cooldog123> are you gonna tp jack?[m

[20:43:28] [Server thread/INFO]: Graef issued server command: /tpa nude_dude
[20:43:33] [Server thread/INFO]: BEAN issued server command: /homes
[20:43:36] [Async Chat Thread - #7/INFO]: <nude_dude> greaf no[m

[20:43:44] [Server thread/INFO]: nude_dude issued server command: /tpa cooldog123
[20:43:48] [Async Chat Thread - #7/INFO]: <Graef> why noooot[m

[20:43:52] [Server thread/INFO]: jerry_ issued server command: /worldedit
[20:44:06] [Async Chat Thread - #7/INFO]: <Graef> i need enchants[m

[20:44:07] [Server thread/INFO]: jerry_ issued server command: /worldedit
[20:44:10] [Async Chat Thread - #7/INFO]: <diddybootyjackso> greaf how tall are u[m

[20:44:16] [Async Chat Thread - #7/INFO]: <cooldog123> haha[m

[20:44:22] [Async Chat Thread - #7/INFO]: <cooldog123> 4,11[m

[20:44:25] [Server thread/INFO]: jerry_ issued server command: /give worldedit
[20:44:28] [Async Chat Thread - #7/INFO]: <Graef> ive grown since then[m

[20:44:41] [Server thread/INFO]: diddybootyjackso issued server command: /home basee
[20:44:42] [Async Chat Thread - #7/INFO]: <Graef> im no longer 4'11[m

[20:44:45] [Async Chat Thread - #7/INFO]: <BEAN> wow[m

[20:44:48] [Async Chat Thread - #7/INFO]: <Graef> i know[m

[20:44:54] [Async Chat Thread - #7/INFO]: <BEAN> 5'5[m

[20:44:54] [Async Chat Thread - #7/INFO]: <cooldog123> insaine[m

[20:45:04] [Async Chat Thread - #7/INFO]: <cooldog123> jack[m

[20:45:14] [Async Chat Thread - #7/INFO]: <nude_dude> what[m

[20:45:19] [Async Chat Thread - #7/INFO]: <diddybootyjackso> i need lapiz[m

[20:45:24] [Server thread/INFO]: jerry_ issued server command: //worldedit
[20:45:25] [Async Chat Thread - #7/INFO]: <Graef> who is diddybootyjackso[m

[20:45:29] [Async Chat Thread - #7/INFO]: <cooldog123> are you gonna tp to me[m

[20:45:30] [Async Chat Thread - #7/INFO]: <diddybootyjackso> michael[m

[20:45:34] [Async Chat Thread - #7/INFO]: <Graef> ahh[m

[20:45:37] [Async Chat Thread - #7/INFO]: <nude_dude> yes[m

[20:45:42] [Async Chat Thread - #7/INFO]: <cooldog123> ok[m

[20:45:42] [Server thread/INFO]: nude_dude issued server command: /tpa cooldog123
[20:45:43] [Async Chat Thread - #7/INFO]: <Graef> is this your base?[m

[20:45:46] [Server thread/INFO]: cooldog123 issued server command: /accept
[20:45:47] [Async Chat Thread - #7/INFO]: <Graef> or rodrigos[m

[20:46:04] [Async Chat Thread - #7/INFO]: <cooldog123> holyyyy[m

[20:46:07] [Server thread/INFO]: jerry_ issued server command: //replace
[20:46:11] [Async Chat Thread - #7/INFO]: <diddybootyjackso> me jacks and rodriis and jeramyas base[m

[20:46:13] [Server thread/INFO]: jerry_ issued server command: //axe
[20:46:19] [Server thread/INFO]: jerry_ issued server command: //give worldedit
[20:46:25] [Async Chat Thread - #7/INFO]: <nude_dude> what happened here[m

[20:46:26] [Async Chat Thread - #7/INFO]: <Graef> how much[m

[20:46:27] [Async Chat Thread - #7/INFO]: <cooldog123> im in the process of repairing[m

[20:46:35] [Async Chat Thread - #7/INFO]: <cooldog123> bentlrey happened[m

[20:46:38] [Async Chat Thread - #7/INFO]: <diddybootyjackso> what[m

[20:46:43] [Server thread/INFO]: jerry_ issued server command: /worldedithelp
[20:46:45] [Async Chat Thread - #7/INFO]: <Graef> how much damage[m

[20:46:46] [Async Chat Thread - #7/INFO]: <BEAN> ts was not me[m

[20:46:47] [Server thread/INFO]: jerry_ issued server command: //worldedithelp
[20:46:51] [Async Chat Thread - #7/INFO]: <cooldog123> bentley blew my base up[m

[20:46:52] [Server thread/INFO]: jerry_ issued server command: //worldedit
[20:46:54] [Async Chat Thread - #7/INFO]: <nude_dude> ill help[m

[20:47:00] [Async Chat Thread - #7/INFO]: <diddybootyjackso> like 1 and half[m

[20:47:01] [Async Chat Thread - #7/INFO]: <cooldog123> bro stop lying[m

[20:47:04] [Async Chat Thread - #7/INFO]: <Graef> bruhh[m

[20:47:04] [Server thread/INFO]: jerry_ issued server command: /help
[20:47:13] [Server thread/INFO]: jerry_ issued server command: /helphelp 13
[20:47:17] [Server thread/INFO]: jerry_ issued server command: /help 13
[20:47:18] [Async Chat Thread - #7/INFO]: <Graef> what would you do if i killed you[m

[20:47:18] [Async Chat Thread - #7/INFO]: <diddybootyjackso> hit again[m

[20:47:22] [Async Chat Thread - #7/INFO]: <BEAN> ur still at the same place....[m

[20:47:26] [Async Chat Thread - #7/INFO]: <diddybootyjackso> 2 hearts[m

[20:47:28] [Server thread/INFO]: jerry_ issued server command: /wand
[20:47:35] [Server thread/INFO]: jerry_ issued server command: /help 12
[20:47:36] [Async Chat Thread - #7/INFO]: <Graef> what if i theoreticaly killed you[m

[20:47:40] [Server thread/INFO]: jerry_ issued server command: /help 14
[20:47:46] [Async Chat Thread - #7/INFO]: <diddybootyjackso> nu uh[m

[20:47:47] [Server thread/INFO]: jerry_ issued server command: /help 15
[20:47:51] [Server thread/INFO]: jerry_ issued server command: /help 13
[20:47:52] [Server thread/INFO]: nude_dude issued server command: /home base
[20:47:58] [Async Chat Thread - #7/INFO]: <Graef> awnser[m

[20:48:03] [Async Chat Thread - #7/INFO]: <Graef> what would you do[m

[20:48:06] [Server thread/INFO]: jerry_ issued server command: /farwand
[20:48:12] [Async Chat Thread - #7/INFO]: <cooldog123> what me[m

[20:48:13] [Server thread/INFO]: jerry_ issued server command: //wand
[20:48:15] [Async Chat Thread - #7/INFO]: <cooldog123> ?[m

[20:48:16] [Server thread/INFO]: lamm was slain by nude_dude
[20:48:21] [Async Chat Thread - #7/INFO]: <diddybootyjackso> dothat[m

[20:48:30] [Server thread/INFO]: cooldog123 issued server command: /home cool
[20:48:42] [Server thread/INFO]: diddybootyjackso was slain by Graef
[20:48:48] [Server thread/INFO]: diddybootyjackso issued server command: /back
[20:48:48] [Server thread/INFO]: lamm issued server command: /back
[20:48:49] [Async Chat Thread - #7/INFO]: <Graef> i wont take stuff[m

[20:48:52] [Server thread/INFO]: jerry_ issued server command: //replace
[20:48:56] [Async Chat Thread - #7/INFO]: <Graef> wanted to see hpw good you were[m

[20:49:02] [Server thread/INFO]: jerry_ issued server command: //replace yellow_wool
[20:49:10] [Server thread/INFO]: jerry_ issued server command: //replace wool:4
[20:49:17] [Server thread/INFO]: BEAN was shot by nude_dude
[20:49:22] [Server thread/INFO]: BEAN issued server command: /back
[20:49:23] [Async Chat Thread - #7/INFO]: <diddybootyjackso> how many heart did you have left[m

[20:49:24] [Async Chat Thread - #7/INFO]: <Graef> jack on a spree[m

[20:49:24] [Server thread/INFO]: lamm was shot by nude_dude
[20:49:24] [Server thread/INFO]: jerry_ issued server command: //replace wool:4 stained_clay;4
[20:49:28] [Async Chat Thread - #7/INFO]: <Graef> i was at halfww[m

[20:49:32] [Server thread/INFO]: jerry_ issued server command: //replace wool:4 stained_clay:4
[20:49:36] [Server thread/INFO]: lamm issued server command: /back
[20:49:44] [Server thread/INFO]: lamm was slain by nude_dude
[20:49:50] [Server thread/INFO]: Graef issued server command: /home spawn
[20:49:52] [Server thread/INFO]: Graef was slain by diddybootyjackso using [nigger killer]
[20:49:56] [Server thread/INFO]: lamm issued server command: /back
[20:49:56] [Server thread/INFO]: jerry_ issued server command: //replace stained_clay;4
[20:49:57] [Server thread/INFO]: Graef issued server command: /back
[20:49:59] [Server thread/INFO]: jerry_ issued server command: //replace stained_clay;5
[20:50:03] [Server thread/INFO]: jerry_ issued server command: //replace stained_clay : 4
[20:50:03] [Server thread/ERROR]: [WorldEdit] An unexpected error while handling a WorldEdit command
java.lang.reflect.InvocationTargetException: null
	at jdk.internal.reflect.DirectMethodHandleAccessor.invoke(DirectMethodHandleAccessor.java:118) ~[?:?]
	at java.lang.reflect.Method.invoke(Method.java:580) ~[?:?]
	at com.sk89q.worldedit.util.command.parametric.BindingHelper.bind(BindingHelper.java:167) ~[?:?]
	at com.sk89q.worldedit.util.command.parametric.ParametricCallable.call(ParametricCallable.java:220) ~[?:?]
	at com.sk89q.worldedit.util.command.SimpleDispatcher.call(SimpleDispatcher.java:125) ~[?:?]
	at com.sk89q.worldedit.extension.platform.CommandManager.handleCommand(CommandManager.java:225) ~[?:?]
	at jdk.internal.reflect.DirectMethodHandleAccessor.invoke(DirectMethodHandleAccessor.java:103) ~[?:?]
	at java.lang.reflect.Method.invoke(Method.java:580) ~[?:?]
	at com.sk89q.worldedit.util.eventbus.MethodEventHandler.dispatch(MethodEventHandler.java:58) ~[?:?]
	at com.sk89q.worldedit.util.eventbus.EventHandler.handleEvent(EventHandler.java:73) ~[?:?]
	at com.sk89q.worldedit.util.eventbus.EventBus.dispatch(EventBus.java:187) ~[?:?]
	at com.sk89q.worldedit.util.eventbus.EventBus.post(EventBus.java:173) ~[?:?]
	at com.sk89q.worldedit.bukkit.WorldEditPlugin.onCommand(WorldEditPlugin.java:242) ~[?:?]
	at com.sk89q.bukkit.util.DynamicPluginCommand.execute(DynamicPluginCommand.java:54) ~[?:?]
	at org.bukkit.command.SimpleCommandMap.dispatch(SimpleCommandMap.java:146) ~[patched_1.8.8.jar:git-PaperSpigot-445]
	at org.bukkit.craftbukkit.v1_8_R3.CraftServer.dispatchCommand(CraftServer.java:666) ~[patched_1.8.8.jar:git-PaperSpigot-445]
	at net.minecraft.server.v1_8_R3.PlayerConnection.handleCommand(PlayerConnection.java:1189) ~[patched_1.8.8.jar:git-PaperSpigot-445]
	at net.minecraft.server.v1_8_R3.PlayerConnection.a(PlayerConnection.java:1001) ~[patched_1.8.8.jar:git-PaperSpigot-445]
	at net.minecraft.server.v1_8_R3.PacketPlayInChat.a(PacketPlayInChat.java:45) ~[patched_1.8.8.jar:git-PaperSpigot-445]
	at net.minecraft.server.v1_8_R3.PacketPlayInChat.a(PacketPlayInChat.java:1) ~[patched_1.8.8.jar:git-PaperSpigot-445]
	at net.minecraft.server.v1_8_R3.PlayerConnectionUtils$1.run(SourceFile:13) ~[patched_1.8.8.jar:git-PaperSpigot-445]
	at java.util.concurrent.Executors$RunnableAdapter.call(Executors.java:572) ~[?:?]
	at java.util.concurrent.FutureTask.run(FutureTask.java:317) ~[?:?]
	at net.minecraft.server.v1_8_R3.SystemUtils.a(SourceFile:44) ~[patched_1.8.8.jar:git-PaperSpigot-445]
	at net.minecraft.server.v1_8_R3.MinecraftServer.B(MinecraftServer.java:774) ~[patched_1.8.8.jar:git-PaperSpigot-445]
	at net.minecraft.server.v1_8_R3.DedicatedServer.B(DedicatedServer.java:378) ~[patched_1.8.8.jar:git-PaperSpigot-445]
	at net.minecraft.server.v1_8_R3.MinecraftServer.A(MinecraftServer.java:713) ~[patched_1.8.8.jar:git-PaperSpigot-445]
	at net.minecraft.server.v1_8_R3.MinecraftServer.run(MinecraftServer.java:616) ~[patched_1.8.8.jar:git-PaperSpigot-445]
	at java.lang.Thread.run(Thread.java:1583) [?:?]
Caused by: java.lang.StringIndexOutOfBoundsException: Index 0 out of bounds for length 0
	at jdk.internal.util.Preconditions$1.apply(Preconditions.java:55) ~[?:?]
	at jdk.internal.util.Preconditions$1.apply(Preconditions.java:52) ~[?:?]
	at jdk.internal.util.Preconditions$4.apply(Preconditions.java:213) ~[?:?]
	at jdk.internal.util.Preconditions$4.apply(Preconditions.java:210) ~[?:?]
	at jdk.internal.util.Preconditions.outOfBounds(Preconditions.java:98) ~[?:?]
	at jdk.internal.util.Preconditions.outOfBoundsCheckIndex(Preconditions.java:106) ~[?:?]
	at jdk.internal.util.Preconditions.checkIndex(Preconditions.java:302) ~[?:?]
	at java.lang.String.checkIndex(String.java:4832) ~[?:?]
	at java.lang.StringLatin1.charAt(StringLatin1.java:46) ~[?:?]
	at java.lang.String.charAt(String.java:1555) ~[?:?]
	at com.sk89q.util.StringUtil.lookup(StringUtil.java:290) ~[?:?]
	at com.sk89q.worldedit.blocks.BlockType.lookup(BlockType.java:323) ~[?:?]
	at com.sk89q.worldedit.blocks.BlockType.lookup(BlockType.java:308) ~[?:?]
	at com.sk89q.worldedit.extension.factory.DefaultBlockParser.parseFromInput(DefaultBlockParser.java:118) ~[?:?]
	at com.sk89q.worldedit.extension.factory.DefaultBlockParser.parseFromInput(DefaultBlockParser.java:37) ~[?:?]
	at com.sk89q.worldedit.internal.registry.AbstractFactory.parseFromInput(AbstractFactory.java:57) ~[?:?]
	at com.sk89q.worldedit.extension.factory.SingleBlockPatternParser.parseFromInput(SingleBlockPatternParser.java:40) ~[?:?]
	at com.sk89q.worldedit.extension.factory.SingleBlockPatternParser.parseFromInput(SingleBlockPatternParser.java:29) ~[?:?]
	at com.sk89q.worldedit.internal.registry.AbstractFactory.parseFromInput(AbstractFactory.java:57) ~[?:?]
	at com.sk89q.worldedit.internal.command.WorldEditBinding.getPattern(WorldEditBinding.java:213) ~[?:?]
	at jdk.internal.reflect.DirectMethodHandleAccessor.invoke(DirectMethodHandleAccessor.java:103) ~[?:?]
	... 28 more
[20:50:21] [Server thread/INFO]: jerry_ issued server command: //replace stained_hardened_clay
[20:50:24] [Server thread/INFO]: jerry_ issued server command: //replace stained_hardened_clay:4
[20:50:25] [Server thread/INFO]: Graef issued server command: /home spawn
[20:50:39] [Async Chat Thread - #8/INFO]: <cooldog123> efrin[m

[20:50:43] [Async Chat Thread - #8/INFO]: <bigcuck67> yes[m

[20:50:53] [Server thread/INFO]: lamm was slain by nude_dude
[20:50:55] [Server thread/INFO]: BEAN was slain by nude_dude
[20:50:59] [Server thread/INFO]: lamm issued server command: /back
[20:51:04] [Server thread/INFO]: BEAN was slain by Graef
[20:51:05] [Server thread/INFO]: lamm was slain by Graef
[20:51:08] [Server thread/INFO]: BEAN was slain by Graef
[20:51:08] [Server thread/INFO]: lamm was slain by Graef
[20:51:14] [Async Chat Thread - #8/INFO]: <Graef> mb mb[m

[20:51:19] [Server thread/INFO]: [@: 1 blocks filled]
[20:51:21] [Server thread/INFO]: [@: Object successfully summoned]
[20:51:21] [Server thread/INFO]: [@: Object successfully summoned]
[20:51:21] [Server thread/INFO]: [@: Object successfully summoned]
[20:51:21] [Server thread/INFO]: [@: Object successfully summoned]
[20:51:23] [Server thread/INFO]: [@: Object successfully summoned]
[20:51:23] [Server thread/INFO]: [@: Object successfully summoned]
[20:51:23] [Server thread/INFO]: [@: Object successfully summoned]
[20:51:23] [Server thread/INFO]: [@: Object successfully summoned]
[20:51:24] [Server thread/INFO]: [@: 1 blocks filled]
[20:51:25] [Server thread/INFO]: BEAN issued server command: /back
[20:51:28] [Server thread/INFO]: lamm issued server command: /home base
[20:51:33] [Server thread/INFO]: diddybootyjackso issued server command: /home base
[20:51:36] [Server thread/INFO]: jerry_ issued server command: //replace stained_hardened_clay:4
[20:51:41] [Server thread/INFO]: jerry_ issued server command: //replace air stained_hardened_clay:4
[20:51:43] [Async Chat Thread - #8/INFO]: <nude_dude> greaf stop[m

[20:51:45] [Server thread/INFO]: BEAN issued server command: /tpa nude_dude
[20:51:55] [Async Chat Thread - #8/INFO]: <Graef> i wasnt doing anything[m

[20:51:56] [Server thread/INFO]: nude_dude issued server command: /accept
[20:51:58] [Server thread/INFO]: jerry_ issued server command: //replace air stained_hardened_clay:4
[20:52:11] [Server thread/INFO]: jerry_ issued server command: //replace air stained_hardened_clay:4
[20:52:17] [Server thread/INFO]: [@: 1 blocks filled]
[20:52:20] [Server thread/INFO]: [@: Object successfully summoned]
[20:52:20] [Server thread/INFO]: [@: Object successfully summoned]
[20:52:20] [Server thread/INFO]: [@: Object successfully summoned]
[20:52:20] [Server thread/INFO]: [@: Object successfully summoned]
[20:52:22] [Server thread/INFO]: [@: Object successfully summoned]
[20:52:22] [Server thread/INFO]: [@: Object successfully summoned]
[20:52:22] [Server thread/INFO]: [@: Object successfully summoned]
[20:52:22] [Server thread/INFO]: [@: Object successfully summoned]
[20:52:25] [Server thread/INFO]: [@: Object successfully summoned]
[20:52:25] [Server thread/INFO]: [@: Object successfully summoned]
[20:52:25] [Server thread/INFO]: [@: Object successfully summoned]
[20:52:25] [Server thread/INFO]: [@: Object successfully summoned]
[20:52:28] [Server thread/INFO]: [@: Object successfully summoned]
[20:52:28] [Server thread/INFO]: [@: Object successfully summoned]
[20:52:28] [Server thread/INFO]: [@: Object successfully summoned]
[20:52:28] [Server thread/INFO]: [@: Object successfully summoned]
[20:52:28] [Server thread/INFO]: jerry_ issued server command: //replace air stained_hardened_clay:4
[20:52:31] [Server thread/INFO]: [@: Object successfully summoned]
[20:52:31] [Server thread/INFO]: [@: Object successfully summoned]
[20:52:31] [Server thread/INFO]: [@: Object successfully summoned]
[20:52:31] [Server thread/INFO]: [@: Object successfully summoned]
[20:52:34] [Server thread/INFO]: [@: Object successfully summoned]
[20:52:34] [Server thread/INFO]: [@: Object successfully summoned]
[20:52:34] [Server thread/INFO]: [@: Object successfully summoned]
[20:52:34] [Server thread/INFO]: [@: Object successfully summoned]
[20:52:35] [Async Chat Thread - #8/INFO]: <BEAN> i have nothing[m

[20:52:37] [Server thread/INFO]: [@: Object successfully summoned]
[20:52:37] [Server thread/INFO]: [@: Object successfully summoned]
[20:52:37] [Server thread/INFO]: [@: Object successfully summoned]
[20:52:37] [Server thread/INFO]: [@: Object successfully summoned]
[20:52:39] [Server thread/INFO]: [@: Object successfully summoned]
[20:52:39] [Server thread/INFO]: [@: Object successfully summoned]
[20:52:39] [Server thread/INFO]: [@: Object successfully summoned]
[20:52:39] [Server thread/INFO]: [@: Object successfully summoned]
[20:52:42] [Server thread/INFO]: [@: Object successfully summoned]
[20:52:42] [Server thread/INFO]: [@: Object successfully summoned]
[20:52:42] [Server thread/INFO]: [@: Object successfully summoned]
[20:52:42] [Server thread/INFO]: [@: Object successfully summoned]
[20:52:45] [Server thread/INFO]: [@: Object successfully summoned]
[20:52:45] [Server thread/INFO]: [@: Object successfully summoned]
[20:52:45] [Server thread/INFO]: [@: Object successfully summoned]
[20:52:45] [Server thread/INFO]: [@: Object successfully summoned]
[20:52:46] [Async Chat Thread - #8/INFO]: <BEAN> im here for niggas[m

[20:52:48] [Server thread/INFO]: [@: Object successfully summoned]
[20:52:48] [Server thread/INFO]: [@: Object successfully summoned]
[20:52:48] [Server thread/INFO]: [@: Object successfully summoned]
[20:52:48] [Server thread/INFO]: [@: Object successfully summoned]
[20:52:49] [Async Chat Thread - #8/INFO]: <diddybootyjackso> whis is this[m

[20:52:51] [Server thread/INFO]: [@: Object successfully summoned]
[20:52:51] [Server thread/INFO]: [@: Object successfully summoned]
[20:52:51] [Server thread/INFO]: [@: Object successfully summoned]
[20:52:51] [Server thread/INFO]: [@: Object successfully summoned]
[20:52:53] [Server thread/INFO]: [@: Object successfully summoned]
[20:52:53] [Server thread/INFO]: [@: Object successfully summoned]
[20:52:53] [Server thread/INFO]: [@: Object successfully summoned]
[20:52:53] [Server thread/INFO]: [@: Object successfully summoned]
[20:52:56] [Server thread/INFO]: [@: Object successfully summoned]
[20:52:56] [Server thread/INFO]: [@: Object successfully summoned]
[20:52:56] [Server thread/INFO]: [@: Object successfully summoned]
[20:52:56] [Server thread/INFO]: [@: Object successfully summoned]
[20:52:59] [Server thread/INFO]: [@: Object successfully summoned]
[20:52:59] [Server thread/INFO]: [@: Object successfully summoned]
[20:52:59] [Server thread/INFO]: [@: Object successfully summoned]
[20:52:59] [Server thread/INFO]: [@: Object successfully summoned]
[20:53:02] [Server thread/INFO]: [@: Object successfully summoned]
[20:53:02] [Server thread/INFO]: [@: Object successfully summoned]
[20:53:02] [Server thread/INFO]: [@: Object successfully summoned]
[20:53:02] [Server thread/INFO]: [@: Object successfully summoned]
[20:53:05] [Server thread/INFO]: [@: Object successfully summoned]
[20:53:05] [Server thread/INFO]: [@: Object successfully summoned]
[20:53:05] [Server thread/INFO]: [@: Object successfully summoned]
[20:53:05] [Server thread/INFO]: [@: Object successfully summoned]
[20:53:07] [Server thread/INFO]: [@: Object successfully summoned]
[20:53:07] [Server thread/INFO]: [@: Object successfully summoned]
[20:53:07] [Server thread/INFO]: [@: Object successfully summoned]
[20:53:07] [Server thread/INFO]: [@: Object successfully summoned]
[20:53:10] [Server thread/INFO]: [@: Object successfully summoned]
[20:53:10] [Server thread/INFO]: [@: Object successfully summoned]
[20:53:10] [Server thread/INFO]: [@: Object successfully summoned]
[20:53:10] [Server thread/INFO]: [@: Object successfully summoned]
[20:53:13] [Server thread/INFO]: [@: Object successfully summoned]
[20:53:13] [Server thread/INFO]: [@: Object successfully summoned]
[20:53:13] [Server thread/INFO]: [@: Object successfully summoned]
[20:53:13] [Server thread/INFO]: [@: Object successfully summoned]
[20:53:16] [Server thread/INFO]: [@: Object successfully summoned]
[20:53:16] [Server thread/INFO]: [@: Object successfully summoned]
[20:53:16] [Server thread/INFO]: [@: Object successfully summoned]
[20:53:16] [Server thread/INFO]: [@: Object successfully summoned]
[20:53:19] [Server thread/INFO]: [@: Object successfully summoned]
[20:53:19] [Server thread/INFO]: [@: Object successfully summoned]
[20:53:19] [Server thread/INFO]: [@: Object successfully summoned]
[20:53:19] [Server thread/INFO]: [@: Object successfully summoned]
[20:53:21] [Async Chat Thread - #8/INFO]: <nude_dude> its a truce[m

[20:53:21] [Server thread/INFO]: [@: Object successfully summoned]
[20:53:21] [Server thread/INFO]: [@: Object successfully summoned]
[20:53:21] [Server thread/INFO]: [@: Object successfully summoned]
[20:53:21] [Server thread/INFO]: [@: Object successfully summoned]
[20:53:24] [Server thread/INFO]: [@: Object successfully summoned]
[20:53:24] [Server thread/INFO]: [@: Object successfully summoned]
[20:53:24] [Server thread/INFO]: [@: Object successfully summoned]
[20:53:24] [Server thread/INFO]: [@: Object successfully summoned]
[20:53:27] [Server thread/INFO]: [@: Object successfully summoned]
[20:53:27] [Server thread/INFO]: [@: Object successfully summoned]
[20:53:27] [Server thread/INFO]: [@: Object successfully summoned]
[20:53:27] [Server thread/INFO]: [@: Object successfully summoned]
[20:53:28] [Async Chat Thread - #8/INFO]: <nude_dude> ooohhh fat ahhh[m

[20:53:30] [Server thread/INFO]: [@: Object successfully summoned]
[20:53:30] [Server thread/INFO]: [@: Object successfully summoned]
[20:53:30] [Server thread/INFO]: [@: Object successfully summoned]
[20:53:30] [Server thread/INFO]: [@: Object successfully summoned]
[20:53:33] [Server thread/INFO]: [@: Object successfully summoned]
[20:53:33] [Server thread/INFO]: [@: Object successfully summoned]
[20:53:33] [Server thread/INFO]: [@: Object successfully summoned]
[20:53:33] [Server thread/INFO]: [@: Object successfully summoned]
[20:53:35] [Server thread/INFO]: [@: Object successfully summoned]
[20:53:35] [Server thread/INFO]: [@: Object successfully summoned]
[20:53:35] [Server thread/INFO]: [@: Object successfully summoned]
[20:53:35] [Server thread/INFO]: [@: Object successfully summoned]
[20:53:38] [Server thread/INFO]: [@: Object successfully summoned]
[20:53:38] [Server thread/INFO]: [@: Object successfully summoned]
[20:53:38] [Server thread/INFO]: [@: Object successfully summoned]
[20:53:38] [Server thread/INFO]: [@: Object successfully summoned]
[20:53:41] [Server thread/INFO]: [@: Object successfully summoned]
[20:53:41] [Server thread/INFO]: [@: Object successfully summoned]
[20:53:41] [Server thread/INFO]: [@: Object successfully summoned]
[20:53:41] [Server thread/INFO]: [@: Object successfully summoned]
[20:53:44] [Server thread/INFO]: [@: Object successfully summoned]
[20:53:44] [Server thread/INFO]: [@: Object successfully summoned]
[20:53:44] [Server thread/INFO]: [@: Object successfully summoned]
[20:53:44] [Server thread/INFO]: [@: Object successfully summoned]
[20:53:44] [Server thread/INFO]: nude_dude issued server command: /home spawn
[20:53:47] [Server thread/INFO]: [@: Object successfully summoned]
[20:53:47] [Server thread/INFO]: [@: Object successfully summoned]
[20:53:47] [Server thread/INFO]: [@: Object successfully summoned]
[20:53:47] [Server thread/INFO]: [@: Object successfully summoned]
[20:53:50] [Server thread/INFO]: [@: Object successfully summoned]
[20:53:50] [Server thread/INFO]: [@: Object successfully summoned]
[20:53:50] [Server thread/INFO]: [@: Object successfully summoned]
[20:53:50] [Server thread/INFO]: [@: Object successfully summoned]
[20:53:52] [Server thread/INFO]: [@: Object successfully summoned]
[20:53:52] [Server thread/INFO]: [@: Object successfully summoned]
[20:53:52] [Server thread/INFO]: [@: Object successfully summoned]
[20:53:52] [Server thread/INFO]: [@: Object successfully summoned]
[20:53:55] [Server thread/INFO]: [@: Object successfully summoned]
[20:53:55] [Server thread/INFO]: [@: Object successfully summoned]
[20:53:55] [Server thread/INFO]: [@: Object successfully summoned]
[20:53:55] [Server thread/INFO]: [@: Object successfully summoned]
[20:53:58] [Server thread/INFO]: [@: Object successfully summoned]
[20:53:58] [Server thread/INFO]: [@: Object successfully summoned]
[20:53:58] [Server thread/INFO]: [@: Object successfully summoned]
[20:53:58] [Server thread/INFO]: [@: Object successfully summoned]
[20:54:01] [Server thread/INFO]: [@: Object successfully summoned]
[20:54:01] [Server thread/INFO]: [@: Object successfully summoned]
[20:54:01] [Server thread/INFO]: [@: Object successfully summoned]
[20:54:01] [Server thread/INFO]: [@: Object successfully summoned]
[20:54:04] [Server thread/INFO]: [@: Object successfully summoned]
[20:54:04] [Server thread/INFO]: [@: Object successfully summoned]
[20:54:04] [Server thread/INFO]: [@: Object successfully summoned]
[20:54:04] [Server thread/INFO]: [@: Object successfully summoned]
[20:54:06] [Async Chat Thread - #8/INFO]: <diddybootyjackso> big dog[m

[20:54:06] [Server thread/INFO]: [@: Object successfully summoned]
[20:54:06] [Server thread/INFO]: [@: Object successfully summoned]
[20:54:06] [Server thread/INFO]: [@: Object successfully summoned]
[20:54:06] [Server thread/INFO]: [@: Object successfully summoned]
[20:54:09] [Server thread/INFO]: [@: Object successfully summoned]
[20:54:09] [Server thread/INFO]: [@: Object successfully summoned]
[20:54:09] [Server thread/INFO]: [@: Object successfully summoned]
[20:54:09] [Server thread/INFO]: [@: Object successfully summoned]
[20:54:11] [Async Chat Thread - #8/INFO]: <BEAN> my stuff[m

[20:54:12] [Server thread/INFO]: [@: Object successfully summoned]
[20:54:12] [Server thread/INFO]: [@: Object successfully summoned]
[20:54:12] [Server thread/INFO]: [@: Object successfully summoned]
[20:54:12] [Server thread/INFO]: [@: Object successfully summoned]
[20:54:15] [Server thread/INFO]: [@: Object successfully summoned]
[20:54:15] [Server thread/INFO]: [@: Object successfully summoned]
[20:54:15] [Server thread/INFO]: [@: Object successfully summoned]
[20:54:15] [Server thread/INFO]: [@: Object successfully summoned]
[20:54:18] [Server thread/INFO]: [@: Object successfully summoned]
[20:54:18] [Server thread/INFO]: [@: Object successfully summoned]
[20:54:18] [Server thread/INFO]: [@: Object successfully summoned]
[20:54:18] [Server thread/INFO]: [@: Object successfully summoned]
[20:54:20] [Server thread/INFO]: [@: Object successfully summoned]
[20:54:20] [Server thread/INFO]: [@: Object successfully summoned]
[20:54:20] [Server thread/INFO]: [@: Object successfully summoned]
[20:54:20] [Server thread/INFO]: [@: Object successfully summoned]
[20:54:23] [Server thread/INFO]: [@: Object successfully summoned]
[20:54:23] [Server thread/INFO]: [@: Object successfully summoned]
[20:54:23] [Server thread/INFO]: [@: Object successfully summoned]
[20:54:23] [Server thread/INFO]: [@: Object successfully summoned]
[20:54:26] [Server thread/INFO]: [@: Object successfully summoned]
[20:54:26] [Server thread/INFO]: [@: Object successfully summoned]
[20:54:26] [Server thread/INFO]: [@: Object successfully summoned]
[20:54:26] [Server thread/INFO]: [@: Object successfully summoned]
[20:54:29] [Server thread/INFO]: [@: Object successfully summoned]
[20:54:29] [Server thread/INFO]: [@: Object successfully summoned]
[20:54:29] [Server thread/INFO]: [@: Object successfully summoned]
[20:54:29] [Server thread/INFO]: [@: Object successfully summoned]
[20:54:32] [Server thread/INFO]: [@: Object successfully summoned]
[20:54:32] [Server thread/INFO]: [@: Object successfully summoned]
[20:54:32] [Server thread/INFO]: [@: Object successfully summoned]
[20:54:32] [Server thread/INFO]: [@: Object successfully summoned]
[20:54:34] [Server thread/INFO]: [@: Object successfully summoned]
[20:54:34] [Server thread/INFO]: [@: Object successfully summoned]
[20:54:34] [Server thread/INFO]: [@: Object successfully summoned]
[20:54:34] [Server thread/INFO]: [@: Object successfully summoned]
[20:54:37] [Server thread/INFO]: [@: Object successfully summoned]
[20:54:37] [Server thread/INFO]: [@: Object successfully summoned]
[20:54:37] [Server thread/INFO]: [@: Object successfully summoned]
[20:54:37] [Server thread/INFO]: [@: Object successfully summoned]
[20:54:40] [Server thread/INFO]: [@: Object successfully summoned]
[20:54:40] [Server thread/INFO]: [@: Object successfully summoned]
[20:54:40] [Server thread/INFO]: [@: Object successfully summoned]
[20:54:40] [Server thread/INFO]: [@: Object successfully summoned]
[20:54:42] [Server thread/INFO]: BEAN issued server command: /homes
[20:54:43] [Server thread/INFO]: [@: Object successfully summoned]
[20:54:43] [Server thread/INFO]: [@: Object successfully summoned]
[20:54:43] [Server thread/INFO]: [@: Object successfully summoned]
[20:54:43] [Server thread/INFO]: [@: Object successfully summoned]
[20:54:46] [Server thread/INFO]: [@: Object successfully summoned]
[20:54:46] [Server thread/INFO]: [@: Object successfully summoned]
[20:54:46] [Server thread/INFO]: [@: Object successfully summoned]
[20:54:46] [Server thread/INFO]: [@: Object successfully summoned]
[20:54:49] [Server thread/INFO]: [@: Object successfully summoned]
[20:54:49] [Server thread/INFO]: [@: Object successfully summoned]
[20:54:49] [Server thread/INFO]: [@: Object successfully summoned]
[20:54:49] [Server thread/INFO]: [@: Object successfully summoned]
[20:54:51] [Server thread/INFO]: [@: Object successfully summoned]
[20:54:51] [Server thread/INFO]: [@: Object successfully summoned]
[20:54:51] [Server thread/INFO]: [@: Object successfully summoned]
[20:54:51] [Server thread/INFO]: [@: Object successfully summoned]
[20:54:54] [Server thread/INFO]: [@: Object successfully summoned]
[20:54:54] [Server thread/INFO]: [@: Object successfully summoned]
[20:54:54] [Server thread/INFO]: [@: Object successfully summoned]
[20:54:54] [Server thread/INFO]: [@: Object successfully summoned]
[20:54:57] [Server thread/INFO]: [@: Object successfully summoned]
[20:54:57] [Server thread/INFO]: [@: Object successfully summoned]
[20:54:57] [Server thread/INFO]: [@: Object successfully summoned]
[20:54:57] [Server thread/INFO]: [@: Object successfully summoned]
[20:55:00] [Server thread/INFO]: [@: Object successfully summoned]
[20:55:00] [Server thread/INFO]: [@: Object successfully summoned]
[20:55:00] [Server thread/INFO]: [@: Object successfully summoned]
[20:55:00] [Server thread/INFO]: [@: Object successfully summoned]
[20:55:03] [Server thread/INFO]: [@: Object successfully summoned]
[20:55:03] [Server thread/INFO]: [@: Object successfully summoned]
[20:55:03] [Server thread/INFO]: [@: Object successfully summoned]
[20:55:03] [Server thread/INFO]: [@: Object successfully summoned]
[20:55:03] [Server thread/INFO]: BEAN issued server command: /home mike
[20:55:05] [Server thread/INFO]: [@: Object successfully summoned]
[20:55:05] [Server thread/INFO]: [@: Object successfully summoned]
[20:55:05] [Server thread/INFO]: [@: Object successfully summoned]
[20:55:05] [Server thread/INFO]: [@: Object successfully summoned]
[20:55:08] [Server thread/INFO]: [@: Object successfully summoned]
[20:55:08] [Server thread/INFO]: [@: Object successfully summoned]
[20:55:08] [Server thread/INFO]: [@: Object successfully summoned]
[20:55:08] [Server thread/INFO]: [@: Object successfully summoned]
[20:55:11] [Server thread/INFO]: [@: Object successfully summoned]
[20:55:11] [Server thread/INFO]: [@: Object successfully summoned]
[20:55:11] [Server thread/INFO]: [@: Object successfully summoned]
[20:55:11] [Server thread/INFO]: [@: Object successfully summoned]
[20:55:13] [Server thread/INFO]: Graef lost connection: Disconnected
[20:55:13] [Server thread/INFO]: Graef left the game.
[20:55:14] [Server thread/INFO]: [@: Object successfully summoned]
[20:55:14] [Server thread/INFO]: [@: Object successfully summoned]
[20:55:14] [Server thread/INFO]: [@: Object successfully summoned]
[20:55:14] [Server thread/INFO]: [@: Object successfully summoned]
[20:55:17] [Server thread/INFO]: [@: Object successfully summoned]
[20:55:17] [Server thread/INFO]: [@: Object successfully summoned]
[20:55:17] [Server thread/INFO]: [@: Object successfully summoned]
[20:55:17] [Server thread/INFO]: [@: Object successfully summoned]
[20:55:19] [Server thread/INFO]: [@: Object successfully summoned]
[20:55:19] [Server thread/INFO]: [@: Object successfully summoned]
[20:55:19] [Server thread/INFO]: [@: Object successfully summoned]
[20:55:19] [Server thread/INFO]: [@: Object successfully summoned]
[20:55:22] [Server thread/INFO]: [@: Object successfully summoned]
[20:55:22] [Server thread/INFO]: [@: Object successfully summoned]
[20:55:22] [Server thread/INFO]: [@: Object successfully summoned]
[20:55:22] [Server thread/INFO]: [@: Object successfully summoned]
[20:55:25] [Server thread/INFO]: [@: Object successfully summoned]
[20:55:25] [Server thread/INFO]: [@: Object successfully summoned]
[20:55:25] [Server thread/INFO]: [@: Object successfully summoned]
[20:55:25] [Server thread/INFO]: [@: Object successfully summoned]
[20:55:28] [Server thread/INFO]: [@: Object successfully summoned]
[20:55:28] [Server thread/INFO]: [@: Object successfully summoned]
[20:55:28] [Server thread/INFO]: [@: Object successfully summoned]
[20:55:28] [Server thread/INFO]: [@: Object successfully summoned]
[20:55:31] [Server thread/INFO]: [@: Object successfully summoned]
[20:55:31] [Server thread/INFO]: [@: Object successfully summoned]
[20:55:31] [Server thread/INFO]: [@: Object successfully summoned]
[20:55:31] [Server thread/INFO]: [@: Object successfully summoned]
[20:55:33] [Server thread/INFO]: [@: Object successfully summoned]
[20:55:33] [Server thread/INFO]: [@: Object successfully summoned]
[20:55:33] [Server thread/INFO]: [@: Object successfully summoned]
[20:55:33] [Server thread/INFO]: [@: Object successfully summoned]
[20:55:36] [Server thread/INFO]: [@: Object successfully summoned]
[20:55:36] [Server thread/INFO]: [@: Object successfully summoned]
[20:55:36] [Server thread/INFO]: [@: Object successfully summoned]
[20:55:36] [Server thread/INFO]: [@: Object successfully summoned]
[20:55:39] [Server thread/INFO]: [@: Object successfully summoned]
[20:55:39] [Server thread/INFO]: [@: Object successfully summoned]
[20:55:39] [Server thread/INFO]: [@: Object successfully summoned]
[20:55:39] [Server thread/INFO]: [@: Object successfully summoned]
[20:55:42] [Server thread/INFO]: [@: Object successfully summoned]
[20:55:42] [Server thread/INFO]: [@: Object successfully summoned]
[20:55:42] [Server thread/INFO]: [@: Object successfully summoned]
[20:55:42] [Server thread/INFO]: [@: Object successfully summoned]
[20:55:45] [Server thread/INFO]: [@: Object successfully summoned]
[20:55:45] [Server thread/INFO]: [@: Object successfully summoned]
[20:55:45] [Server thread/INFO]: [@: Object successfully summoned]
[20:55:45] [Server thread/INFO]: [@: Object successfully summoned]
[20:55:47] [Server thread/INFO]: nude_dude issued server command: /home base
[20:55:48] [Server thread/INFO]: [@: Object successfully summoned]
[20:55:48] [Server thread/INFO]: [@: Object successfully summoned]
[20:55:48] [Server thread/INFO]: [@: Object successfully summoned]
[20:55:48] [Server thread/INFO]: [@: Object successfully summoned]
[20:55:50] [Server thread/INFO]: [@: Object successfully summoned]
[20:55:50] [Server thread/INFO]: [@: Object successfully summoned]
[20:55:50] [Server thread/INFO]: [@: Object successfully summoned]
[20:55:50] [Server thread/INFO]: [@: Object successfully summoned]
[20:55:53] [Server thread/INFO]: [@: Object successfully summoned]
[20:55:53] [Server thread/INFO]: [@: Object successfully summoned]
[20:55:53] [Server thread/INFO]: [@: Object successfully summoned]
[20:55:53] [Server thread/INFO]: [@: Object successfully summoned]
[20:55:53] [Server thread/INFO]: BEAN was slain by Zombie
[20:55:56] [Server thread/INFO]: [@: Object successfully summoned]
[20:55:56] [Server thread/INFO]: [@: Object successfully summoned]
[20:55:56] [Server thread/INFO]: [@: Object successfully summoned]
[20:55:56] [Server thread/INFO]: [@: Object successfully summoned]
[20:55:59] [Server thread/INFO]: [@: Object successfully summoned]
[20:55:59] [Server thread/INFO]: [@: Object successfully summoned]
[20:55:59] [Server thread/INFO]: [@: Object successfully summoned]
[20:55:59] [Server thread/INFO]: [@: Object successfully summoned]
[20:56:02] [Server thread/INFO]: [@: Object successfully summoned]
[20:56:02] [Server thread/INFO]: [@: Object successfully summoned]
[20:56:02] [Server thread/INFO]: [@: Object successfully summoned]
[20:56:02] [Server thread/INFO]: [@: Object successfully summoned]
[20:56:04] [Server thread/INFO]: [@: Object successfully summoned]
[20:56:04] [Server thread/INFO]: [@: Object successfully summoned]
[20:56:04] [Server thread/INFO]: [@: Object successfully summoned]
[20:56:04] [Server thread/INFO]: [@: Object successfully summoned]
[20:56:07] [Server thread/INFO]: [@: Object successfully summoned]
[20:56:07] [Server thread/INFO]: [@: Object successfully summoned]
[20:56:07] [Server thread/INFO]: [@: Object successfully summoned]
[20:56:07] [Server thread/INFO]: [@: Object successfully summoned]
[20:56:10] [Server thread/INFO]: [@: Object successfully summoned]
[20:56:10] [Server thread/INFO]: [@: Object successfully summoned]
[20:56:10] [Server thread/INFO]: [@: Object successfully summoned]
[20:56:10] [Server thread/INFO]: [@: Object successfully summoned]
[20:56:13] [Server thread/INFO]: [@: Object successfully summoned]
[20:56:13] [Server thread/INFO]: [@: Object successfully summoned]
[20:56:13] [Server thread/INFO]: [@: Object successfully summoned]
[20:56:13] [Server thread/INFO]: [@: Object successfully summoned]
[20:56:16] [Server thread/INFO]: [@: Object successfully summoned]
[20:56:16] [Server thread/INFO]: [@: Object successfully summoned]
[20:56:16] [Server thread/INFO]: [@: Object successfully summoned]
[20:56:16] [Server thread/INFO]: [@: Object successfully summoned]
[20:56:18] [Server thread/INFO]: [@: Object successfully summoned]
[20:56:18] [Server thread/INFO]: [@: Object successfully summoned]
[20:56:18] [Server thread/INFO]: [@: Object successfully summoned]
[20:56:18] [Server thread/INFO]: [@: Object successfully summoned]
[20:56:21] [Server thread/INFO]: [@: Object successfully summoned]
[20:56:21] [Server thread/INFO]: [@: Object successfully summoned]
[20:56:21] [Server thread/INFO]: [@: Object successfully summoned]
[20:56:21] [Server thread/INFO]: [@: Object successfully summoned]
[20:56:21] [Async Chat Thread - #9/INFO]: <nude_dude> micheal[m

[20:56:22] [Server thread/INFO]: BEAN issued server command: /tpa bigcuck67
[20:56:24] [Server thread/INFO]: [@: Object successfully summoned]
[20:56:24] [Server thread/INFO]: [@: Object successfully summoned]
[20:56:24] [Server thread/INFO]: [@: Object successfully summoned]
[20:56:24] [Server thread/INFO]: [@: Object successfully summoned]
[20:56:26] [Async Chat Thread - #9/INFO]: <diddybootyjackso> what[m

[20:56:27] [Server thread/INFO]: [@: Object successfully summoned]
[20:56:27] [Server thread/INFO]: [@: Object successfully summoned]
[20:56:27] [Server thread/INFO]: [@: Object successfully summoned]
[20:56:27] [Server thread/INFO]: [@: Object successfully summoned]
[20:56:28] [Async Chat Thread - #9/INFO]: <nude_dude> look at my sword[m

[20:56:30] [Server thread/INFO]: [@: Object successfully summoned]
[20:56:30] [Server thread/INFO]: [@: Object successfully summoned]
[20:56:30] [Server thread/INFO]: [@: Object successfully summoned]
[20:56:30] [Server thread/INFO]: [@: Object successfully summoned]
[20:56:32] [Server thread/INFO]: [@: Object successfully summoned]
[20:56:32] [Server thread/INFO]: [@: Object successfully summoned]
[20:56:32] [Server thread/INFO]: [@: Object successfully summoned]
[20:56:32] [Server thread/INFO]: [@: Object successfully summoned]
[20:56:33] [Server thread/INFO]: bigcuck67 issued server command: /tpaccept
[20:56:35] [Server thread/INFO]: [@: Object successfully summoned]
[20:56:35] [Server thread/INFO]: [@: Object successfully summoned]
[20:56:35] [Server thread/INFO]: [@: Object successfully summoned]
[20:56:35] [Server thread/INFO]: [@: Object successfully summoned]
[20:56:38] [Server thread/INFO]: [@: Object successfully summoned]
[20:56:38] [Server thread/INFO]: [@: Object successfully summoned]
[20:56:38] [Server thread/INFO]: [@: Object successfully summoned]
[20:56:38] [Server thread/INFO]: [@: Object successfully summoned]
[20:56:41] [Server thread/INFO]: [@: Object successfully summoned]
[20:56:41] [Server thread/INFO]: [@: Object successfully summoned]
[20:56:41] [Server thread/INFO]: [@: Object successfully summoned]
[20:56:41] [Server thread/INFO]: [@: Object successfully summoned]
[20:56:44] [Server thread/INFO]: [@: Object successfully summoned]
[20:56:44] [Server thread/INFO]: [@: Object successfully summoned]
[20:56:44] [Server thread/INFO]: [@: Object successfully summoned]
[20:56:44] [Server thread/INFO]: [@: Object successfully summoned]
[20:56:46] [Server thread/INFO]: [@: Object successfully summoned]
[20:56:46] [Server thread/INFO]: [@: Object successfully summoned]
[20:56:46] [Server thread/INFO]: [@: Object successfully summoned]
[20:56:46] [Server thread/INFO]: [@: Object successfully summoned]
[20:56:49] [Server thread/INFO]: [@: Object successfully summoned]
[20:56:49] [Server thread/INFO]: [@: Object successfully summoned]
[20:56:49] [Server thread/INFO]: [@: Object successfully summoned]
[20:56:49] [Server thread/INFO]: [@: Object successfully summoned]
[20:56:51] [Async Chat Thread - #9/INFO]: <diddybootyjackso> mine the same[m

[20:56:52] [Server thread/INFO]: [@: Object successfully summoned]
[20:56:52] [Server thread/INFO]: [@: Object successfully summoned]
[20:56:52] [Server thread/INFO]: [@: Object successfully summoned]
[20:56:52] [Server thread/INFO]: [@: Object successfully summoned]
[20:56:55] [Server thread/INFO]: [@: Object successfully summoned]
[20:56:55] [Server thread/INFO]: [@: Object successfully summoned]
[20:56:55] [Server thread/INFO]: [@: Object successfully summoned]
[20:56:55] [Server thread/INFO]: [@: Object successfully summoned]
[20:56:58] [Server thread/INFO]: [@: Object successfully summoned]
[20:56:58] [Server thread/INFO]: [@: Object successfully summoned]
[20:56:58] [Server thread/INFO]: [@: Object successfully summoned]
[20:56:58] [Server thread/INFO]: [@: Object successfully summoned]
[20:57:00] [Async Chat Thread - #9/INFO]: <nude_dude> nice[m

[20:57:00] [Server thread/INFO]: [@: Object successfully summoned]
[20:57:00] [Server thread/INFO]: [@: Object successfully summoned]
[20:57:00] [Server thread/INFO]: [@: Object successfully summoned]
[20:57:00] [Server thread/INFO]: [@: Object successfully summoned]
[20:57:03] [Server thread/INFO]: [@: Object successfully summoned]
[20:57:03] [Server thread/INFO]: [@: Object successfully summoned]
[20:57:03] [Server thread/INFO]: [@: Object successfully summoned]
[20:57:03] [Server thread/INFO]: [@: Object successfully summoned]
[20:57:04] [Async Chat Thread - #9/INFO]: <bigcuck67> im not gonna kill u[m

[20:57:06] [Server thread/INFO]: [@: Object successfully summoned]
[20:57:06] [Server thread/INFO]: [@: Object successfully summoned]
[20:57:06] [Server thread/INFO]: [@: Object successfully summoned]
[20:57:06] [Server thread/INFO]: [@: Object successfully summoned]
[20:57:09] [Server thread/INFO]: [@: Object successfully summoned]
[20:57:09] [Server thread/INFO]: [@: Object successfully summoned]
[20:57:09] [Server thread/INFO]: [@: Object successfully summoned]
[20:57:09] [Server thread/INFO]: [@: Object successfully summoned]
[20:57:12] [Server thread/INFO]: [@: Object successfully summoned]
[20:57:12] [Server thread/INFO]: [@: Object successfully summoned]
[20:57:12] [Server thread/INFO]: [@: Object successfully summoned]
[20:57:12] [Server thread/INFO]: [@: Object successfully summoned]
[20:57:14] [Server thread/INFO]: [@: Object successfully summoned]
[20:57:14] [Server thread/INFO]: [@: Object successfully summoned]
[20:57:14] [Server thread/INFO]: [@: Object successfully summoned]
[20:57:14] [Server thread/INFO]: [@: Object successfully summoned]
[20:57:17] [Server thread/INFO]: [@: Object successfully summoned]
[20:57:17] [Server thread/INFO]: [@: Object successfully summoned]
[20:57:17] [Server thread/INFO]: [@: Object successfully summoned]
[20:57:17] [Server thread/INFO]: [@: Object successfully summoned]
[20:57:20] [Server thread/INFO]: [@: Object successfully summoned]
[20:57:20] [Server thread/INFO]: [@: Object successfully summoned]
[20:57:20] [Server thread/INFO]: [@: Object successfully summoned]
[20:57:20] [Server thread/INFO]: [@: Object successfully summoned]
[20:57:20] [Async Chat Thread - #9/INFO]: <bigcuck67> what do u want[m

[20:57:23] [Server thread/INFO]: [@: Object successfully summoned]
[20:57:23] [Server thread/INFO]: [@: Object successfully summoned]
[20:57:23] [Server thread/INFO]: [@: Object successfully summoned]
[20:57:23] [Server thread/INFO]: [@: Object successfully summoned]
[20:57:26] [Server thread/INFO]: [@: Object successfully summoned]
[20:57:26] [Server thread/INFO]: [@: Object successfully summoned]
[20:57:26] [Server thread/INFO]: [@: Object successfully summoned]
[20:57:26] [Server thread/INFO]: [@: Object successfully summoned]
[20:57:27] [Server thread/INFO]: nude_dude issued server command: /tpa bigcuck67
[20:57:28] [Server thread/INFO]: [@: Object successfully summoned]
[20:57:28] [Server thread/INFO]: [@: Object successfully summoned]
[20:57:28] [Server thread/INFO]: [@: Object successfully summoned]
[20:57:28] [Server thread/INFO]: [@: Object successfully summoned]
[20:57:31] [Server thread/INFO]: [@: Object successfully summoned]
[20:57:31] [Server thread/INFO]: [@: Object successfully summoned]
[20:57:31] [Server thread/INFO]: [@: Object successfully summoned]
[20:57:31] [Server thread/INFO]: [@: Object successfully summoned]
[20:57:33] [Async Chat Thread - #9/INFO]: <nude_dude> efren[m

[20:57:34] [Server thread/INFO]: [@: Object successfully summoned]
[20:57:34] [Server thread/INFO]: [@: Object successfully summoned]
[20:57:34] [Server thread/INFO]: [@: Object successfully summoned]
[20:57:34] [Server thread/INFO]: [@: Object successfully summoned]
[20:57:35] [Async Chat Thread - #9/INFO]: <BEAN> nada[m

[20:57:35] [Server thread/INFO]: bigcuck67 issued server command: /tp accept
[20:57:37] [Server thread/INFO]: [@: Object successfully summoned]
[20:57:37] [Server thread/INFO]: [@: Object successfully summoned]
[20:57:37] [Server thread/INFO]: [@: Object successfully summoned]
[20:57:37] [Server thread/INFO]: [@: Object successfully summoned]
[20:57:38] [Async Chat Thread - #9/INFO]: <nude_dude> accept it[m

[20:57:40] [Server thread/INFO]: [@: Object successfully summoned]
[20:57:40] [Server thread/INFO]: [@: Object successfully summoned]
[20:57:40] [Server thread/INFO]: [@: Object successfully summoned]
[20:57:40] [Server thread/INFO]: [@: Object successfully summoned]
[20:57:42] [Server thread/INFO]: [@: Object successfully summoned]
[20:57:42] [Server thread/INFO]: [@: Object successfully summoned]
[20:57:42] [Server thread/INFO]: [@: Object successfully summoned]
[20:57:42] [Server thread/INFO]: [@: Object successfully summoned]
[20:57:43] [Server thread/INFO]: diddybootyjackso lost connection: Disconnected
[20:57:43] [Server thread/INFO]: diddybootyjackso left the game.
[20:57:45] [Server thread/INFO]: [@: Object successfully summoned]
[20:57:45] [Server thread/INFO]: [@: Object successfully summoned]
[20:57:45] [Server thread/INFO]: [@: Object successfully summoned]
[20:57:45] [Server thread/INFO]: [@: Object successfully summoned]
[20:57:48] [Async Chat Thread - #9/INFO]: <cooldog123> no[m

[20:57:48] [Server thread/INFO]: bigcuck67 issued server command: /tpaccept
[20:57:48] [Server thread/INFO]: [@: Object successfully summoned]
[20:57:48] [Server thread/INFO]: [@: Object successfully summoned]
[20:57:48] [Server thread/INFO]: [@: Object successfully summoned]
[20:57:48] [Server thread/INFO]: [@: Object successfully summoned]
[20:57:51] [Server thread/INFO]: [@: Object successfully summoned]
[20:57:51] [Server thread/INFO]: [@: Object successfully summoned]
[20:57:51] [Server thread/INFO]: [@: Object successfully summoned]
[20:57:51] [Server thread/INFO]: [@: Object successfully summoned]
[20:57:54] [Server thread/INFO]: [@: Object successfully summoned]
[20:57:54] [Server thread/INFO]: [@: Object successfully summoned]
[20:57:54] [Server thread/INFO]: [@: Object successfully summoned]
[20:57:54] [Server thread/INFO]: [@: Object successfully summoned]
[20:57:56] [Server thread/INFO]: [@: Object successfully summoned]
[20:57:56] [Server thread/INFO]: [@: Object successfully summoned]
[20:57:56] [Server thread/INFO]: [@: Object successfully summoned]
[20:57:56] [Server thread/INFO]: [@: Object successfully summoned]
[20:57:59] [Server thread/INFO]: [@: Object successfully summoned]
[20:57:59] [Server thread/INFO]: [@: Object successfully summoned]
[20:57:59] [Server thread/INFO]: [@: Object successfully summoned]
[20:57:59] [Server thread/INFO]: [@: Object successfully summoned]
[20:58:02] [Server thread/INFO]: [@: Object successfully summoned]
[20:58:02] [Server thread/INFO]: [@: Object successfully summoned]
[20:58:02] [Server thread/INFO]: [@: Object successfully summoned]
[20:58:02] [Server thread/INFO]: [@: Object successfully summoned]
[20:58:05] [Server thread/INFO]: [@: Object successfully summoned]
[20:58:05] [Server thread/INFO]: [@: Object successfully summoned]
[20:58:05] [Server thread/INFO]: [@: Object successfully summoned]
[20:58:05] [Server thread/INFO]: [@: Object successfully summoned]
[20:58:06] [Async Chat Thread - #9/INFO]: <bigcuck67> yo wtf[m

[20:58:08] [Server thread/INFO]: [@: Object successfully summoned]
[20:58:08] [Server thread/INFO]: [@: Object successfully summoned]
[20:58:08] [Server thread/INFO]: [@: Object successfully summoned]
[20:58:08] [Server thread/INFO]: [@: Object successfully summoned]
[20:58:10] [Server thread/INFO]: [@: Object successfully summoned]
[20:58:10] [Server thread/INFO]: [@: Object successfully summoned]
[20:58:10] [Server thread/INFO]: [@: Object successfully summoned]
[20:58:10] [Server thread/INFO]: [@: Object successfully summoned]
[20:58:13] [Server thread/INFO]: [@: Object successfully summoned]
[20:58:13] [Server thread/INFO]: [@: Object successfully summoned]
[20:58:13] [Server thread/INFO]: [@: Object successfully summoned]
[20:58:13] [Server thread/INFO]: [@: Object successfully summoned]
[20:58:16] [Server thread/INFO]: [@: Object successfully summoned]
[20:58:16] [Server thread/INFO]: [@: Object successfully summoned]
[20:58:16] [Server thread/INFO]: [@: Object successfully summoned]
[20:58:16] [Server thread/INFO]: [@: Object successfully summoned]
[20:58:19] [Server thread/INFO]: [@: Object successfully summoned]
[20:58:19] [Server thread/INFO]: [@: Object successfully summoned]
[20:58:19] [Server thread/INFO]: [@: Object successfully summoned]
[20:58:19] [Server thread/INFO]: [@: Object successfully summoned]
[20:58:22] [Server thread/INFO]: [@: Object successfully summoned]
[20:58:22] [Server thread/INFO]: [@: Object successfully summoned]
[20:58:22] [Server thread/INFO]: [@: Object successfully summoned]
[20:58:22] [Server thread/INFO]: [@: Object successfully summoned]
[20:58:22] [Async Chat Thread - #9/INFO]: <bigcuck67> thanks big daddy[m

[20:58:24] [Server thread/INFO]: [@: Object successfully summoned]
[20:58:24] [Server thread/INFO]: [@: Object successfully summoned]
[20:58:24] [Server thread/INFO]: [@: Object successfully summoned]
[20:58:24] [Server thread/INFO]: [@: Object successfully summoned]
[20:58:27] [Server thread/INFO]: [@: Object successfully summoned]
[20:58:27] [Server thread/INFO]: [@: Object successfully summoned]
[20:58:27] [Server thread/INFO]: [@: Object successfully summoned]
[20:58:27] [Server thread/INFO]: [@: Object successfully summoned]
[20:58:30] [Server thread/INFO]: [@: Object successfully summoned]
[20:58:30] [Server thread/INFO]: [@: Object successfully summoned]
[20:58:30] [Server thread/INFO]: [@: Object successfully summoned]
[20:58:30] [Server thread/INFO]: [@: Object successfully summoned]
[20:58:30] [Async Chat Thread - #9/INFO]: <cooldog123> efrin wya[m

[20:58:33] [Server thread/INFO]: [@: Object successfully summoned]
[20:58:33] [Server thread/INFO]: [@: Object successfully summoned]
[20:58:33] [Server thread/INFO]: [@: Object successfully summoned]
[20:58:33] [Server thread/INFO]: [@: Object successfully summoned]
[20:58:36] [Server thread/INFO]: [@: Object successfully summoned]
[20:58:36] [Server thread/INFO]: [@: Object successfully summoned]
[20:58:36] [Server thread/INFO]: [@: Object successfully summoned]
[20:58:36] [Server thread/INFO]: [@: Object successfully summoned]
[20:58:38] [Server thread/INFO]: [@: Object successfully summoned]
[20:58:38] [Server thread/INFO]: [@: Object successfully summoned]
[20:58:38] [Server thread/INFO]: [@: Object successfully summoned]
[20:58:38] [Server thread/INFO]: [@: Object successfully summoned]
[20:58:39] [Async Chat Thread - #9/INFO]: <bigcuck67> i went exploring[m

[20:58:41] [Server thread/INFO]: [@: Object successfully summoned]
[20:58:41] [Server thread/INFO]: [@: Object successfully summoned]
[20:58:41] [Server thread/INFO]: [@: Object successfully summoned]
[20:58:41] [Server thread/INFO]: [@: Object successfully summoned]
[20:58:44] [Server thread/INFO]: [@: Object successfully summoned]
[20:58:44] [Server thread/INFO]: [@: Object successfully summoned]
[20:58:44] [Server thread/INFO]: [@: Object successfully summoned]
[20:58:44] [Server thread/INFO]: [@: Object successfully summoned]
[20:58:47] [Server thread/INFO]: [@: Object successfully summoned]
[20:58:47] [Server thread/INFO]: [@: Object successfully summoned]
[20:58:47] [Server thread/INFO]: [@: Object successfully summoned]
[20:58:47] [Server thread/INFO]: [@: Object successfully summoned]
[20:58:48] [Async Chat Thread - #9/INFO]: <cooldog123> ohh okay[m

[20:58:50] [Server thread/INFO]: [@: Object successfully summoned]
[20:58:50] [Server thread/INFO]: [@: Object successfully summoned]
[20:58:50] [Server thread/INFO]: [@: Object successfully summoned]
[20:58:50] [Server thread/INFO]: [@: Object successfully summoned]
[20:58:51] [Async Chat Thread - #9/INFO]: <bigcuck67> thanks bigdick daddy[m

[20:58:52] [Server thread/INFO]: [@: Object successfully summoned]
[20:58:52] [Server thread/INFO]: [@: Object successfully summoned]
[20:58:52] [Server thread/INFO]: [@: Object successfully summoned]
[20:58:52] [Server thread/INFO]: [@: Object successfully summoned]
[20:58:55] [Server thread/INFO]: [@: Object successfully summoned]
[20:58:55] [Server thread/INFO]: [@: Object successfully summoned]
[20:58:55] [Server thread/INFO]: [@: Object successfully summoned]
[20:58:55] [Server thread/INFO]: [@: Object successfully summoned]
[20:58:58] [Server thread/INFO]: [@: Object successfully summoned]
[20:58:58] [Server thread/INFO]: [@: Object successfully summoned]
[20:58:58] [Server thread/INFO]: [@: Object successfully summoned]
[20:58:58] [Server thread/INFO]: [@: Object successfully summoned]
[20:59:01] [Server thread/INFO]: [@: Object successfully summoned]
[20:59:01] [Server thread/INFO]: [@: Object successfully summoned]
[20:59:01] [Server thread/INFO]: [@: Object successfully summoned]
[20:59:01] [Server thread/INFO]: [@: Object successfully summoned]
[20:59:01] [Async Chat Thread - #9/INFO]: <cooldog123> what did he give you?[m

[20:59:04] [Server thread/INFO]: [@: Object successfully summoned]
[20:59:04] [Server thread/INFO]: [@: Object successfully summoned]
[20:59:04] [Server thread/INFO]: [@: Object successfully summoned]
[20:59:04] [Server thread/INFO]: [@: Object successfully summoned]
[20:59:06] [Server thread/INFO]: [@: Object successfully summoned]
[20:59:06] [Server thread/INFO]: [@: Object successfully summoned]
[20:59:06] [Server thread/INFO]: [@: Object successfully summoned]
[20:59:06] [Server thread/INFO]: [@: Object successfully summoned]
[20:59:09] [Server thread/INFO]: [@: Object successfully summoned]
[20:59:09] [Server thread/INFO]: [@: Object successfully summoned]
[20:59:09] [Server thread/INFO]: [@: Object successfully summoned]
[20:59:09] [Server thread/INFO]: [@: Object successfully summoned]
[20:59:12] [Server thread/INFO]: [@: Object successfully summoned]
[20:59:12] [Server thread/INFO]: [@: Object successfully summoned]
[20:59:12] [Server thread/INFO]: [@: Object successfully summoned]
[20:59:12] [Server thread/INFO]: [@: Object successfully summoned]
[20:59:15] [Server thread/INFO]: [@: Object successfully summoned]
[20:59:15] [Server thread/INFO]: [@: Object successfully summoned]
[20:59:15] [Server thread/INFO]: [@: Object successfully summoned]
[20:59:15] [Server thread/INFO]: [@: Object successfully summoned]
[20:59:16] [Async Chat Thread - #9/INFO]: <bigcuck67> a sword n sum diamonds[m

[20:59:18] [Server thread/INFO]: [@: Object successfully summoned]
[20:59:18] [Server thread/INFO]: [@: Object successfully summoned]
[20:59:18] [Server thread/INFO]: [@: Object successfully summoned]
[20:59:18] [Server thread/INFO]: [@: Object successfully summoned]
[20:59:20] [Server thread/INFO]: [@: Object successfully summoned]
[20:59:20] [Server thread/INFO]: [@: Object successfully summoned]
[20:59:20] [Server thread/INFO]: [@: Object successfully summoned]
[20:59:20] [Server thread/INFO]: [@: Object successfully summoned]
[20:59:23] [Async Chat Thread - #9/INFO]: <cooldog123> luckkyyyyy dang[m

[20:59:23] [Server thread/INFO]: [@: Object successfully summoned]
[20:59:23] [Server thread/INFO]: [@: Object successfully summoned]
[20:59:23] [Server thread/INFO]: [@: Object successfully summoned]
[20:59:23] [Server thread/INFO]: [@: Object successfully summoned]
[20:59:25] [Server thread/INFO]: BEAN issued server command: /homes
[20:59:26] [Server thread/INFO]: [@: Object successfully summoned]
[20:59:26] [Server thread/INFO]: [@: Object successfully summoned]
[20:59:26] [Server thread/INFO]: [@: Object successfully summoned]
[20:59:26] [Server thread/INFO]: [@: Object successfully summoned]
[20:59:29] [Server thread/INFO]: [@: Object successfully summoned]
[20:59:29] [Server thread/INFO]: [@: Object successfully summoned]
[20:59:29] [Server thread/INFO]: [@: Object successfully summoned]
[20:59:29] [Server thread/INFO]: [@: Object successfully summoned]
[20:59:31] [Async Chat Thread - #9/INFO]: <bigcuck67> u can have the sword[m

[20:59:32] [Server thread/INFO]: [@: Object successfully summoned]
[20:59:32] [Server thread/INFO]: [@: Object successfully summoned]
[20:59:32] [Server thread/INFO]: [@: Object successfully summoned]
[20:59:32] [Server thread/INFO]: [@: Object successfully summoned]
[20:59:34] [Server thread/INFO]: [@: Object successfully summoned]
[20:59:34] [Server thread/INFO]: [@: Object successfully summoned]
[20:59:34] [Server thread/INFO]: [@: Object successfully summoned]
[20:59:34] [Server thread/INFO]: [@: Object successfully summoned]
[20:59:35] [Server thread/INFO]: BEAN issued server command: /deletehome rodri
[20:59:37] [Server thread/INFO]: [@: Object successfully summoned]
[20:59:37] [Server thread/INFO]: [@: Object successfully summoned]
[20:59:37] [Server thread/INFO]: [@: Object successfully summoned]
[20:59:37] [Server thread/INFO]: [@: Object successfully summoned]
[20:59:40] [Server thread/INFO]: BEAN issued server command: /sethome evan
[20:59:40] [Server thread/INFO]: [@: Object successfully summoned]
[20:59:40] [Server thread/INFO]: [@: Object successfully summoned]
[20:59:40] [Server thread/INFO]: [@: Object successfully summoned]
[20:59:40] [Server thread/INFO]: [@: Object successfully summoned]
[20:59:43] [Server thread/INFO]: [@: Object successfully summoned]
[20:59:43] [Server thread/INFO]: [@: Object successfully summoned]
[20:59:43] [Server thread/INFO]: [@: Object successfully summoned]
[20:59:43] [Server thread/INFO]: [@: Object successfully summoned]
[20:59:44] [Server thread/INFO]: cooldog123 lost connection: Disconnected
[20:59:44] [Server thread/INFO]: cooldog123 left the game.
[20:59:46] [Server thread/INFO]: [@: Object successfully summoned]
[20:59:46] [Server thread/INFO]: [@: Object successfully summoned]
[20:59:46] [Server thread/INFO]: [@: Object successfully summoned]
[20:59:46] [Server thread/INFO]: [@: Object successfully summoned]
[20:59:49] [Server thread/INFO]: [@: Object successfully summoned]
[20:59:49] [Server thread/INFO]: [@: Object successfully summoned]
[20:59:49] [Server thread/INFO]: [@: Object successfully summoned]
[20:59:49] [Server thread/INFO]: [@: Object successfully summoned]
[20:59:49] [Server thread/INFO]: bigcuck67 lost connection: Disconnected
[20:59:49] [Server thread/INFO]: bigcuck67 left the game.
[20:59:51] [Server thread/INFO]: [@: Object successfully summoned]
[20:59:51] [Server thread/INFO]: [@: Object successfully summoned]
[20:59:51] [Server thread/INFO]: [@: Object successfully summoned]
[20:59:51] [Server thread/INFO]: [@: Object successfully summoned]
[20:59:52] [Server thread/INFO]: lamm lost connection: Disconnected
[20:59:52] [Server thread/INFO]: lamm left the game.
[20:59:52] [Server thread/INFO]: jerry_ issued server command: //replace air redstone_lantern
[20:59:54] [Server thread/INFO]: [@: Object successfully summoned]
[20:59:54] [Server thread/INFO]: [@: Object successfully summoned]
[20:59:54] [Server thread/INFO]: [@: Object successfully summoned]
[20:59:54] [Server thread/INFO]: [@: Object successfully summoned]
[20:59:57] [Server thread/INFO]: [@: Object successfully summoned]
[20:59:57] [Server thread/INFO]: [@: Object successfully summoned]
[20:59:57] [Server thread/INFO]: [@: Object successfully summoned]
[20:59:57] [Server thread/INFO]: [@: Object successfully summoned]
[20:59:59] [Server thread/INFO]: jerry_ issued server command: //replace air lantern
[21:00:00] [Server thread/INFO]: [@: Object successfully summoned]
[21:00:00] [Server thread/INFO]: [@: Object successfully summoned]
[21:00:00] [Server thread/INFO]: [@: Object successfully summoned]
[21:00:00] [Server thread/INFO]: [@: Object successfully summoned]
[21:00:03] [Server thread/INFO]: [@: Object successfully summoned]
[21:00:03] [Server thread/INFO]: [@: Object successfully summoned]
[21:00:03] [Server thread/INFO]: [@: Object successfully summoned]
[21:00:03] [Server thread/INFO]: [@: Object successfully summoned]
[21:00:05] [Server thread/INFO]: jerry_ issued server command: //replace air
[21:00:05] [Server thread/INFO]: [@: Object successfully summoned]
[21:00:05] [Server thread/INFO]: [@: Object successfully summoned]
[21:00:05] [Server thread/INFO]: [@: Object successfully summoned]
[21:00:05] [Server thread/INFO]: [@: Object successfully summoned]
[21:00:08] [Server thread/INFO]: [@: Object successfully summoned]
[21:00:08] [Server thread/INFO]: [@: Object successfully summoned]
[21:00:08] [Server thread/INFO]: [@: Object successfully summoned]
[21:00:08] [Server thread/INFO]: [@: Object successfully summoned]
[21:00:11] [Server thread/INFO]: [@: Object successfully summoned]
[21:00:11] [Server thread/INFO]: [@: Object successfully summoned]
[21:00:11] [Server thread/INFO]: [@: Object successfully summoned]
[21:00:11] [Server thread/INFO]: [@: Object successfully summoned]
[21:00:14] [Server thread/INFO]: [@: Object successfully summoned]
[21:00:14] [Server thread/INFO]: [@: Object successfully summoned]
[21:00:14] [Server thread/INFO]: [@: Object successfully summoned]
[21:00:14] [Server thread/INFO]: [@: Object successfully summoned]
[21:00:16] [Server thread/INFO]: jerry_ issued server command: //replace air stained_hardened_clay:4
[21:00:17] [Server thread/INFO]: [@: Object successfully summoned]
[21:00:17] [Server thread/INFO]: [@: Object successfully summoned]
[21:00:17] [Server thread/INFO]: [@: Object successfully summoned]
[21:00:17] [Server thread/INFO]: [@: Object successfully summoned]
[21:00:19] [Server thread/INFO]: [@: Object successfully summoned]
[21:00:19] [Server thread/INFO]: [@: Object successfully summoned]
[21:00:19] [Server thread/INFO]: [@: Object successfully summoned]
[21:00:19] [Server thread/INFO]: [@: Object successfully summoned]
[21:00:22] [Server thread/INFO]: [@: Object successfully summoned]
[21:00:22] [Server thread/INFO]: [@: Object successfully summoned]
[21:00:22] [Server thread/INFO]: [@: Object successfully summoned]
[21:00:22] [Server thread/INFO]: [@: Object successfully summoned]
[21:00:23] [Server thread/INFO]: BEAN lost connection: Disconnected
[21:00:23] [Server thread/INFO]: BEAN left the game.
[21:00:25] [Server thread/INFO]: [@: Object successfully summoned]
[21:00:25] [Server thread/INFO]: [@: Object successfully summoned]
[21:00:25] [Server thread/INFO]: [@: Object successfully summoned]
[21:00:25] [Server thread/INFO]: [@: Object successfully summoned]
[21:00:28] [Server thread/INFO]: [@: Object successfully summoned]
[21:00:28] [Server thread/INFO]: [@: Object successfully summoned]
[21:00:28] [Server thread/INFO]: [@: Object successfully summoned]
[21:00:28] [Server thread/INFO]: [@: Object successfully summoned]
[21:00:31] [Server thread/INFO]: [@: Object successfully summoned]
[21:00:31] [Server thread/INFO]: [@: Object successfully summoned]
[21:00:31] [Server thread/INFO]: [@: Object successfully summoned]
[21:00:31] [Server thread/INFO]: [@: Object successfully summoned]
[21:00:31] [Server thread/INFO]: nude_dude lost connection: Disconnected
[21:00:31] [Server thread/INFO]: nude_dude left the game.
[21:00:33] [Server thread/INFO]: [@: Object successfully summoned]
[21:00:33] [Server thread/INFO]: [@: Object successfully summoned]
[21:00:33] [Server thread/INFO]: [@: Object successfully summoned]
[21:00:33] [Server thread/INFO]: [@: Object successfully summoned]
[21:00:36] [Server thread/INFO]: jerry_ issued server command: //replace air lamp
[21:00:36] [Server thread/INFO]: [@: Object successfully summoned]
[21:00:36] [Server thread/INFO]: [@: Object successfully summoned]
[21:00:36] [Server thread/INFO]: [@: Object successfully summoned]
[21:00:36] [Server thread/INFO]: [@: Object successfully summoned]
[21:00:39] [Server thread/INFO]: [@: Object successfully summoned]
[21:00:39] [Server thread/INFO]: [@: Object successfully summoned]
[21:00:39] [Server thread/INFO]: [@: Object successfully summoned]
[21:00:39] [Server thread/INFO]: [@: Object successfully summoned]
[21:00:42] [Server thread/INFO]: [@: Object successfully summoned]
[21:00:42] [Server thread/INFO]: [@: Object successfully summoned]
[21:00:42] [Server thread/INFO]: [@: Object successfully summoned]
[21:00:42] [Server thread/INFO]: [@: Object successfully summoned]
[21:00:45] [Server thread/INFO]: [@: Object successfully summoned]
[21:00:45] [Server thread/INFO]: [@: Object successfully summoned]
[21:00:45] [Server thread/INFO]: [@: Object successfully summoned]
[21:00:45] [Server thread/INFO]: [@: Object successfully summoned]
[21:00:45] [Server thread/INFO]: jerry_ issued server command: //replace air redstone_lamp
[21:00:47] [Server thread/INFO]: [@: Object successfully summoned]
[21:00:47] [Server thread/INFO]: [@: Object successfully summoned]
[21:00:47] [Server thread/INFO]: [@: Object successfully summoned]
[21:00:47] [Server thread/INFO]: [@: Object successfully summoned]
[21:00:50] [Server thread/INFO]: [@: Object successfully summoned]
[21:00:50] [Server thread/INFO]: [@: Object successfully summoned]
[21:00:50] [Server thread/INFO]: [@: Object successfully summoned]
[21:00:50] [Server thread/INFO]: [@: Object successfully summoned]
[21:00:53] [Server thread/INFO]: [@: Object successfully summoned]
[21:00:53] [Server thread/INFO]: [@: Object successfully summoned]
[21:00:53] [Server thread/INFO]: [@: Object successfully summoned]
[21:00:53] [Server thread/INFO]: [@: Object successfully summoned]
[21:00:56] [Server thread/INFO]: [@: Object successfully summoned]
[21:00:56] [Server thread/INFO]: [@: Object successfully summoned]
[21:00:56] [Server thread/INFO]: [@: Object successfully summoned]
[21:00:56] [Server thread/INFO]: [@: Object successfully summoned]
[21:00:59] [Server thread/INFO]: [@: Object successfully summoned]
[21:00:59] [Server thread/INFO]: [@: Object successfully summoned]
[21:00:59] [Server thread/INFO]: [@: Object successfully summoned]
[21:00:59] [Server thread/INFO]: [@: Object successfully summoned]
[21:01:01] [Server thread/INFO]: [@: Object successfully summoned]
[21:01:01] [Server thread/INFO]: [@: Object successfully summoned]
[21:01:01] [Server thread/INFO]: [@: Object successfully summoned]
[21:01:01] [Server thread/INFO]: [@: Object successfully summoned]
[21:01:04] [Server thread/INFO]: [@: Object successfully summoned]
[21:01:04] [Server thread/INFO]: [@: Object successfully summoned]
[21:01:04] [Server thread/INFO]: [@: Object successfully summoned]
[21:01:04] [Server thread/INFO]: [@: Object successfully summoned]
[21:01:07] [Server thread/INFO]: [@: Object successfully summoned]
[21:01:07] [Server thread/INFO]: [@: Object successfully summoned]
[21:01:07] [Server thread/INFO]: [@: Object successfully summoned]
[21:01:07] [Server thread/INFO]: [@: Object successfully summoned]
[21:01:10] [Server thread/INFO]: [@: Object successfully summoned]
[21:01:10] [Server thread/INFO]: [@: Object successfully summoned]
[21:01:10] [Server thread/INFO]: [@: Object successfully summoned]
[21:01:10] [Server thread/INFO]: [@: Object successfully summoned]
[21:01:13] [Server thread/INFO]: [@: Object successfully summoned]
[21:01:13] [Server thread/INFO]: [@: Object successfully summoned]
[21:01:13] [Server thread/INFO]: [@: Object successfully summoned]
[21:01:13] [Server thread/INFO]: [@: Object successfully summoned]
[21:01:15] [Server thread/INFO]: [@: Object successfully summoned]
[21:01:15] [Server thread/INFO]: [@: Object successfully summoned]
[21:01:15] [Server thread/INFO]: [@: Object successfully summoned]
[21:01:15] [Server thread/INFO]: [@: Object successfully summoned]
[21:01:18] [Server thread/INFO]: [@: Object successfully summoned]
[21:01:18] [Server thread/INFO]: [@: Object successfully summoned]
[21:01:18] [Server thread/INFO]: [@: Object successfully summoned]
[21:01:18] [Server thread/INFO]: [@: Object successfully summoned]
[21:01:21] [Server thread/INFO]: [@: Object successfully summoned]
[21:01:21] [Server thread/INFO]: [@: Object successfully summoned]
[21:01:21] [Server thread/INFO]: [@: Object successfully summoned]
[21:01:21] [Server thread/INFO]: [@: Object successfully summoned]
[21:01:24] [Server thread/INFO]: [@: Object successfully summoned]
[21:01:24] [Server thread/INFO]: [@: Object successfully summoned]
[21:01:24] [Server thread/INFO]: [@: Object successfully summoned]
[21:01:24] [Server thread/INFO]: [@: Object successfully summoned]
[21:01:25] [Server thread/INFO]: jerry_ issued server command: //reverse
[21:01:27] [Server thread/INFO]: [@: Object successfully summoned]
[21:01:27] [Server thread/INFO]: [@: Object successfully summoned]
[21:01:27] [Server thread/INFO]: [@: Object successfully summoned]
[21:01:27] [Server thread/INFO]: [@: Object successfully summoned]
[21:01:29] [Server thread/INFO]: [@: Object successfully summoned]
[21:01:29] [Server thread/INFO]: [@: Object successfully summoned]
[21:01:29] [Server thread/INFO]: [@: Object successfully summoned]
[21:01:29] [Server thread/INFO]: [@: Object successfully summoned]
[21:01:31] [Server thread/INFO]: jerry_ issued server command: //replace air redstone_lamp
[21:01:32] [Server thread/INFO]: [@: Object successfully summoned]
[21:01:32] [Server thread/INFO]: [@: Object successfully summoned]
[21:01:32] [Server thread/INFO]: [@: Object successfully summoned]
[21:01:32] [Server thread/INFO]: [@: Object successfully summoned]
[21:01:35] [Server thread/INFO]: [@: Object successfully summoned]
[21:01:35] [Server thread/INFO]: [@: Object successfully summoned]
[21:01:35] [Server thread/INFO]: [@: Object successfully summoned]
[21:01:35] [Server thread/INFO]: [@: Object successfully summoned]
[21:01:38] [Server thread/INFO]: [@: Object successfully summoned]
[21:01:38] [Server thread/INFO]: [@: Object successfully summoned]
[21:01:38] [Server thread/INFO]: [@: Object successfully summoned]
[21:01:38] [Server thread/INFO]: [@: Object successfully summoned]
[21:01:41] [Server thread/INFO]: [@: Object successfully summoned]
[21:01:41] [Server thread/INFO]: [@: Object successfully summoned]
[21:01:41] [Server thread/INFO]: [@: Object successfully summoned]
[21:01:41] [Server thread/INFO]: [@: Object successfully summoned]
[21:01:43] [Server thread/INFO]: [@: Object successfully summoned]
[21:01:43] [Server thread/INFO]: [@: Object successfully summoned]
[21:01:43] [Server thread/INFO]: [@: Object successfully summoned]
[21:01:43] [Server thread/INFO]: [@: Object successfully summoned]
[21:01:46] [Server thread/INFO]: [@: Object successfully summoned]
[21:01:46] [Server thread/INFO]: [@: Object successfully summoned]
[21:01:46] [Server thread/INFO]: [@: Object successfully summoned]
[21:01:46] [Server thread/INFO]: [@: Object successfully summoned]
[21:01:49] [Server thread/INFO]: [@: Object successfully summoned]
[21:01:49] [Server thread/INFO]: [@: Object successfully summoned]
[21:01:49] [Server thread/INFO]: [@: Object successfully summoned]
[21:01:49] [Server thread/INFO]: [@: Object successfully summoned]
[21:01:52] [Server thread/INFO]: [@: Object successfully summoned]
[21:01:52] [Server thread/INFO]: [@: Object successfully summoned]
[21:01:52] [Server thread/INFO]: [@: Object successfully summoned]
[21:01:52] [Server thread/INFO]: [@: Object successfully summoned]
[21:01:55] [Server thread/INFO]: [@: Object successfully summoned]
[21:01:55] [Server thread/INFO]: [@: Object successfully summoned]
[21:01:55] [Server thread/INFO]: [@: Object successfully summoned]
[21:01:55] [Server thread/INFO]: [@: Object successfully summoned]
[21:01:57] [Server thread/INFO]: [@: Object successfully summoned]
[21:01:57] [Server thread/INFO]: [@: Object successfully summoned]
[21:01:57] [Server thread/INFO]: [@: Object successfully summoned]
[21:01:57] [Server thread/INFO]: [@: Object successfully summoned]
[21:02:00] [Server thread/INFO]: jerry_ issued server command: //replace air stained_hardened_clay:4
[21:02:00] [Server thread/INFO]: [@: Object successfully summoned]
[21:02:00] [Server thread/INFO]: [@: Object successfully summoned]
[21:02:00] [Server thread/INFO]: [@: Object successfully summoned]
[21:02:00] [Server thread/INFO]: [@: Object successfully summoned]
[21:02:03] [Server thread/INFO]: [@: Object successfully summoned]
[21:02:03] [Server thread/INFO]: [@: Object successfully summoned]
[21:02:03] [Server thread/INFO]: [@: Object successfully summoned]
[21:02:03] [Server thread/INFO]: [@: Object successfully summoned]
[21:02:06] [Server thread/INFO]: [@: Object successfully summoned]
[21:02:06] [Server thread/INFO]: [@: Object successfully summoned]
[21:02:06] [Server thread/INFO]: [@: Object successfully summoned]
[21:02:06] [Server thread/INFO]: [@: Object successfully summoned]
[21:02:09] [Server thread/INFO]: [@: Object successfully summoned]
[21:02:09] [Server thread/INFO]: [@: Object successfully summoned]
[21:02:09] [Server thread/INFO]: [@: Object successfully summoned]
[21:02:09] [Server thread/INFO]: [@: Object successfully summoned]
[21:02:11] [Server thread/INFO]: [@: Object successfully summoned]
[21:02:11] [Server thread/INFO]: [@: Object successfully summoned]
[21:02:11] [Server thread/INFO]: [@: Object successfully summoned]
[21:02:11] [Server thread/INFO]: [@: Object successfully summoned]
[21:02:12] [Server thread/INFO]: jerry_ issued server command: //replace air stained_hardened_clay:4
[21:02:14] [Server thread/INFO]: [@: Object successfully summoned]
[21:02:14] [Server thread/INFO]: [@: Object successfully summoned]
[21:02:14] [Server thread/INFO]: [@: Object successfully summoned]
[21:02:14] [Server thread/INFO]: [@: Object successfully summoned]
[21:02:17] [Server thread/INFO]: [@: Object successfully summoned]
[21:02:17] [Server thread/INFO]: [@: Object successfully summoned]
[21:02:17] [Server thread/INFO]: [@: Object successfully summoned]
[21:02:17] [Server thread/INFO]: [@: Object successfully summoned]
[21:02:20] [Server thread/INFO]: [@: Object successfully summoned]
[21:02:20] [Server thread/INFO]: [@: Object successfully summoned]
[21:02:20] [Server thread/INFO]: [@: Object successfully summoned]
[21:02:20] [Server thread/INFO]: [@: Object successfully summoned]
[21:02:23] [Server thread/INFO]: [@: Object successfully summoned]
[21:02:23] [Server thread/INFO]: [@: Object successfully summoned]
[21:02:23] [Server thread/INFO]: [@: Object successfully summoned]
[21:02:23] [Server thread/INFO]: [@: Object successfully summoned]
[21:02:25] [Server thread/INFO]: [@: Object successfully summoned]
[21:02:25] [Server thread/INFO]: [@: Object successfully summoned]
[21:02:25] [Server thread/INFO]: [@: Object successfully summoned]
[21:02:25] [Server thread/INFO]: [@: Object successfully summoned]
[21:02:28] [Server thread/INFO]: [@: Object successfully summoned]
[21:02:28] [Server thread/INFO]: [@: Object successfully summoned]
[21:02:28] [Server thread/INFO]: [@: Object successfully summoned]
[21:02:28] [Server thread/INFO]: [@: Object successfully summoned]
[21:02:31] [Server thread/INFO]: [@: Object successfully summoned]
[21:02:31] [Server thread/INFO]: [@: Object successfully summoned]
[21:02:31] [Server thread/INFO]: [@: Object successfully summoned]
[21:02:31] [Server thread/INFO]: [@: Object successfully summoned]
[21:02:34] [Server thread/INFO]: [@: Object successfully summoned]
[21:02:34] [Server thread/INFO]: [@: Object successfully summoned]
[21:02:34] [Server thread/INFO]: [@: Object successfully summoned]
[21:02:34] [Server thread/INFO]: [@: Object successfully summoned]
[21:02:36] [Thread-24/INFO]: UUID of player Graef is dd0b7c16-7fb1-3348-b69b-8b2ead7bf8d3
[21:02:36] [Server thread/INFO]: Graef[/[0:0:0:0:0:0:0:1]:34428] logged in with entity id 35138 at ([world]182.18428831390375, 63.0, 49.8289696747929)
[21:02:37] [Server thread/INFO]: [@: Object successfully summoned]
[21:02:37] [Server thread/INFO]: [@: Object successfully summoned]
[21:02:37] [Server thread/INFO]: [@: Object successfully summoned]
[21:02:37] [Server thread/INFO]: [@: Object successfully summoned]
[21:02:39] [Server thread/INFO]: [@: Object successfully summoned]
[21:02:39] [Server thread/INFO]: [@: Object successfully summoned]
[21:02:39] [Server thread/INFO]: [@: Object successfully summoned]
[21:02:39] [Server thread/INFO]: [@: Object successfully summoned]
[21:02:42] [Server thread/INFO]: [@: Object successfully summoned]
[21:02:42] [Server thread/INFO]: [@: Object successfully summoned]
[21:02:42] [Server thread/INFO]: [@: Object successfully summoned]
[21:02:42] [Server thread/INFO]: [@: Object successfully summoned]
[21:02:45] [Server thread/INFO]: [@: Object successfully summoned]
[21:02:45] [Server thread/INFO]: [@: Object successfully summoned]
[21:02:45] [Server thread/INFO]: [@: Object successfully summoned]
[21:02:45] [Server thread/INFO]: [@: Object successfully summoned]
[21:02:48] [Server thread/INFO]: [@: Object successfully summoned]
[21:02:48] [Server thread/INFO]: [@: Object successfully summoned]
[21:02:48] [Server thread/INFO]: [@: Object successfully summoned]
[21:02:48] [Server thread/INFO]: [@: Object successfully summoned]
[21:02:51] [Server thread/INFO]: [@: Object successfully summoned]
[21:02:51] [Server thread/INFO]: [@: Object successfully summoned]
[21:02:51] [Server thread/INFO]: [@: Object successfully summoned]
[21:02:51] [Server thread/INFO]: [@: Object successfully summoned]
[21:02:53] [Server thread/INFO]: [@: Object successfully summoned]
[21:02:53] [Server thread/INFO]: [@: Object successfully summoned]
[21:02:53] [Server thread/INFO]: [@: Object successfully summoned]
[21:02:53] [Server thread/INFO]: [@: Object successfully summoned]
[21:02:56] [Server thread/INFO]: [@: Object successfully summoned]
[21:02:56] [Server thread/INFO]: [@: Object successfully summoned]
[21:02:56] [Server thread/INFO]: [@: Object successfully summoned]
[21:02:56] [Server thread/INFO]: [@: Object successfully summoned]
[21:02:59] [Server thread/INFO]: [@: Object successfully summoned]
[21:02:59] [Server thread/INFO]: [@: Object successfully summoned]
[21:02:59] [Server thread/INFO]: [@: Object successfully summoned]
[21:02:59] [Server thread/INFO]: [@: Object successfully summoned]
[21:03:02] [Server thread/INFO]: [@: Object successfully summoned]
[21:03:02] [Server thread/INFO]: [@: Object successfully summoned]
[21:03:02] [Server thread/INFO]: [@: Object successfully summoned]
[21:03:02] [Server thread/INFO]: [@: Object successfully summoned]
[21:03:03] [Server thread/INFO]: [@: No blocks filled]
[21:03:05] [Server thread/INFO]: [@: Object successfully summoned]
[21:03:05] [Server thread/INFO]: [@: Object successfully summoned]
[21:03:05] [Server thread/INFO]: [@: Object successfully summoned]
[21:03:05] [Server thread/INFO]: [@: Object successfully summoned]
[21:03:07] [Server thread/INFO]: [@: Object successfully summoned]
[21:03:07] [Server thread/INFO]: [@: Object successfully summoned]
[21:03:07] [Server thread/INFO]: [@: Object successfully summoned]
[21:03:07] [Server thread/INFO]: [@: Object successfully summoned]
[21:03:10] [Server thread/INFO]: [@: Object successfully summoned]
[21:03:10] [Server thread/INFO]: [@: Object successfully summoned]
[21:03:10] [Server thread/INFO]: [@: Object successfully summoned]
[21:03:10] [Server thread/INFO]: [@: Object successfully summoned]
[21:03:13] [Server thread/INFO]: [@: Object successfully summoned]
[21:03:13] [Server thread/INFO]: [@: Object successfully summoned]
[21:03:13] [Server thread/INFO]: [@: Object successfully summoned]
[21:03:13] [Server thread/INFO]: [@: Object successfully summoned]
[21:03:16] [Server thread/INFO]: [@: Object successfully summoned]
[21:03:16] [Server thread/INFO]: [@: Object successfully summoned]
[21:03:16] [Server thread/INFO]: [@: Object successfully summoned]
[21:03:16] [Server thread/INFO]: [@: Object successfully summoned]
[21:03:19] [Server thread/INFO]: [@: Object successfully summoned]
[21:03:19] [Server thread/INFO]: [@: Object successfully summoned]
[21:03:19] [Server thread/INFO]: [@: Object successfully summoned]
[21:03:19] [Server thread/INFO]: [@: Object successfully summoned]
[21:03:21] [Server thread/INFO]: [@: Object successfully summoned]
[21:03:21] [Server thread/INFO]: [@: Object successfully summoned]
[21:03:21] [Server thread/INFO]: [@: Object successfully summoned]
[21:03:21] [Server thread/INFO]: [@: Object successfully summoned]
[21:03:24] [Server thread/INFO]: [@: Object successfully summoned]
[21:03:24] [Server thread/INFO]: [@: Object successfully summoned]
[21:03:24] [Server thread/INFO]: [@: Object successfully summoned]
[21:03:24] [Server thread/INFO]: [@: Object successfully summoned]
[21:03:27] [Server thread/INFO]: [@: Object successfully summoned]
[21:03:27] [Server thread/INFO]: [@: Object successfully summoned]
[21:03:27] [Server thread/INFO]: [@: Object successfully summoned]
[21:03:27] [Server thread/INFO]: [@: Object successfully summoned]
[21:03:30] [Server thread/INFO]: [@: Object successfully summoned]
[21:03:30] [Server thread/INFO]: [@: Object successfully summoned]
[21:03:30] [Server thread/INFO]: [@: Object successfully summoned]
[21:03:30] [Server thread/INFO]: [@: Object successfully summoned]
[21:03:33] [Server thread/INFO]: [@: Object successfully summoned]
[21:03:33] [Server thread/INFO]: [@: Object successfully summoned]
[21:03:33] [Server thread/INFO]: [@: Object successfully summoned]
[21:03:33] [Server thread/INFO]: [@: Object successfully summoned]
[21:03:35] [Server thread/INFO]: [@: Object successfully summoned]
[21:03:35] [Server thread/INFO]: [@: Object successfully summoned]
[21:03:35] [Server thread/INFO]: [@: Object successfully summoned]
[21:03:35] [Server thread/INFO]: [@: Object successfully summoned]
[21:03:38] [Server thread/INFO]: [@: Object successfully summoned]
[21:03:38] [Server thread/INFO]: [@: Object successfully summoned]
[21:03:38] [Server thread/INFO]: [@: Object successfully summoned]
[21:03:38] [Server thread/INFO]: [@: Object successfully summoned]
[21:03:41] [Server thread/INFO]: [@: Object successfully summoned]
[21:03:41] [Server thread/INFO]: [@: Object successfully summoned]
[21:03:41] [Server thread/INFO]: [@: Object successfully summoned]
[21:03:41] [Server thread/INFO]: [@: Object successfully summoned]
[21:03:44] [Server thread/INFO]: [@: Object successfully summoned]
[21:03:44] [Server thread/INFO]: [@: Object successfully summoned]
[21:03:44] [Server thread/INFO]: [@: Object successfully summoned]
[21:03:44] [Server thread/INFO]: [@: Object successfully summoned]
[21:03:47] [Server thread/INFO]: [@: Object successfully summoned]
[21:03:47] [Server thread/INFO]: [@: Object successfully summoned]
[21:03:47] [Server thread/INFO]: [@: Object successfully summoned]
[21:03:47] [Server thread/INFO]: [@: Object successfully summoned]
[21:03:49] [Server thread/INFO]: [@: Object successfully summoned]
[21:03:49] [Server thread/INFO]: [@: Object successfully summoned]
[21:03:49] [Server thread/INFO]: [@: Object successfully summoned]
[21:03:49] [Server thread/INFO]: [@: Object successfully summoned]
[21:03:52] [Server thread/INFO]: [@: Object successfully summoned]
[21:03:52] [Server thread/INFO]: [@: Object successfully summoned]
[21:03:52] [Server thread/INFO]: [@: Object successfully summoned]
[21:03:52] [Server thread/INFO]: [@: Object successfully summoned]
[21:03:55] [Server thread/INFO]: [@: Object successfully summoned]
[21:03:55] [Server thread/INFO]: [@: Object successfully summoned]
[21:03:55] [Server thread/INFO]: [@: Object successfully summoned]
[21:03:55] [Server thread/INFO]: [@: Object successfully summoned]
[21:03:58] [Server thread/INFO]: [@: Object successfully summoned]
[21:03:58] [Server thread/INFO]: [@: Object successfully summoned]
[21:03:58] [Server thread/INFO]: [@: Object successfully summoned]
[21:03:58] [Server thread/INFO]: [@: Object successfully summoned]
[21:04:01] [Server thread/INFO]: [@: Object successfully summoned]
[21:04:01] [Server thread/INFO]: [@: Object successfully summoned]
[21:04:01] [Server thread/INFO]: [@: Object successfully summoned]
[21:04:01] [Server thread/INFO]: [@: Object successfully summoned]
[21:04:03] [Server thread/INFO]: [@: Object successfully summoned]
[21:04:03] [Server thread/INFO]: [@: Object successfully summoned]
[21:04:03] [Server thread/INFO]: [@: Object successfully summoned]
[21:04:03] [Server thread/INFO]: [@: Object successfully summoned]
[21:04:06] [Server thread/INFO]: [@: Object successfully summoned]
[21:04:06] [Server thread/INFO]: [@: Object successfully summoned]
[21:04:06] [Server thread/INFO]: [@: Object successfully summoned]
[21:04:06] [Server thread/INFO]: [@: Object successfully summoned]
[21:04:09] [Server thread/INFO]: [@: Object successfully summoned]
[21:04:09] [Server thread/INFO]: [@: Object successfully summoned]
[21:04:09] [Server thread/INFO]: [@: Object successfully summoned]
[21:04:09] [Server thread/INFO]: [@: Object successfully summoned]
[21:04:12] [Server thread/INFO]: [@: Object successfully summoned]
[21:04:12] [Server thread/INFO]: [@: Object successfully summoned]
[21:04:12] [Server thread/INFO]: [@: Object successfully summoned]
[21:04:12] [Server thread/INFO]: [@: Object successfully summoned]
[21:04:15] [Server thread/INFO]: [@: Object successfully summoned]
[21:04:15] [Server thread/INFO]: [@: Object successfully summoned]
[21:04:15] [Server thread/INFO]: [@: Object successfully summoned]
[21:04:15] [Server thread/INFO]: [@: Object successfully summoned]
[21:04:17] [Server thread/INFO]: [@: Object successfully summoned]
[21:04:17] [Server thread/INFO]: [@: Object successfully summoned]
[21:04:17] [Server thread/INFO]: [@: Object successfully summoned]
[21:04:17] [Server thread/INFO]: [@: Object successfully summoned]
[21:04:20] [Server thread/INFO]: [@: Object successfully summoned]
[21:04:20] [Server thread/INFO]: [@: Object successfully summoned]
[21:04:20] [Server thread/INFO]: [@: Object successfully summoned]
[21:04:20] [Server thread/INFO]: [@: Object successfully summoned]
[21:04:23] [Server thread/INFO]: [@: Object successfully summoned]
[21:04:23] [Server thread/INFO]: [@: Object successfully summoned]
[21:04:23] [Server thread/INFO]: [@: Object successfully summoned]
[21:04:23] [Server thread/INFO]: [@: Object successfully summoned]
[21:04:26] [Server thread/INFO]: [@: Object successfully summoned]
[21:04:26] [Server thread/INFO]: [@: Object successfully summoned]
[21:04:26] [Server thread/INFO]: [@: Object successfully summoned]
[21:04:26] [Server thread/INFO]: [@: Object successfully summoned]
[21:04:29] [Server thread/INFO]: [@: Object successfully summoned]
[21:04:29] [Server thread/INFO]: [@: Object successfully summoned]
[21:04:29] [Server thread/INFO]: [@: Object successfully summoned]
[21:04:29] [Server thread/INFO]: [@: Object successfully summoned]
[21:04:31] [Server thread/INFO]: Graef lost connection: Disconnected
[21:04:31] [Server thread/INFO]: Graef left the game.
[21:04:31] [Server thread/INFO]: [@: Object successfully summoned]
[21:04:31] [Server thread/INFO]: [@: Object successfully summoned]
[21:04:31] [Server thread/INFO]: [@: Object successfully summoned]
[21:04:31] [Server thread/INFO]: [@: Object successfully summoned]
[21:04:34] [Server thread/INFO]: [@: Object successfully summoned]
[21:04:34] [Server thread/INFO]: [@: Object successfully summoned]
[21:04:34] [Server thread/INFO]: [@: Object successfully summoned]
[21:04:34] [Server thread/INFO]: [@: Object successfully summoned]
[21:04:37] [Server thread/INFO]: [@: Object successfully summoned]
[21:04:37] [Server thread/INFO]: [@: Object successfully summoned]
[21:04:37] [Server thread/INFO]: [@: Object successfully summoned]
[21:04:37] [Server thread/INFO]: [@: Object successfully summoned]
[21:04:40] [Server thread/INFO]: [@: Object successfully summoned]
[21:04:40] [Server thread/INFO]: [@: Object successfully summoned]
[21:04:40] [Server thread/INFO]: [@: Object successfully summoned]
[21:04:40] [Server thread/INFO]: [@: Object successfully summoned]
[21:04:43] [Server thread/INFO]: [@: Object successfully summoned]
[21:04:43] [Server thread/INFO]: [@: Object successfully summoned]
[21:04:43] [Server thread/INFO]: [@: Object successfully summoned]
[21:04:43] [Server thread/INFO]: [@: Object successfully summoned]
[21:04:45] [Server thread/INFO]: [@: Object successfully summoned]
[21:04:45] [Server thread/INFO]: [@: Object successfully summoned]
[21:04:45] [Server thread/INFO]: [@: Object successfully summoned]
[21:04:45] [Server thread/INFO]: [@: Object successfully summoned]
[21:04:48] [Server thread/INFO]: [@: Object successfully summoned]
[21:04:48] [Server thread/INFO]: [@: Object successfully summoned]
[21:04:48] [Server thread/INFO]: [@: Object successfully summoned]
[21:04:48] [Server thread/INFO]: [@: Object successfully summoned]
[21:04:51] [Server thread/INFO]: [@: Object successfully summoned]
[21:04:51] [Server thread/INFO]: [@: Object successfully summoned]
[21:04:51] [Server thread/INFO]: [@: Object successfully summoned]
[21:04:51] [Server thread/INFO]: [@: Object successfully summoned]
[21:04:54] [Server thread/INFO]: [@: Object successfully summoned]
[21:04:54] [Server thread/INFO]: [@: Object successfully summoned]
[21:04:54] [Server thread/INFO]: [@: Object successfully summoned]
[21:04:54] [Server thread/INFO]: [@: Object successfully summoned]
[21:04:57] [Server thread/INFO]: [@: Object successfully summoned]
[21:04:57] [Server thread/INFO]: [@: Object successfully summoned]
[21:04:57] [Server thread/INFO]: [@: Object successfully summoned]
[21:04:57] [Server thread/INFO]: [@: Object successfully summoned]
[21:04:59] [Server thread/INFO]: [@: Object successfully summoned]
[21:04:59] [Server thread/INFO]: [@: Object successfully summoned]
[21:04:59] [Server thread/INFO]: [@: Object successfully summoned]
[21:04:59] [Server thread/INFO]: [@: Object successfully summoned]
[21:05:02] [Server thread/INFO]: [@: Object successfully summoned]
[21:05:02] [Server thread/INFO]: [@: Object successfully summoned]
[21:05:02] [Server thread/INFO]: [@: Object successfully summoned]
[21:05:02] [Server thread/INFO]: [@: Object successfully summoned]
[21:05:05] [Thread-25/INFO]: UUID of player rodrii_ is f9b3cc3d-cf4c-3e3b-bceb-bcd7b54136ef
[21:05:05] [Server thread/INFO]: rodrii_[/[0:0:0:0:0:0:0:1]:43634] logged in with entity id 36301 at ([world]-2494.2869195746516, 55.0, -5741.414767797292)
[21:05:05] [Server thread/INFO]: [@: Object successfully summoned]
[21:05:05] [Server thread/INFO]: [@: Object successfully summoned]
[21:05:05] [Server thread/INFO]: [@: Object successfully summoned]
[21:05:05] [Server thread/INFO]: [@: Object successfully summoned]
[21:05:08] [Server thread/INFO]: [@: Object successfully summoned]
[21:05:08] [Server thread/INFO]: [@: Object successfully summoned]
[21:05:08] [Server thread/INFO]: [@: Object successfully summoned]
[21:05:08] [Server thread/INFO]: [@: Object successfully summoned]
[21:05:11] [Server thread/INFO]: [@: Object successfully summoned]
[21:05:11] [Server thread/INFO]: [@: Object successfully summoned]
[21:05:11] [Server thread/INFO]: [@: Object successfully summoned]
[21:05:11] [Server thread/INFO]: [@: Object successfully summoned]
[21:05:13] [Server thread/INFO]: [@: Object successfully summoned]
[21:05:13] [Server thread/INFO]: [@: Object successfully summoned]
[21:05:13] [Server thread/INFO]: [@: Object successfully summoned]
[21:05:13] [Server thread/INFO]: [@: Object successfully summoned]
[21:05:15] [Async Chat Thread - #10/INFO]: <rodrii_> jerrryyyyyy[m

[21:05:16] [Server thread/INFO]: [@: Object successfully summoned]
[21:05:16] [Server thread/INFO]: [@: Object successfully summoned]
[21:05:16] [Server thread/INFO]: [@: Object successfully summoned]
[21:05:16] [Server thread/INFO]: [@: Object successfully summoned]
[21:05:17] [Async Chat Thread - #10/INFO]: <rodrii_> hiiiiiiiiiiiiiiiiiiiiiiiiiiiiiiiiii[m

[21:05:18] [Async Chat Thread - #10/INFO]: <jerry_> hi[m

[21:05:19] [Server thread/INFO]: [@: Object successfully summoned]
[21:05:19] [Server thread/INFO]: [@: Object successfully summoned]
[21:05:19] [Server thread/INFO]: [@: Object successfully summoned]
[21:05:19] [Server thread/INFO]: [@: Object successfully summoned]
[21:05:22] [Server thread/INFO]: [@: Object successfully summoned]
[21:05:22] [Server thread/INFO]: [@: Object successfully summoned]
[21:05:22] [Server thread/INFO]: [@: Object successfully summoned]
[21:05:22] [Server thread/INFO]: [@: Object successfully summoned]
[21:05:25] [Server thread/INFO]: [@: Object successfully summoned]
[21:05:25] [Server thread/INFO]: [@: Object successfully summoned]
[21:05:25] [Server thread/INFO]: [@: Object successfully summoned]
[21:05:25] [Server thread/INFO]: [@: Object successfully summoned]
[21:05:26] [Async Chat Thread - #10/INFO]: <rodrii_> did u have another unexpected asbence day[m

[21:05:27] [Server thread/INFO]: [@: Object successfully summoned]
[21:05:27] [Server thread/INFO]: [@: Object successfully summoned]
[21:05:27] [Server thread/INFO]: [@: Object successfully summoned]
[21:05:27] [Server thread/INFO]: [@: Object successfully summoned]
[21:05:30] [Server thread/INFO]: [@: Object successfully summoned]
[21:05:30] [Server thread/INFO]: [@: Object successfully summoned]
[21:05:30] [Server thread/INFO]: [@: Object successfully summoned]
[21:05:30] [Server thread/INFO]: [@: Object successfully summoned]
[21:05:31] [Async Chat Thread - #10/INFO]: <jerry_> yes[m

[21:05:33] [Server thread/INFO]: [@: Object successfully summoned]
[21:05:33] [Server thread/INFO]: [@: Object successfully summoned]
[21:05:33] [Server thread/INFO]: [@: Object successfully summoned]
[21:05:33] [Server thread/INFO]: [@: Object successfully summoned]
[21:05:36] [Server thread/INFO]: [@: Object successfully summoned]
[21:05:36] [Server thread/INFO]: [@: Object successfully summoned]
[21:05:36] [Server thread/INFO]: [@: Object successfully summoned]
[21:05:36] [Server thread/INFO]: [@: Object successfully summoned]
[21:05:39] [Server thread/INFO]: [@: Object successfully summoned]
[21:05:39] [Server thread/INFO]: [@: Object successfully summoned]
[21:05:39] [Server thread/INFO]: [@: Object successfully summoned]
[21:05:39] [Server thread/INFO]: [@: Object successfully summoned]
[21:05:41] [Server thread/INFO]: [@: Object successfully summoned]
[21:05:41] [Server thread/INFO]: [@: Object successfully summoned]
[21:05:41] [Server thread/INFO]: [@: Object successfully summoned]
[21:05:41] [Server thread/INFO]: [@: Object successfully summoned]
[21:05:44] [Server thread/INFO]: [@: Object successfully summoned]
[21:05:44] [Server thread/INFO]: [@: Object successfully summoned]
[21:05:44] [Server thread/INFO]: [@: Object successfully summoned]
[21:05:44] [Server thread/INFO]: [@: Object successfully summoned]
[21:05:47] [Server thread/INFO]: [@: Object successfully summoned]
[21:05:47] [Server thread/INFO]: [@: Object successfully summoned]
[21:05:47] [Server thread/INFO]: [@: Object successfully summoned]
[21:05:47] [Server thread/INFO]: [@: Object successfully summoned]
[21:05:47] [Async Chat Thread - #10/INFO]: <rodrii_> i knew this time it couldve been this so i wasnt as surprised[m

[21:05:48] [Async Chat Thread - #10/INFO]: <jerry_> i slept through 5 ALARMS![m

[21:05:50] [Server thread/INFO]: [@: Object successfully summoned]
[21:05:50] [Server thread/INFO]: [@: Object successfully summoned]
[21:05:50] [Server thread/INFO]: [@: Object successfully summoned]
[21:05:50] [Server thread/INFO]: [@: Object successfully summoned]
[21:05:53] [Server thread/INFO]: [@: Object successfully summoned]
[21:05:53] [Server thread/INFO]: [@: Object successfully summoned]
[21:05:53] [Server thread/INFO]: [@: Object successfully summoned]
[21:05:53] [Server thread/INFO]: [@: Object successfully summoned]
[21:05:53] [Server thread/INFO]: rodrii_ issued server command: /clear
[21:05:53] [Server thread/INFO]: [rodrii_: Cleared the inventory of rodrii_, removing 5 items]
[21:05:55] [Async Chat Thread - #10/INFO]: <rodrii_> lol[m

[21:05:55] [Server thread/INFO]: [@: Object successfully summoned]
[21:05:55] [Server thread/INFO]: [@: Object successfully summoned]
[21:05:55] [Server thread/INFO]: [@: Object successfully summoned]
[21:05:55] [Server thread/INFO]: [@: Object successfully summoned]
[21:05:58] [Server thread/INFO]: [@: Object successfully summoned]
[21:05:58] [Server thread/INFO]: [@: Object successfully summoned]
[21:05:58] [Server thread/INFO]: [@: Object successfully summoned]
[21:05:58] [Server thread/INFO]: [@: Object successfully summoned]
[21:06:01] [Server thread/INFO]: [@: Object successfully summoned]
[21:06:01] [Server thread/INFO]: [@: Object successfully summoned]
[21:06:01] [Server thread/INFO]: [@: Object successfully summoned]
[21:06:01] [Server thread/INFO]: [@: Object successfully summoned]
[21:06:02] [Async Chat Thread - #10/INFO]: <jerry_> im working on the rooms[m

[21:06:04] [Server thread/INFO]: [@: Object successfully summoned]
[21:06:04] [Server thread/INFO]: [@: Object successfully summoned]
[21:06:04] [Server thread/INFO]: [@: Object successfully summoned]
[21:06:04] [Server thread/INFO]: [@: Object successfully summoned]
[21:06:07] [Server thread/INFO]: [@: Object successfully summoned]
[21:06:07] [Server thread/INFO]: [@: Object successfully summoned]
[21:06:07] [Server thread/INFO]: [@: Object successfully summoned]
[21:06:07] [Server thread/INFO]: [@: Object successfully summoned]
[21:06:09] [Server thread/INFO]: [@: Object successfully summoned]
[21:06:09] [Server thread/INFO]: [@: Object successfully summoned]
[21:06:09] [Server thread/INFO]: [@: Object successfully summoned]
[21:06:09] [Server thread/INFO]: [@: Object successfully summoned]
[21:06:09] [Async Chat Thread - #10/INFO]: <rodrii_> anyways so like graef is in the server btw[m

[21:06:12] [Server thread/INFO]: [@: Object successfully summoned]
[21:06:12] [Server thread/INFO]: [@: Object successfully summoned]
[21:06:12] [Server thread/INFO]: [@: Object successfully summoned]
[21:06:12] [Server thread/INFO]: [@: Object successfully summoned]
[21:06:15] [Server thread/INFO]: [@: Object successfully summoned]
[21:06:15] [Server thread/INFO]: [@: Object successfully summoned]
[21:06:15] [Server thread/INFO]: [@: Object successfully summoned]
[21:06:15] [Server thread/INFO]: [@: Object successfully summoned]
[21:06:18] [Server thread/INFO]: [@: Object successfully summoned]
[21:06:18] [Server thread/INFO]: [@: Object successfully summoned]
[21:06:18] [Server thread/INFO]: [@: Object successfully summoned]
[21:06:18] [Server thread/INFO]: [@: Object successfully summoned]
[21:06:18] [Async Chat Thread - #10/INFO]: <jerry_> i noticed[m

[21:06:21] [Server thread/INFO]: [@: Object successfully summoned]
[21:06:21] [Server thread/INFO]: [@: Object successfully summoned]
[21:06:21] [Server thread/INFO]: [@: Object successfully summoned]
[21:06:21] [Server thread/INFO]: [@: Object successfully summoned]
[21:06:23] [Server thread/INFO]: [@: Object successfully summoned]
[21:06:23] [Server thread/INFO]: [@: Object successfully summoned]
[21:06:23] [Server thread/INFO]: [@: Object successfully summoned]
[21:06:23] [Server thread/INFO]: [@: Object successfully summoned]
[21:06:26] [Server thread/INFO]: [@: Object successfully summoned]
[21:06:26] [Server thread/INFO]: [@: Object successfully summoned]
[21:06:26] [Server thread/INFO]: [@: Object successfully summoned]
[21:06:26] [Server thread/INFO]: [@: Object successfully summoned]
[21:06:28] [Async Chat Thread - #10/INFO]: <rodrii_> how long have u been playing[m

[21:06:29] [Server thread/INFO]: [@: Object successfully summoned]
[21:06:29] [Server thread/INFO]: [@: Object successfully summoned]
[21:06:29] [Server thread/INFO]: [@: Object successfully summoned]
[21:06:29] [Server thread/INFO]: [@: Object successfully summoned]
[21:06:30] [Async Chat Thread - #10/INFO]: <jerry_> im making a player count[m

[21:06:32] [Server thread/INFO]: [@: Object successfully summoned]
[21:06:32] [Server thread/INFO]: [@: Object successfully summoned]
[21:06:32] [Server thread/INFO]: [@: Object successfully summoned]
[21:06:32] [Server thread/INFO]: [@: Object successfully summoned]
[21:06:33] [Async Chat Thread - #10/INFO]: <rodrii_> nice[m

[21:06:35] [Server thread/INFO]: [@: Object successfully summoned]
[21:06:35] [Server thread/INFO]: [@: Object successfully summoned]
[21:06:35] [Server thread/INFO]: [@: Object successfully summoned]
[21:06:35] [Server thread/INFO]: [@: Object successfully summoned]
[21:06:37] [Server thread/INFO]: [@: Object successfully summoned]
[21:06:37] [Server thread/INFO]: [@: Object successfully summoned]
[21:06:37] [Server thread/INFO]: [@: Object successfully summoned]
[21:06:37] [Server thread/INFO]: [@: Object successfully summoned]
[21:06:40] [Server thread/INFO]: [@: Object successfully summoned]
[21:06:40] [Server thread/INFO]: [@: Object successfully summoned]
[21:06:40] [Server thread/INFO]: [@: Object successfully summoned]
[21:06:40] [Server thread/INFO]: [@: Object successfully summoned]
[21:06:40] [Async Chat Thread - #10/INFO]: <jerry_> since 2:16[m

[21:06:41] [Server thread/INFO]: rodrii_ issued server command: /effect @p clear
[21:06:41] [Server thread/INFO]: [rodrii_: Took all effects from rodrii_]
[21:06:43] [Server thread/INFO]: [@: Object successfully summoned]
[21:06:43] [Server thread/INFO]: [@: Object successfully summoned]
[21:06:43] [Server thread/INFO]: [@: Object successfully summoned]
[21:06:43] [Server thread/INFO]: [@: Object successfully summoned]
[21:06:46] [Server thread/INFO]: [@: Object successfully summoned]
[21:06:46] [Server thread/INFO]: [@: Object successfully summoned]
[21:06:46] [Server thread/INFO]: [@: Object successfully summoned]
[21:06:46] [Server thread/INFO]: [@: Object successfully summoned]
[21:06:46] [Async Chat Thread - #10/INFO]: <rodrii_> ah[m

[21:06:49] [Server thread/INFO]: [@: Object successfully summoned]
[21:06:49] [Server thread/INFO]: [@: Object successfully summoned]
[21:06:49] [Server thread/INFO]: [@: Object successfully summoned]
[21:06:49] [Server thread/INFO]: [@: Object successfully summoned]
[21:06:51] [Server thread/INFO]: [@: Object successfully summoned]
[21:06:51] [Server thread/INFO]: [@: Object successfully summoned]
[21:06:51] [Server thread/INFO]: [@: Object successfully summoned]
[21:06:51] [Server thread/INFO]: [@: Object successfully summoned]
[21:06:54] [Server thread/INFO]: [@: Object successfully summoned]
[21:06:54] [Server thread/INFO]: [@: Object successfully summoned]
[21:06:54] [Server thread/INFO]: [@: Object successfully summoned]
[21:06:54] [Server thread/INFO]: [@: Object successfully summoned]
[21:06:57] [Server thread/INFO]: [@: Object successfully summoned]
[21:06:57] [Server thread/INFO]: [@: Object successfully summoned]
[21:06:57] [Server thread/INFO]: [@: Object successfully summoned]
[21:06:57] [Server thread/INFO]: [@: Object successfully summoned]
[21:07:00] [Server thread/INFO]: [@: Object successfully summoned]
[21:07:00] [Server thread/INFO]: [@: Object successfully summoned]
[21:07:00] [Server thread/INFO]: [@: Object successfully summoned]
[21:07:00] [Server thread/INFO]: [@: Object successfully summoned]
[21:07:03] [Server thread/INFO]: [@: Object successfully summoned]
[21:07:03] [Server thread/INFO]: [@: Object successfully summoned]
[21:07:03] [Server thread/INFO]: [@: Object successfully summoned]
[21:07:03] [Server thread/INFO]: [@: Object successfully summoned]
[21:07:05] [Server thread/INFO]: [@: Object successfully summoned]
[21:07:05] [Server thread/INFO]: [@: Object successfully summoned]
[21:07:05] [Server thread/INFO]: [@: Object successfully summoned]
[21:07:05] [Server thread/INFO]: [@: Object successfully summoned]
[21:07:08] [Server thread/INFO]: [@: Object successfully summoned]
[21:07:08] [Server thread/INFO]: [@: Object successfully summoned]
[21:07:08] [Server thread/INFO]: [@: Object successfully summoned]
[21:07:08] [Server thread/INFO]: [@: Object successfully summoned]
[21:07:09] [Async Chat Thread - #10/INFO]: <rodrii_> i need sm1 like bentley or the lamm to get on[m

[21:07:11] [Server thread/INFO]: [@: Object successfully summoned]
[21:07:11] [Server thread/INFO]: [@: Object successfully summoned]
[21:07:11] [Server thread/INFO]: [@: Object successfully summoned]
[21:07:11] [Server thread/INFO]: [@: Object successfully summoned]
[21:07:14] [Server thread/INFO]: [@: Object successfully summoned]
[21:07:14] [Server thread/INFO]: [@: Object successfully summoned]
[21:07:14] [Server thread/INFO]: [@: Object successfully summoned]
[21:07:14] [Server thread/INFO]: [@: Object successfully summoned]
[21:07:17] [Server thread/INFO]: [@: Object successfully summoned]
[21:07:17] [Server thread/INFO]: [@: Object successfully summoned]
[21:07:17] [Server thread/INFO]: [@: Object successfully summoned]
[21:07:17] [Server thread/INFO]: [@: Object successfully summoned]
[21:07:19] [Server thread/INFO]: [@: Object successfully summoned]
[21:07:19] [Server thread/INFO]: [@: Object successfully summoned]
[21:07:19] [Server thread/INFO]: [@: Object successfully summoned]
[21:07:19] [Server thread/INFO]: [@: Object successfully summoned]
[21:07:22] [Server thread/INFO]: [@: Object successfully summoned]
[21:07:22] [Server thread/INFO]: [@: Object successfully summoned]
[21:07:22] [Server thread/INFO]: [@: Object successfully summoned]
[21:07:22] [Server thread/INFO]: [@: Object successfully summoned]
[21:07:25] [Server thread/INFO]: [@: Object successfully summoned]
[21:07:25] [Server thread/INFO]: [@: Object successfully summoned]
[21:07:25] [Server thread/INFO]: [@: Object successfully summoned]
[21:07:25] [Server thread/INFO]: [@: Object successfully summoned]
[21:07:28] [Server thread/INFO]: [@: Object successfully summoned]
[21:07:28] [Server thread/INFO]: [@: Object successfully summoned]
[21:07:28] [Server thread/INFO]: [@: Object successfully summoned]
[21:07:28] [Server thread/INFO]: [@: Object successfully summoned]
[21:07:31] [Server thread/INFO]: [@: Object successfully summoned]
[21:07:31] [Server thread/INFO]: [@: Object successfully summoned]
[21:07:31] [Server thread/INFO]: [@: Object successfully summoned]
[21:07:31] [Server thread/INFO]: [@: Object successfully summoned]
[21:07:33] [Server thread/INFO]: [@: Object successfully summoned]
[21:07:33] [Server thread/INFO]: [@: Object successfully summoned]
[21:07:33] [Server thread/INFO]: [@: Object successfully summoned]
[21:07:33] [Server thread/INFO]: [@: Object successfully summoned]
[21:07:36] [Async Chat Thread - #10/INFO]: <rodrii_> cause i wanna tell them to tel others that there will be a new link tmr, next monday and the first[m

[21:07:36] [Server thread/INFO]: [@: Object successfully summoned]
[21:07:36] [Server thread/INFO]: [@: Object successfully summoned]
[21:07:36] [Server thread/INFO]: [@: Object successfully summoned]
[21:07:36] [Server thread/INFO]: [@: Object successfully summoned]
[21:07:39] [Server thread/INFO]: [@: Object successfully summoned]
[21:07:39] [Server thread/INFO]: [@: Object successfully summoned]
[21:07:39] [Server thread/INFO]: [@: Object successfully summoned]
[21:07:39] [Server thread/INFO]: [@: Object successfully summoned]
[21:07:42] [Server thread/INFO]: [@: Object successfully summoned]
[21:07:42] [Server thread/INFO]: [@: Object successfully summoned]
[21:07:42] [Server thread/INFO]: [@: Object successfully summoned]
[21:07:42] [Server thread/INFO]: [@: Object successfully summoned]
[21:07:45] [Server thread/INFO]: [@: Object successfully summoned]
[21:07:45] [Server thread/INFO]: [@: Object successfully summoned]
[21:07:45] [Server thread/INFO]: [@: Object successfully summoned]
[21:07:45] [Server thread/INFO]: [@: Object successfully summoned]
[21:07:47] [Server thread/INFO]: [@: Object successfully summoned]
[21:07:47] [Server thread/INFO]: [@: Object successfully summoned]
[21:07:47] [Server thread/INFO]: [@: Object successfully summoned]
[21:07:47] [Server thread/INFO]: [@: Object successfully summoned]
[21:07:50] [Server thread/INFO]: [@: Object successfully summoned]
[21:07:50] [Server thread/INFO]: [@: Object successfully summoned]
[21:07:50] [Server thread/INFO]: [@: Object successfully summoned]
[21:07:50] [Server thread/INFO]: [@: Object successfully summoned]
[21:07:50] [Async Chat Thread - #10/INFO]: <rodrii_> day we get back from christmas break[m

[21:07:53] [Server thread/INFO]: [@: Object successfully summoned]
[21:07:53] [Server thread/INFO]: [@: Object successfully summoned]
[21:07:53] [Server thread/INFO]: [@: Object successfully summoned]
[21:07:53] [Server thread/INFO]: [@: Object successfully summoned]
[21:07:55] [Async Chat Thread - #10/INFO]: <jerry_> oh[m

[21:07:56] [Server thread/INFO]: [@: Object successfully summoned]
[21:07:56] [Server thread/INFO]: [@: Object successfully summoned]
[21:07:56] [Server thread/INFO]: [@: Object successfully summoned]
[21:07:56] [Server thread/INFO]: [@: Object successfully summoned]
[21:07:59] [Server thread/INFO]: [@: Object successfully summoned]
[21:07:59] [Server thread/INFO]: [@: Object successfully summoned]
[21:07:59] [Server thread/INFO]: [@: Object successfully summoned]
[21:07:59] [Server thread/INFO]: [@: Object successfully summoned]
[21:08:01] [Server thread/INFO]: [@: Object successfully summoned]
[21:08:01] [Server thread/INFO]: [@: Object successfully summoned]
[21:08:01] [Server thread/INFO]: [@: Object successfully summoned]
[21:08:01] [Server thread/INFO]: [@: Object successfully summoned]
[21:08:04] [Server thread/INFO]: [@: Object successfully summoned]
[21:08:04] [Server thread/INFO]: [@: Object successfully summoned]
[21:08:04] [Server thread/INFO]: [@: Object successfully summoned]
[21:08:04] [Server thread/INFO]: [@: Object successfully summoned]
[21:08:05] [Thread-26/INFO]: UUID of player nude_dude is 14404042-e794-326b-ae99-7e077748fd4e
[21:08:05] [Server thread/INFO]: nude_dude[/[0:0:0:0:0:0:0:1]:44482] logged in with entity id 37105 at ([world]973.0325765326569, 68.0, -789.6999999880791)
[21:08:07] [Server thread/INFO]: [@: Object successfully summoned]
[21:08:07] [Server thread/INFO]: [@: Object successfully summoned]
[21:08:07] [Server thread/INFO]: [@: Object successfully summoned]
[21:08:07] [Server thread/INFO]: [@: Object successfully summoned]
[21:08:10] [Server thread/INFO]: [@: Object successfully summoned]
[21:08:10] [Server thread/INFO]: [@: Object successfully summoned]
[21:08:10] [Server thread/INFO]: [@: Object successfully summoned]
[21:08:10] [Server thread/INFO]: [@: Object successfully summoned]
[21:08:13] [Server thread/INFO]: [@: Object successfully summoned]
[21:08:13] [Server thread/INFO]: [@: Object successfully summoned]
[21:08:13] [Server thread/INFO]: [@: Object successfully summoned]
[21:08:13] [Server thread/INFO]: [@: Object successfully summoned]
[21:08:13] [Thread-27/INFO]: UUID of player Steve is 5627dd98-e6be-3c21-b8a8-e92344183641
[21:08:13] [Server thread/INFO]: Steve[/[0:0:0:0:0:0:0:1]:39576] logged in with entity id 37236 at ([world]16.20569653106123, 57.0, 96.26804216104107)
[21:08:15] [Server thread/INFO]: [@: Object successfully summoned]
[21:08:15] [Server thread/INFO]: [@: Object successfully summoned]
[21:08:15] [Server thread/INFO]: [@: Object successfully summoned]
[21:08:15] [Server thread/INFO]: [@: Object successfully summoned]
[21:08:17] [Async Chat Thread - #10/INFO]: <rodrii_> cause then that finishes the full cycle[m

[21:08:18] [Server thread/INFO]: [@: Object successfully summoned]
[21:08:18] [Server thread/INFO]: [@: Object successfully summoned]
[21:08:18] [Server thread/INFO]: [@: Object successfully summoned]
[21:08:18] [Server thread/INFO]: [@: Object successfully summoned]
[21:08:18] [Server thread/INFO]: jerry_ issued server command: //replace air redstone_lamp
[21:08:21] [Server thread/INFO]: [@: Object successfully summoned]
[21:08:21] [Server thread/INFO]: [@: Object successfully summoned]
[21:08:21] [Server thread/INFO]: [@: Object successfully summoned]
[21:08:21] [Server thread/INFO]: [@: Object successfully summoned]
[21:08:23] [Async Chat Thread - #10/INFO]: <rodrii_> and we wont need more new links[m

[21:08:24] [Server thread/INFO]: [@: Object successfully summoned]
[21:08:24] [Server thread/INFO]: [@: Object successfully summoned]
[21:08:24] [Server thread/INFO]: [@: Object successfully summoned]
[21:08:24] [Server thread/INFO]: [@: Object successfully summoned]
[21:08:27] [Server thread/INFO]: [@: Object successfully summoned]
[21:08:27] [Server thread/INFO]: [@: Object successfully summoned]
[21:08:27] [Server thread/INFO]: [@: Object successfully summoned]
[21:08:27] [Server thread/INFO]: [@: Object successfully summoned]
[21:08:29] [Server thread/INFO]: [@: Object successfully summoned]
[21:08:29] [Server thread/INFO]: [@: Object successfully summoned]
[21:08:29] [Server thread/INFO]: [@: Object successfully summoned]
[21:08:29] [Server thread/INFO]: [@: Object successfully summoned]
[21:08:30] [Async Chat Thread - #10/INFO]: <jerry_> niceee[m

[21:08:31] [Async Chat Thread - #10/INFO]: <rodrii_> and itll just cycle through those 5 links[m

[21:08:32] [Server thread/INFO]: nude_dude issued server command: /home l
[21:08:32] [Server thread/INFO]: [@: Object successfully summoned]
[21:08:32] [Server thread/INFO]: [@: Object successfully summoned]
[21:08:32] [Server thread/INFO]: [@: Object successfully summoned]
[21:08:32] [Server thread/INFO]: [@: Object successfully summoned]
[21:08:35] [Server thread/INFO]: [@: Object successfully summoned]
[21:08:35] [Server thread/INFO]: [@: Object successfully summoned]
[21:08:35] [Server thread/INFO]: [@: Object successfully summoned]
[21:08:35] [Server thread/INFO]: [@: Object successfully summoned]
[21:08:38] [Server thread/INFO]: [@: Object successfully summoned]
[21:08:38] [Server thread/INFO]: [@: Object successfully summoned]
[21:08:38] [Server thread/INFO]: [@: Object successfully summoned]
[21:08:38] [Server thread/INFO]: [@: Object successfully summoned]
[21:08:40] [Async Chat Thread - #10/INFO]: <rodrii_> like ik some ppl are getting annoyed[m

[21:08:41] [Server thread/INFO]: [@: Object successfully summoned]
[21:08:41] [Server thread/INFO]: [@: Object successfully summoned]
[21:08:41] [Server thread/INFO]: [@: Object successfully summoned]
[21:08:41] [Server thread/INFO]: [@: Object successfully summoned]
[21:08:43] [Server thread/INFO]: [@: Object successfully summoned]
[21:08:43] [Server thread/INFO]: [@: Object successfully summoned]
[21:08:43] [Server thread/INFO]: [@: Object successfully summoned]
[21:08:43] [Server thread/INFO]: [@: Object successfully summoned]
[21:08:45] [Async Chat Thread - #10/INFO]: <rodrii_> so im getting a lil worried[m

[21:08:46] [Server thread/INFO]: [@: Object successfully summoned]
[21:08:46] [Server thread/INFO]: [@: Object successfully summoned]
[21:08:46] [Server thread/INFO]: [@: Object successfully summoned]
[21:08:46] [Server thread/INFO]: [@: Object successfully summoned]
[21:08:49] [Server thread/INFO]: [@: Object successfully summoned]
[21:08:49] [Server thread/INFO]: [@: Object successfully summoned]
[21:08:49] [Server thread/INFO]: [@: Object successfully summoned]
[21:08:49] [Server thread/INFO]: [@: Object successfully summoned]
[21:08:52] [Server thread/INFO]: [@: Object successfully summoned]
[21:08:52] [Server thread/INFO]: [@: Object successfully summoned]
[21:08:52] [Server thread/INFO]: [@: Object successfully summoned]
[21:08:52] [Server thread/INFO]: [@: Object successfully summoned]
[21:08:53] [Async Chat Thread - #10/INFO]: <rodrii_> wsg jack[m

[21:08:55] [Server thread/INFO]: [@: Object successfully summoned]
[21:08:55] [Server thread/INFO]: [@: Object successfully summoned]
[21:08:55] [Server thread/INFO]: [@: Object successfully summoned]
[21:08:55] [Server thread/INFO]: [@: Object successfully summoned]
[21:08:57] [Thread-28/INFO]: UUID of player lamm is 5cb39085-071d-31e4-9b35-9cf0f1e7f041
[21:08:57] [Server thread/INFO]: lamm[/[0:0:0:0:0:0:0:1]:54228] logged in with entity id 37648 at ([world]-1272.0490606484393, 66.0, -143.69999998807913)
[21:08:57] [Server thread/INFO]: [@: Object successfully summoned]
[21:08:57] [Server thread/INFO]: [@: Object successfully summoned]
[21:08:57] [Server thread/INFO]: [@: Object successfully summoned]
[21:08:57] [Server thread/INFO]: [@: Object successfully summoned]
[21:09:00] [Server thread/INFO]: [@: Object successfully summoned]
[21:09:00] [Server thread/INFO]: [@: Object successfully summoned]
[21:09:00] [Server thread/INFO]: [@: Object successfully summoned]
[21:09:00] [Server thread/INFO]: [@: Object successfully summoned]
[21:09:03] [Server thread/INFO]: [@: Object successfully summoned]
[21:09:03] [Server thread/INFO]: [@: Object successfully summoned]
[21:09:03] [Server thread/INFO]: [@: Object successfully summoned]
[21:09:03] [Server thread/INFO]: [@: Object successfully summoned]
[21:09:04] [Async Chat Thread - #10/INFO]: <nude_dude> not much[m

[21:09:06] [Server thread/INFO]: [@: Object successfully summoned]
[21:09:06] [Server thread/INFO]: [@: Object successfully summoned]
[21:09:06] [Server thread/INFO]: [@: Object successfully summoned]
[21:09:06] [Server thread/INFO]: [@: Object successfully summoned]
[21:09:09] [Server thread/INFO]: [@: Object successfully summoned]
[21:09:09] [Server thread/INFO]: [@: Object successfully summoned]
[21:09:09] [Server thread/INFO]: [@: Object successfully summoned]
[21:09:09] [Server thread/INFO]: [@: Object successfully summoned]
[21:09:10] [Async Chat Thread - #10/INFO]: <nude_dude> hey quetion[m

[21:09:10] [Async Chat Thread - #10/INFO]: <rodrii_> can i ask u a favor[m

[21:09:11] [Server thread/INFO]: [@: Object successfully summoned]
[21:09:11] [Server thread/INFO]: [@: Object successfully summoned]
[21:09:11] [Server thread/INFO]: [@: Object successfully summoned]
[21:09:11] [Server thread/INFO]: [@: Object successfully summoned]
[21:09:13] [Async Chat Thread - #10/INFO]: <rodrii_> u first[m

[21:09:14] [Server thread/INFO]: [@: Object successfully summoned]
[21:09:14] [Server thread/INFO]: [@: Object successfully summoned]
[21:09:14] [Server thread/INFO]: [@: Object successfully summoned]
[21:09:14] [Server thread/INFO]: [@: Object successfully summoned]
[21:09:15] [Async Chat Thread - #10/INFO]: <jerry_> so far i have 12 users written down[m

[21:09:17] [Server thread/INFO]: [@: Object successfully summoned]
[21:09:17] [Server thread/INFO]: [@: Object successfully summoned]
[21:09:17] [Server thread/INFO]: [@: Object successfully summoned]
[21:09:17] [Server thread/INFO]: [@: Object successfully summoned]
[21:09:17] [Async Chat Thread - #10/INFO]: <nude_dude> sure for a trade[m

[21:09:20] [Server thread/INFO]: [@: Object successfully summoned]
[21:09:20] [Server thread/INFO]: [@: Object successfully summoned]
[21:09:20] [Server thread/INFO]: [@: Object successfully summoned]
[21:09:20] [Server thread/INFO]: [@: Object successfully summoned]
[21:09:23] [Server thread/INFO]: [@: Object successfully summoned]
[21:09:23] [Server thread/INFO]: [@: Object successfully summoned]
[21:09:23] [Server thread/INFO]: [@: Object successfully summoned]
[21:09:23] [Server thread/INFO]: [@: Object successfully summoned]
[21:09:24] [Async Chat Thread - #10/INFO]: <rodrii_> what is it?[m

[21:09:25] [Server thread/INFO]: [@: Object successfully summoned]
[21:09:25] [Server thread/INFO]: [@: Object successfully summoned]
[21:09:25] [Server thread/INFO]: [@: Object successfully summoned]
[21:09:25] [Server thread/INFO]: [@: Object successfully summoned]
[21:09:28] [Server thread/INFO]: [@: Object successfully summoned]
[21:09:28] [Server thread/INFO]: [@: Object successfully summoned]
[21:09:28] [Server thread/INFO]: [@: Object successfully summoned]
[21:09:28] [Server thread/INFO]: [@: Object successfully summoned]
[21:09:31] [Server thread/INFO]: [@: Object successfully summoned]
[21:09:31] [Server thread/INFO]: [@: Object successfully summoned]
[21:09:31] [Server thread/INFO]: [@: Object successfully summoned]
[21:09:31] [Server thread/INFO]: [@: Object successfully summoned]
[21:09:32] [Async Chat Thread - #10/INFO]: <nude_dude> xp bottles[m

[21:09:34] [Server thread/INFO]: [@: Object successfully summoned]
[21:09:34] [Server thread/INFO]: [@: Object successfully summoned]
[21:09:34] [Server thread/INFO]: [@: Object successfully summoned]
[21:09:34] [Server thread/INFO]: [@: Object successfully summoned]
[21:09:37] [Server thread/INFO]: [@: Object successfully summoned]
[21:09:37] [Server thread/INFO]: [@: Object successfully summoned]
[21:09:37] [Server thread/INFO]: [@: Object successfully summoned]
[21:09:37] [Server thread/INFO]: [@: Object successfully summoned]
[21:09:39] [Server thread/INFO]: [@: Object successfully summoned]
[21:09:39] [Server thread/INFO]: [@: Object successfully summoned]
[21:09:39] [Server thread/INFO]: [@: Object successfully summoned]
[21:09:39] [Server thread/INFO]: [@: Object successfully summoned]
[21:09:42] [Server thread/INFO]: [@: Object successfully summoned]
[21:09:42] [Server thread/INFO]: [@: Object successfully summoned]
[21:09:42] [Server thread/INFO]: [@: Object successfully summoned]
[21:09:42] [Server thread/INFO]: [@: Object successfully summoned]
[21:09:45] [Server thread/INFO]: [@: Object successfully summoned]
[21:09:45] [Server thread/INFO]: [@: Object successfully summoned]
[21:09:45] [Server thread/INFO]: [@: Object successfully summoned]
[21:09:45] [Server thread/INFO]: [@: Object successfully summoned]
[21:09:48] [Server thread/INFO]: [@: Object successfully summoned]
[21:09:48] [Server thread/INFO]: [@: Object successfully summoned]
[21:09:48] [Server thread/INFO]: [@: Object successfully summoned]
[21:09:48] [Server thread/INFO]: [@: Object successfully summoned]
[21:09:51] [Server thread/INFO]: [@: Object successfully summoned]
[21:09:51] [Server thread/INFO]: [@: Object successfully summoned]
[21:09:51] [Server thread/INFO]: [@: Object successfully summoned]
[21:09:51] [Server thread/INFO]: [@: Object successfully summoned]
[21:09:52] [Async Chat Thread - #10/INFO]: <rodrii_> uhhhhhhhhhhhhhhhhh[m

[21:09:53] [Server thread/INFO]: [@: Object successfully summoned]
[21:09:53] [Server thread/INFO]: [@: Object successfully summoned]
[21:09:53] [Server thread/INFO]: [@: Object successfully summoned]
[21:09:53] [Server thread/INFO]: [@: Object successfully summoned]
[21:09:56] [Server thread/INFO]: [@: Object successfully summoned]
[21:09:56] [Server thread/INFO]: [@: Object successfully summoned]
[21:09:56] [Server thread/INFO]: [@: Object successfully summoned]
[21:09:56] [Server thread/INFO]: [@: Object successfully summoned]
[21:09:57] [Async Chat Thread - #10/INFO]: <nude_dude> wo stacks[m

[21:09:59] [Server thread/INFO]: jerry_ issued server command: //replace air redstone
[21:09:59] [Server thread/INFO]: [@: Object successfully summoned]
[21:09:59] [Server thread/INFO]: [@: Object successfully summoned]
[21:09:59] [Server thread/INFO]: [@: Object successfully summoned]
[21:09:59] [Server thread/INFO]: [@: Object successfully summoned]
[21:10:01] [Async Chat Thread - #10/INFO]: <rodrii_> i mean these are only in the strongholf[m

[21:10:02] [Server thread/INFO]: [@: Object successfully summoned]
[21:10:02] [Server thread/INFO]: [@: Object successfully summoned]
[21:10:02] [Server thread/INFO]: [@: Object successfully summoned]
[21:10:02] [Server thread/INFO]: [@: Object successfully summoned]
[21:10:05] [Server thread/INFO]: [@: Object successfully summoned]
[21:10:05] [Server thread/INFO]: [@: Object successfully summoned]
[21:10:05] [Server thread/INFO]: [@: Object successfully summoned]
[21:10:05] [Server thread/INFO]: [@: Object successfully summoned]
[21:10:06] [Async Chat Thread - #10/INFO]: <rodrii_> so they are kinda expensive[m

[21:10:07] [Server thread/INFO]: [@: Object successfully summoned]
[21:10:07] [Server thread/INFO]: [@: Object successfully summoned]
[21:10:07] [Server thread/INFO]: [@: Object successfully summoned]
[21:10:07] [Server thread/INFO]: [@: Object successfully summoned]
[21:10:08] [Server thread/INFO]: jerry_ issued server command: //replace redstone_blocks
[21:10:10] [Async Chat Thread - #10/INFO]: <nude_dude> diomonds[m

[21:10:11] [Server thread/INFO]: [@: Object successfully summoned]
[21:10:11] [Server thread/INFO]: [@: Object successfully summoned]
[21:10:11] [Server thread/INFO]: [@: Object successfully summoned]
[21:10:11] [Server thread/INFO]: [@: Object successfully summoned]
[21:10:13] [Server thread/INFO]: [@: Object successfully summoned]
[21:10:13] [Server thread/INFO]: [@: Object successfully summoned]
[21:10:13] [Server thread/INFO]: [@: Object successfully summoned]
[21:10:13] [Server thread/INFO]: [@: Object successfully summoned]
[21:10:16] [Server thread/INFO]: [@: Object successfully summoned]
[21:10:16] [Server thread/INFO]: [@: Object successfully summoned]
[21:10:16] [Server thread/INFO]: [@: Object successfully summoned]
[21:10:16] [Server thread/INFO]: [@: Object successfully summoned]
[21:10:18] [Async Chat Thread - #10/INFO]: <nude_dude> and favor[m

[21:10:19] [Server thread/INFO]: [@: Object successfully summoned]
[21:10:19] [Server thread/INFO]: [@: Object successfully summoned]
[21:10:19] [Server thread/INFO]: [@: Object successfully summoned]
[21:10:19] [Server thread/INFO]: [@: Object successfully summoned]
[21:10:21] [Server thread/INFO]: [@: Object successfully summoned]
[21:10:21] [Server thread/INFO]: [@: Object successfully summoned]
[21:10:21] [Server thread/INFO]: [@: Object successfully summoned]
[21:10:21] [Server thread/INFO]: [@: Object successfully summoned]
[21:10:22] [Async Chat Thread - #10/INFO]: <rodrii_> right[m

[21:10:23] [Server thread/INFO]: rodrii_ issued server command: /clear
[21:10:23] [Server thread/INFO]: [rodrii_: Cleared the inventory of rodrii_, removing 38 items]
[21:10:24] [Server thread/INFO]: [@: Object successfully summoned]
[21:10:24] [Server thread/INFO]: [@: Object successfully summoned]
[21:10:24] [Server thread/INFO]: [@: Object successfully summoned]
[21:10:24] [Server thread/INFO]: [@: Object successfully summoned]
[21:10:27] [Server thread/INFO]: [@: Object successfully summoned]
[21:10:27] [Server thread/INFO]: [@: Object successfully summoned]
[21:10:27] [Server thread/INFO]: [@: Object successfully summoned]
[21:10:27] [Server thread/INFO]: [@: Object successfully summoned]
[21:10:30] [Server thread/INFO]: [@: Object successfully summoned]
[21:10:30] [Server thread/INFO]: [@: Object successfully summoned]
[21:10:30] [Server thread/INFO]: [@: Object successfully summoned]
[21:10:30] [Server thread/INFO]: [@: Object successfully summoned]
[21:10:33] [Server thread/INFO]: [@: Object successfully summoned]
[21:10:33] [Server thread/INFO]: [@: Object successfully summoned]
[21:10:33] [Server thread/INFO]: [@: Object successfully summoned]
[21:10:33] [Server thread/INFO]: [@: Object successfully summoned]
[21:10:34] [Async Chat Thread - #10/INFO]: <nude_dude> and i gave you 41 books[m

[21:10:35] [Server thread/INFO]: [@: Object successfully summoned]
[21:10:35] [Server thread/INFO]: [@: Object successfully summoned]
[21:10:35] [Server thread/INFO]: [@: Object successfully summoned]
[21:10:35] [Server thread/INFO]: [@: Object successfully summoned]
[21:10:38] [Server thread/INFO]: [@: Object successfully summoned]
[21:10:38] [Server thread/INFO]: [@: Object successfully summoned]
[21:10:38] [Server thread/INFO]: [@: Object successfully summoned]
[21:10:38] [Server thread/INFO]: [@: Object successfully summoned]
[21:10:41] [Async Chat Thread - #10/INFO]: <rodrii_> can u tell other ppl that there will a new invite link tmr, next monday and the 1st[m

[21:10:41] [Server thread/INFO]: [@: Object successfully summoned]
[21:10:41] [Server thread/INFO]: [@: Object successfully summoned]
[21:10:41] [Server thread/INFO]: [@: Object successfully summoned]
[21:10:41] [Server thread/INFO]: [@: Object successfully summoned]
[21:10:41] [Async Chat Thread - #10/INFO]: <jerry_> how do i clear mobs only in this area[m

[21:10:44] [Server thread/INFO]: [@: Object successfully summoned]
[21:10:44] [Server thread/INFO]: [@: Object successfully summoned]
[21:10:44] [Server thread/INFO]: [@: Object successfully summoned]
[21:10:44] [Server thread/INFO]: [@: Object successfully summoned]
[21:10:47] [Server thread/INFO]: [@: Object successfully summoned]
[21:10:47] [Server thread/INFO]: [@: Object successfully summoned]
[21:10:47] [Server thread/INFO]: [@: Object successfully summoned]
[21:10:47] [Server thread/INFO]: [@: Object successfully summoned]
[21:10:49] [Server thread/INFO]: [@: Object successfully summoned]
[21:10:49] [Server thread/INFO]: [@: Object successfully summoned]
[21:10:49] [Server thread/INFO]: [@: Object successfully summoned]
[21:10:49] [Server thread/INFO]: [@: Object successfully summoned]
[21:10:50] [Async Chat Thread - #10/INFO]: <rodrii_> day we come back from christmas break[m

[21:10:52] [Server thread/INFO]: [@: Object successfully summoned]
[21:10:52] [Server thread/INFO]: [@: Object successfully summoned]
[21:10:52] [Server thread/INFO]: [@: Object successfully summoned]
[21:10:52] [Server thread/INFO]: [@: Object successfully summoned]
[21:10:55] [Server thread/INFO]: [@: Object successfully summoned]
[21:10:55] [Server thread/INFO]: [@: Object successfully summoned]
[21:10:55] [Server thread/INFO]: [@: Object successfully summoned]
[21:10:55] [Server thread/INFO]: [@: Object successfully summoned]
[21:10:56] [Async Chat Thread - #10/INFO]: <nude_dude> ok[m

[21:10:58] [Server thread/INFO]: [@: Object successfully summoned]
[21:10:58] [Server thread/INFO]: [@: Object successfully summoned]
[21:10:58] [Server thread/INFO]: [@: Object successfully summoned]
[21:10:58] [Server thread/INFO]: [@: Object successfully summoned]
[21:11:01] [Server thread/INFO]: [@: Object successfully summoned]
[21:11:01] [Server thread/INFO]: [@: Object successfully summoned]
[21:11:01] [Server thread/INFO]: [@: Object successfully summoned]
[21:11:01] [Server thread/INFO]: [@: Object successfully summoned]
[21:11:03] [Server thread/INFO]: [@: Object successfully summoned]
[21:11:03] [Server thread/INFO]: [@: Object successfully summoned]
[21:11:03] [Server thread/INFO]: [@: Object successfully summoned]
[21:11:03] [Server thread/INFO]: [@: Object successfully summoned]
[21:11:04] [Async Chat Thread - #10/INFO]: <nude_dude> xp bottles pls[m

[21:11:06] [Server thread/INFO]: [@: Object successfully summoned]
[21:11:06] [Server thread/INFO]: [@: Object successfully summoned]
[21:11:06] [Server thread/INFO]: [@: Object successfully summoned]
[21:11:06] [Server thread/INFO]: [@: Object successfully summoned]
[21:11:09] [Async Chat Thread - #10/INFO]: <rodrii_> its cause ik ppl are getting annoyed with all the new links[m

[21:11:09] [Server thread/INFO]: [@: Object successfully summoned]
[21:11:09] [Server thread/INFO]: [@: Object successfully summoned]
[21:11:09] [Server thread/INFO]: [@: Object successfully summoned]
[21:11:09] [Server thread/INFO]: [@: Object successfully summoned]
[21:11:12] [Server thread/INFO]: [@: Object successfully summoned]
[21:11:12] [Server thread/INFO]: [@: Object successfully summoned]
[21:11:12] [Server thread/INFO]: [@: Object successfully summoned]
[21:11:12] [Server thread/INFO]: [@: Object successfully summoned]
[21:11:15] [Server thread/INFO]: [@: Object successfully summoned]
[21:11:15] [Server thread/INFO]: [@: Object successfully summoned]
[21:11:15] [Server thread/INFO]: [@: Object successfully summoned]
[21:11:15] [Server thread/INFO]: [@: Object successfully summoned]
[21:11:17] [Server thread/INFO]: [@: Object successfully summoned]
[21:11:17] [Server thread/INFO]: [@: Object successfully summoned]
[21:11:17] [Server thread/INFO]: [@: Object successfully summoned]
[21:11:17] [Server thread/INFO]: [@: Object successfully summoned]
[21:11:20] [Server thread/INFO]: [@: Object successfully summoned]
[21:11:20] [Server thread/INFO]: [@: Object successfully summoned]
[21:11:20] [Server thread/INFO]: [@: Object successfully summoned]
[21:11:20] [Server thread/INFO]: [@: Object successfully summoned]
[21:11:23] [Async Chat Thread - #10/INFO]: <nude_dude> i know i got you[m

[21:11:23] [Server thread/INFO]: [@: Object successfully summoned]
[21:11:23] [Server thread/INFO]: [@: Object successfully summoned]
[21:11:23] [Server thread/INFO]: [@: Object successfully summoned]
[21:11:23] [Server thread/INFO]: [@: Object successfully summoned]
[21:11:24] [Async Chat Thread - #10/INFO]: <rodrii_> so i wanna let them know ahead of time[m

[21:11:26] [Server thread/INFO]: [@: Object successfully summoned]
[21:11:26] [Server thread/INFO]: [@: Object successfully summoned]
[21:11:26] [Server thread/INFO]: [@: Object successfully summoned]
[21:11:26] [Server thread/INFO]: [@: Object successfully summoned]
[21:11:29] [Server thread/INFO]: [@: Object successfully summoned]
[21:11:29] [Server thread/INFO]: [@: Object successfully summoned]
[21:11:29] [Server thread/INFO]: [@: Object successfully summoned]
[21:11:29] [Server thread/INFO]: [@: Object successfully summoned]
[21:11:31] [Server thread/INFO]: [@: Object successfully summoned]
[21:11:31] [Server thread/INFO]: [@: Object successfully summoned]
[21:11:31] [Server thread/INFO]: [@: Object successfully summoned]
[21:11:31] [Server thread/INFO]: [@: Object successfully summoned]
[21:11:34] [Server thread/INFO]: [@: Object successfully summoned]
[21:11:34] [Server thread/INFO]: [@: Object successfully summoned]
[21:11:34] [Server thread/INFO]: [@: Object successfully summoned]
[21:11:34] [Server thread/INFO]: [@: Object successfully summoned]
[21:11:36] [Async Chat Thread - #10/INFO]: <nude_dude> ok[m

[21:11:37] [Server thread/INFO]: [@: Object successfully summoned]
[21:11:37] [Server thread/INFO]: [@: Object successfully summoned]
[21:11:37] [Server thread/INFO]: [@: Object successfully summoned]
[21:11:37] [Server thread/INFO]: [@: Object successfully summoned]
[21:11:40] [Server thread/INFO]: [@: Object successfully summoned]
[21:11:40] [Server thread/INFO]: [@: Object successfully summoned]
[21:11:40] [Server thread/INFO]: [@: Object successfully summoned]
[21:11:40] [Server thread/INFO]: [@: Object successfully summoned]
[21:11:40] [Server thread/INFO]: [@: Given Invisibility (ID 14) * 255 to Steve for 9999 seconds]
[21:11:43] [Server thread/INFO]: [@: Object successfully summoned]
[21:11:43] [Server thread/INFO]: [@: Object successfully summoned]
[21:11:43] [Server thread/INFO]: [@: Object successfully summoned]
[21:11:43] [Server thread/INFO]: [@: Object successfully summoned]
[21:11:44] [Server thread/INFO]: jerry_ issued server command: //replace air
[21:11:45] [Server thread/INFO]: [@: Object successfully summoned]
[21:11:45] [Server thread/INFO]: [@: Object successfully summoned]
[21:11:45] [Server thread/INFO]: [@: Object successfully summoned]
[21:11:45] [Server thread/INFO]: [@: Object successfully summoned]
[21:11:46] [Async Chat Thread - #10/INFO]: <rodrii_> but once they got all 5, the server will cycle through them so no more links[m

[21:11:48] [Server thread/INFO]: [@: Object successfully summoned]
[21:11:48] [Server thread/INFO]: [@: Object successfully summoned]
[21:11:48] [Server thread/INFO]: [@: Object successfully summoned]
[21:11:48] [Server thread/INFO]: [@: Object successfully summoned]
[21:11:50] [Async Chat Thread - #10/INFO]: <lamm> rodrii trade me blaze rods for diamonds[m

[21:11:51] [Server thread/INFO]: [@: Object successfully summoned]
[21:11:51] [Server thread/INFO]: [@: Object successfully summoned]
[21:11:51] [Server thread/INFO]: [@: Object successfully summoned]
[21:11:51] [Server thread/INFO]: [@: Object successfully summoned]
[21:11:52] [Async Chat Thread - #10/INFO]: <nude_dude> ok[m

[21:11:54] [Server thread/INFO]: [@: Object successfully summoned]
[21:11:54] [Server thread/INFO]: [@: Object successfully summoned]
[21:11:54] [Server thread/INFO]: [@: Object successfully summoned]
[21:11:54] [Server thread/INFO]: [@: Object successfully summoned]
[21:11:55] [Server thread/INFO]: lamm issued server command: /home s
[21:11:57] [Server thread/INFO]: [@: Object successfully summoned]
[21:11:57] [Server thread/INFO]: [@: Object successfully summoned]
[21:11:57] [Server thread/INFO]: [@: Object successfully summoned]
[21:11:57] [Server thread/INFO]: [@: Object successfully summoned]
[21:11:59] [Server thread/INFO]: [@: Object successfully summoned]
[21:11:59] [Server thread/INFO]: [@: Object successfully summoned]
[21:11:59] [Server thread/INFO]: [@: Object successfully summoned]
[21:11:59] [Server thread/INFO]: [@: Object successfully summoned]
[21:12:02] [Server thread/INFO]: [@: Object successfully summoned]
[21:12:02] [Server thread/INFO]: [@: Object successfully summoned]
[21:12:02] [Server thread/INFO]: [@: Object successfully summoned]
[21:12:02] [Server thread/INFO]: [@: Object successfully summoned]
[21:12:05] [Async Chat Thread - #10/INFO]: <rodrii_> ill put the dates in the doc too to help out[m

[21:12:05] [Server thread/INFO]: [@: Object successfully summoned]
[21:12:05] [Server thread/INFO]: [@: Object successfully summoned]
[21:12:05] [Server thread/INFO]: [@: Object successfully summoned]
[21:12:05] [Server thread/INFO]: [@: Object successfully summoned]
[21:12:08] [Server thread/INFO]: [@: Object successfully summoned]
[21:12:08] [Server thread/INFO]: [@: Object successfully summoned]
[21:12:08] [Server thread/INFO]: [@: Object successfully summoned]
[21:12:08] [Server thread/INFO]: [@: Object successfully summoned]
[21:12:08] [Async Chat Thread - #10/INFO]: <rodrii_> ok[m

[21:12:10] [Server thread/INFO]: rodrii_ issued server command: /tp lamm
[21:12:10] [Server thread/INFO]: [rodrii_: Teleported rodrii_ to lamm]
[21:12:11] [Server thread/INFO]: [@: Object successfully summoned]
[21:12:11] [Server thread/INFO]: [@: Object successfully summoned]
[21:12:11] [Server thread/INFO]: [@: Object successfully summoned]
[21:12:11] [Server thread/INFO]: [@: Object successfully summoned]
[21:12:11] [Async Chat Thread - #10/INFO]: <jerry_> how do i remove mobs in just this area?[m

[21:12:13] [Server thread/INFO]: [@: Object successfully summoned]
[21:12:13] [Server thread/INFO]: [@: Object successfully summoned]
[21:12:13] [Server thread/INFO]: [@: Object successfully summoned]
[21:12:13] [Server thread/INFO]: [@: Object successfully summoned]
[21:12:16] [Server thread/INFO]: [@: Object successfully summoned]
[21:12:16] [Server thread/INFO]: [@: Object successfully summoned]
[21:12:16] [Server thread/INFO]: [@: Object successfully summoned]
[21:12:16] [Server thread/INFO]: [@: Object successfully summoned]
[21:12:19] [Async Chat Thread - #10/INFO]: <rodrii_> u dont[m

[21:12:19] [Server thread/INFO]: [@: Object successfully summoned]
[21:12:19] [Server thread/INFO]: [@: Object successfully summoned]
[21:12:19] [Server thread/INFO]: [@: Object successfully summoned]
[21:12:19] [Server thread/INFO]: [@: Object successfully summoned]
[21:12:22] [Server thread/INFO]: [@: Object successfully summoned]
[21:12:22] [Server thread/INFO]: [@: Object successfully summoned]
[21:12:22] [Server thread/INFO]: [@: Object successfully summoned]
[21:12:22] [Server thread/INFO]: [@: Object successfully summoned]
[21:12:25] [Server thread/INFO]: [@: Object successfully summoned]
[21:12:25] [Server thread/INFO]: [@: Object successfully summoned]
[21:12:25] [Server thread/INFO]: [@: Object successfully summoned]
[21:12:25] [Server thread/INFO]: [@: Object successfully summoned]
[21:12:27] [Server thread/INFO]: [@: Object successfully summoned]
[21:12:27] [Server thread/INFO]: [@: Object successfully summoned]
[21:12:27] [Server thread/INFO]: [@: Object successfully summoned]
[21:12:27] [Server thread/INFO]: [@: Object successfully summoned]
[21:12:30] [Server thread/INFO]: [@: Object successfully summoned]
[21:12:30] [Server thread/INFO]: [@: Object successfully summoned]
[21:12:30] [Server thread/INFO]: [@: Object successfully summoned]
[21:12:30] [Server thread/INFO]: [@: Object successfully summoned]
[21:12:30] [Server thread/INFO]: rodrii_ issued server command: /clear
[21:12:30] [Server thread/INFO]: [rodrii_: Cleared the inventory of rodrii_, removing 47 items]
[21:12:33] [Server thread/INFO]: [@: Object successfully summoned]
[21:12:33] [Server thread/INFO]: [@: Object successfully summoned]
[21:12:33] [Server thread/INFO]: [@: Object successfully summoned]
[21:12:33] [Server thread/INFO]: [@: Object successfully summoned]
[21:12:36] [Server thread/INFO]: [@: Object successfully summoned]
[21:12:36] [Server thread/INFO]: [@: Object successfully summoned]
[21:12:36] [Server thread/INFO]: [@: Object successfully summoned]
[21:12:36] [Server thread/INFO]: [@: Object successfully summoned]
[21:12:39] [Server thread/INFO]: [@: Object successfully summoned]
[21:12:39] [Server thread/INFO]: [@: Object successfully summoned]
[21:12:39] [Server thread/INFO]: [@: Object successfully summoned]
[21:12:39] [Server thread/INFO]: [@: Object successfully summoned]
[21:12:41] [Server thread/INFO]: [@: Object successfully summoned]
[21:12:41] [Server thread/INFO]: [@: Object successfully summoned]
[21:12:41] [Server thread/INFO]: [@: Object successfully summoned]
[21:12:41] [Server thread/INFO]: [@: Object successfully summoned]
[21:12:43] [Server thread/INFO]: lamm issued server command: /home base
[21:12:43] [Server thread/INFO]: rodrii_ issued server command: /tp Steve
[21:12:43] [Server thread/INFO]: [rodrii_: Teleported rodrii_ to Steve]
[21:12:43] [Async Chat Thread - #10/INFO]: <jerry_> then imma have to kill all these :_)[m

[21:12:44] [Server thread/INFO]: [@: Object successfully summoned]
[21:12:44] [Server thread/INFO]: [@: Object successfully summoned]
[21:12:44] [Server thread/INFO]: [@: Object successfully summoned]
[21:12:44] [Server thread/INFO]: [@: Object successfully summoned]
[21:12:47] [Server thread/INFO]: [@: Object successfully summoned]
[21:12:47] [Server thread/INFO]: [@: Object successfully summoned]
[21:12:47] [Server thread/INFO]: [@: Object successfully summoned]
[21:12:47] [Server thread/INFO]: [@: Object successfully summoned]
[21:12:50] [Server thread/INFO]: [@: Object successfully summoned]
[21:12:50] [Server thread/INFO]: [@: Object successfully summoned]
[21:12:50] [Server thread/INFO]: [@: Object successfully summoned]
[21:12:50] [Server thread/INFO]: [@: Object successfully summoned]
[21:12:53] [Server thread/INFO]: [@: Object successfully summoned]
[21:12:53] [Server thread/INFO]: [@: Object successfully summoned]
[21:12:53] [Server thread/INFO]: [@: Object successfully summoned]
[21:12:53] [Server thread/INFO]: [@: Object successfully summoned]
[21:12:55] [Server thread/INFO]: rodrii_ issued server command: /tell Steve Buddy.
[21:12:55] [Server thread/INFO]: [@: Object successfully summoned]
[21:12:55] [Server thread/INFO]: [@: Object successfully summoned]
[21:12:55] [Server thread/INFO]: [@: Object successfully summoned]
[21:12:55] [Server thread/INFO]: [@: Object successfully summoned]
[21:12:58] [Server thread/INFO]: [@: Object successfully summoned]
[21:12:58] [Server thread/INFO]: [@: Object successfully summoned]
[21:12:58] [Server thread/INFO]: [@: Object successfully summoned]
[21:12:58] [Server thread/INFO]: [@: Object successfully summoned]
[21:13:01] [Server thread/INFO]: [@: Object successfully summoned]
[21:13:01] [Server thread/INFO]: [@: Object successfully summoned]
[21:13:01] [Server thread/INFO]: [@: Object successfully summoned]
[21:13:01] [Server thread/INFO]: [@: Object successfully summoned]
[21:13:04] [Server thread/INFO]: [@: Object successfully summoned]
[21:13:04] [Server thread/INFO]: [@: Object successfully summoned]
[21:13:04] [Server thread/INFO]: [@: Object successfully summoned]
[21:13:04] [Server thread/INFO]: [@: Object successfully summoned]
[21:13:07] [Server thread/INFO]: [@: Object successfully summoned]
[21:13:07] [Server thread/INFO]: [@: Object successfully summoned]
[21:13:07] [Server thread/INFO]: [@: Object successfully summoned]
[21:13:07] [Server thread/INFO]: [@: Object successfully summoned]
[21:13:09] [Server thread/INFO]: [@: Object successfully summoned]
[21:13:09] [Server thread/INFO]: [@: Object successfully summoned]
[21:13:09] [Server thread/INFO]: [@: Object successfully summoned]
[21:13:09] [Server thread/INFO]: [@: Object successfully summoned]
[21:13:11] [Async Chat Thread - #10/INFO]: <nude_dude> rodrii[m

[21:13:12] [Server thread/INFO]: [@: Object successfully summoned]
[21:13:12] [Server thread/INFO]: [@: Object successfully summoned]
[21:13:12] [Server thread/INFO]: [@: Object successfully summoned]
[21:13:12] [Server thread/INFO]: [@: Object successfully summoned]
[21:13:15] [Server thread/INFO]: [@: Object successfully summoned]
[21:13:15] [Server thread/INFO]: [@: Object successfully summoned]
[21:13:15] [Server thread/INFO]: [@: Object successfully summoned]
[21:13:15] [Server thread/INFO]: [@: Object successfully summoned]
[21:13:18] [Server thread/INFO]: rodrii_ issued server command: /gamemode sp
[21:13:18] [Server thread/INFO]: [rodrii_: Set own game mode to Spectator Mode]
[21:13:18] [Server thread/INFO]: [@: Object successfully summoned]
[21:13:18] [Server thread/INFO]: [@: Object successfully summoned]
[21:13:18] [Server thread/INFO]: [@: Object successfully summoned]
[21:13:18] [Server thread/INFO]: [@: Object successfully summoned]
[21:13:18] [Async Chat Thread - #10/INFO]: <nude_dude> hey quetion[m

[21:13:21] [Server thread/INFO]: [@: Object successfully summoned]
[21:13:21] [Server thread/INFO]: [@: Object successfully summoned]
[21:13:21] [Server thread/INFO]: [@: Object successfully summoned]
[21:13:21] [Server thread/INFO]: [@: Object successfully summoned]
[21:13:23] [Server thread/INFO]: [@: Object successfully summoned]
[21:13:23] [Server thread/INFO]: [@: Object successfully summoned]
[21:13:23] [Server thread/INFO]: [@: Object successfully summoned]
[21:13:23] [Server thread/INFO]: [@: Object successfully summoned]
[21:13:25] [Async Chat Thread - #10/INFO]: <rodrii_> ?[m

[21:13:26] [Server thread/INFO]: [@: Object successfully summoned]
[21:13:26] [Server thread/INFO]: [@: Object successfully summoned]
[21:13:26] [Server thread/INFO]: [@: Object successfully summoned]
[21:13:26] [Server thread/INFO]: [@: Object successfully summoned]
[21:13:29] [Server thread/INFO]: [@: Object successfully summoned]
[21:13:29] [Server thread/INFO]: [@: Object successfully summoned]
[21:13:29] [Server thread/INFO]: [@: Object successfully summoned]
[21:13:29] [Server thread/INFO]: [@: Object successfully summoned]
[21:13:29] [Server thread/INFO]: rodrii_ issued server command: /gamemode c
[21:13:29] [Server thread/INFO]: [rodrii_: Set own game mode to Creative Mode]
[21:13:32] [Async Chat Thread - #10/INFO]: <nude_dude> tp to me[m

[21:13:32] [Server thread/INFO]: [@: Object successfully summoned]
[21:13:32] [Server thread/INFO]: [@: Object successfully summoned]
[21:13:32] [Server thread/INFO]: [@: Object successfully summoned]
[21:13:32] [Server thread/INFO]: [@: Object successfully summoned]
[21:13:35] [Server thread/INFO]: [@: Object successfully summoned]
[21:13:35] [Server thread/INFO]: [@: Object successfully summoned]
[21:13:35] [Server thread/INFO]: [@: Object successfully summoned]
[21:13:35] [Server thread/INFO]: [@: Object successfully summoned]
[21:13:37] [Server thread/INFO]: [@: Object successfully summoned]
[21:13:37] [Server thread/INFO]: [@: Object successfully summoned]
[21:13:37] [Server thread/INFO]: [@: Object successfully summoned]
[21:13:37] [Server thread/INFO]: [@: Object successfully summoned]
[21:13:40] [Server thread/INFO]: [@: Object successfully summoned]
[21:13:40] [Server thread/INFO]: [@: Object successfully summoned]
[21:13:40] [Server thread/INFO]: [@: Object successfully summoned]
[21:13:40] [Server thread/INFO]: [@: Object successfully summoned]
[21:13:43] [Server thread/INFO]: [@: Object successfully summoned]
[21:13:43] [Server thread/INFO]: [@: Object successfully summoned]
[21:13:43] [Server thread/INFO]: [@: Object successfully summoned]
[21:13:43] [Server thread/INFO]: [@: Object successfully summoned]
[21:13:44] [Async Chat Thread - #10/INFO]: <rodrii_> also i found out why the server has been shutting down so often[m

[21:13:46] [Server thread/INFO]: [@: Object successfully summoned]
[21:13:46] [Server thread/INFO]: [@: Object successfully summoned]
[21:13:46] [Server thread/INFO]: [@: Object successfully summoned]
[21:13:46] [Server thread/INFO]: [@: Object successfully summoned]
[21:13:48] [Async Chat Thread - #10/INFO]: <rodrii_> das why new link tmr[m

[21:13:49] [Server thread/INFO]: [@: Object successfully summoned]
[21:13:49] [Server thread/INFO]: [@: Object successfully summoned]
[21:13:49] [Server thread/INFO]: [@: Object successfully summoned]
[21:13:49] [Server thread/INFO]: [@: Object successfully summoned]
[21:13:51] [Server thread/INFO]: [@: Object successfully summoned]
[21:13:51] [Server thread/INFO]: [@: Object successfully summoned]
[21:13:51] [Server thread/INFO]: [@: Object successfully summoned]
[21:13:51] [Server thread/INFO]: [@: Object successfully summoned]
[21:13:54] [Server thread/INFO]: [@: Object successfully summoned]
[21:13:54] [Server thread/INFO]: [@: Object successfully summoned]
[21:13:54] [Server thread/INFO]: [@: Object successfully summoned]
[21:13:54] [Server thread/INFO]: [@: Object successfully summoned]
[21:13:54] [Server thread/INFO]: rodrii_ issued server command: /tp nude_dude
[21:13:54] [Server thread/INFO]: [rodrii_: Teleported rodrii_ to nude_dude]
[21:13:55] [Async Chat Thread - #10/INFO]: <nude_dude> oh ok[m

[21:13:57] [Server thread/INFO]: [@: Object successfully summoned]
[21:13:57] [Server thread/INFO]: [@: Object successfully summoned]
[21:13:57] [Server thread/INFO]: [@: Object successfully summoned]
[21:13:57] [Server thread/INFO]: [@: Object successfully summoned]
[21:14:00] [Server thread/INFO]: [@: Object successfully summoned]
[21:14:00] [Server thread/INFO]: [@: Object successfully summoned]
[21:14:00] [Server thread/INFO]: [@: Object successfully summoned]
[21:14:00] [Server thread/INFO]: [@: Object successfully summoned]
[21:14:02] [Async Chat Thread - #10/INFO]: <nude_dude> wer is the[m

[21:14:03] [Server thread/INFO]: [@: Object successfully summoned]
[21:14:03] [Server thread/INFO]: [@: Object successfully summoned]
[21:14:03] [Server thread/INFO]: [@: Object successfully summoned]
[21:14:03] [Server thread/INFO]: [@: Object successfully summoned]
[21:14:05] [Server thread/INFO]: [@: Object successfully summoned]
[21:14:05] [Server thread/INFO]: [@: Object successfully summoned]
[21:14:05] [Server thread/INFO]: [@: Object successfully summoned]
[21:14:05] [Server thread/INFO]: [@: Object successfully summoned]
[21:14:08] [Server thread/INFO]: [@: Object successfully summoned]
[21:14:08] [Server thread/INFO]: [@: Object successfully summoned]
[21:14:08] [Server thread/INFO]: [@: Object successfully summoned]
[21:14:08] [Server thread/INFO]: [@: Object successfully summoned]
[21:14:11] [Server thread/INFO]: [@: Object successfully summoned]
[21:14:11] [Server thread/INFO]: [@: Object successfully summoned]
[21:14:11] [Server thread/INFO]: [@: Object successfully summoned]
[21:14:11] [Server thread/INFO]: [@: Object successfully summoned]
[21:14:13] [Async Chat Thread - #10/INFO]: <rodrii_> ?[m

[21:14:14] [Server thread/INFO]: [@: Object successfully summoned]
[21:14:14] [Server thread/INFO]: [@: Object successfully summoned]
[21:14:14] [Server thread/INFO]: [@: Object successfully summoned]
[21:14:14] [Server thread/INFO]: [@: Object successfully summoned]
[21:14:17] [Server thread/INFO]: [@: Object successfully summoned]
[21:14:17] [Server thread/INFO]: [@: Object successfully summoned]
[21:14:17] [Server thread/INFO]: [@: Object successfully summoned]
[21:14:17] [Server thread/INFO]: [@: Object successfully summoned]
[21:14:19] [Async Chat Thread - #10/INFO]: <nude_dude> ches[m

[21:14:19] [Server thread/INFO]: [@: Object successfully summoned]
[21:14:19] [Server thread/INFO]: [@: Object successfully summoned]
[21:14:19] [Server thread/INFO]: [@: Object successfully summoned]
[21:14:19] [Server thread/INFO]: [@: Object successfully summoned]
[21:14:22] [Server thread/INFO]: [@: Object successfully summoned]
[21:14:22] [Server thread/INFO]: [@: Object successfully summoned]
[21:14:22] [Server thread/INFO]: [@: Object successfully summoned]
[21:14:22] [Server thread/INFO]: [@: Object successfully summoned]
[21:14:25] [Server thread/INFO]: [@: Object successfully summoned]
[21:14:25] [Server thread/INFO]: [@: Object successfully summoned]
[21:14:25] [Server thread/INFO]: [@: Object successfully summoned]
[21:14:25] [Server thread/INFO]: [@: Object successfully summoned]
[21:14:26] [Async Chat Thread - #10/INFO]: <rodrii_> chest..?[m

[21:14:28] [Server thread/INFO]: [@: Object successfully summoned]
[21:14:28] [Server thread/INFO]: [@: Object successfully summoned]
[21:14:28] [Server thread/INFO]: [@: Object successfully summoned]
[21:14:28] [Server thread/INFO]: [@: Object successfully summoned]
[21:14:31] [Server thread/INFO]: [@: Object successfully summoned]
[21:14:31] [Server thread/INFO]: [@: Object successfully summoned]
[21:14:31] [Server thread/INFO]: [@: Object successfully summoned]
[21:14:31] [Server thread/INFO]: [@: Object successfully summoned]
[21:14:33] [Server thread/INFO]: [@: Object successfully summoned]
[21:14:33] [Server thread/INFO]: [@: Object successfully summoned]
[21:14:33] [Server thread/INFO]: [@: Object successfully summoned]
[21:14:33] [Server thread/INFO]: [@: Object successfully summoned]
[21:14:36] [Async Chat Thread - #10/INFO]: <nude_dude> no se[m

[21:14:36] [Server thread/INFO]: [@: Object successfully summoned]
[21:14:36] [Server thread/INFO]: [@: Object successfully summoned]
[21:14:36] [Server thread/INFO]: [@: Object successfully summoned]
[21:14:36] [Server thread/INFO]: [@: Object successfully summoned]
[21:14:39] [Server thread/INFO]: [@: Object successfully summoned]
[21:14:39] [Server thread/INFO]: [@: Object successfully summoned]
[21:14:39] [Server thread/INFO]: [@: Object successfully summoned]
[21:14:39] [Server thread/INFO]: [@: Object successfully summoned]
[21:14:40] [Async Chat Thread - #10/INFO]: <nude_dude> cret[m

[21:14:42] [Server thread/INFO]: [@: Object successfully summoned]
[21:14:42] [Server thread/INFO]: [@: Object successfully summoned]
[21:14:42] [Server thread/INFO]: [@: Object successfully summoned]
[21:14:42] [Server thread/INFO]: [@: Object successfully summoned]
[21:14:45] [Server thread/INFO]: [@: Object successfully summoned]
[21:14:45] [Server thread/INFO]: [@: Object successfully summoned]
[21:14:45] [Server thread/INFO]: [@: Object successfully summoned]
[21:14:45] [Server thread/INFO]: [@: Object successfully summoned]
[21:14:45] [Async Chat Thread - #10/INFO]: <rodrii_> uh[m

[21:14:47] [Server thread/INFO]: [@: Object successfully summoned]
[21:14:47] [Server thread/INFO]: [@: Object successfully summoned]
[21:14:47] [Server thread/INFO]: [@: Object successfully summoned]
[21:14:47] [Server thread/INFO]: [@: Object successfully summoned]
[21:14:50] [Server thread/INFO]: [@: Object successfully summoned]
[21:14:50] [Server thread/INFO]: [@: Object successfully summoned]
[21:14:50] [Server thread/INFO]: [@: Object successfully summoned]
[21:14:50] [Server thread/INFO]: [@: Object successfully summoned]
[21:14:53] [Server thread/INFO]: [@: Object successfully summoned]
[21:14:53] [Server thread/INFO]: [@: Object successfully summoned]
[21:14:53] [Server thread/INFO]: [@: Object successfully summoned]
[21:14:53] [Server thread/INFO]: [@: Object successfully summoned]
[21:14:54] [Async Chat Thread - #10/INFO]: <rodrii_> son[m

[21:14:56] [Server thread/INFO]: [@: Object successfully summoned]
[21:14:56] [Server thread/INFO]: [@: Object successfully summoned]
[21:14:56] [Server thread/INFO]: [@: Object successfully summoned]
[21:14:56] [Server thread/INFO]: [@: Object successfully summoned]
[21:14:59] [Server thread/INFO]: [@: Object successfully summoned]
[21:14:59] [Server thread/INFO]: [@: Object successfully summoned]
[21:14:59] [Server thread/INFO]: [@: Object successfully summoned]
[21:14:59] [Server thread/INFO]: [@: Object successfully summoned]
[21:15:01] [Server thread/INFO]: [@: Object successfully summoned]
[21:15:01] [Server thread/INFO]: [@: Object successfully summoned]
[21:15:01] [Server thread/INFO]: [@: Object successfully summoned]
[21:15:01] [Server thread/INFO]: [@: Object successfully summoned]
[21:15:04] [Server thread/INFO]: [@: Object successfully summoned]
[21:15:04] [Server thread/INFO]: [@: Object successfully summoned]
[21:15:04] [Server thread/INFO]: [@: Object successfully summoned]
[21:15:04] [Server thread/INFO]: [@: Object successfully summoned]
[21:15:05] [Async Chat Thread - #10/INFO]: <nude_dude> hey we live together[m

[21:15:07] [Server thread/INFO]: [@: Object successfully summoned]
[21:15:07] [Server thread/INFO]: [@: Object successfully summoned]
[21:15:07] [Server thread/INFO]: [@: Object successfully summoned]
[21:15:07] [Server thread/INFO]: [@: Object successfully summoned]
[21:15:10] [Server thread/INFO]: [@: Object successfully summoned]
[21:15:10] [Server thread/INFO]: [@: Object successfully summoned]
[21:15:10] [Server thread/INFO]: [@: Object successfully summoned]
[21:15:10] [Server thread/INFO]: [@: Object successfully summoned]
[21:15:13] [Server thread/INFO]: [@: Object successfully summoned]
[21:15:13] [Server thread/INFO]: [@: Object successfully summoned]
[21:15:13] [Server thread/INFO]: [@: Object successfully summoned]
[21:15:13] [Server thread/INFO]: [@: Object successfully summoned]
[21:15:13] [Async Chat Thread - #10/INFO]: <rodrii_> idk what ur saying bro[m

[21:15:15] [Server thread/INFO]: [@: Object successfully summoned]
[21:15:15] [Server thread/INFO]: [@: Object successfully summoned]
[21:15:15] [Server thread/INFO]: [@: Object successfully summoned]
[21:15:15] [Server thread/INFO]: [@: Object successfully summoned]
[21:15:18] [Server thread/INFO]: [@: Object successfully summoned]
[21:15:18] [Server thread/INFO]: [@: Object successfully summoned]
[21:15:18] [Server thread/INFO]: [@: Object successfully summoned]
[21:15:18] [Server thread/INFO]: [@: Object successfully summoned]
[21:15:21] [Server thread/INFO]: [@: Object successfully summoned]
[21:15:21] [Server thread/INFO]: [@: Object successfully summoned]
[21:15:21] [Server thread/INFO]: [@: Object successfully summoned]
[21:15:21] [Server thread/INFO]: [@: Object successfully summoned]
[21:15:24] [Server thread/INFO]: [@: Object successfully summoned]
[21:15:24] [Server thread/INFO]: [@: Object successfully summoned]
[21:15:24] [Server thread/INFO]: [@: Object successfully summoned]
[21:15:24] [Server thread/INFO]: [@: Object successfully summoned]
[21:15:26] [Async Chat Thread - #10/INFO]: <nude_dude> where is the secret chest[m

[21:15:27] [Server thread/INFO]: [@: Object successfully summoned]
[21:15:27] [Server thread/INFO]: [@: Object successfully summoned]
[21:15:27] [Server thread/INFO]: [@: Object successfully summoned]
[21:15:27] [Server thread/INFO]: [@: Object successfully summoned]
[21:15:29] [Server thread/INFO]: [@: Object successfully summoned]
[21:15:29] [Server thread/INFO]: [@: Object successfully summoned]
[21:15:29] [Server thread/INFO]: [@: Object successfully summoned]
[21:15:29] [Server thread/INFO]: [@: Object successfully summoned]
[21:15:32] [Server thread/INFO]: [@: Object successfully summoned]
[21:15:32] [Server thread/INFO]: [@: Object successfully summoned]
[21:15:32] [Server thread/INFO]: [@: Object successfully summoned]
[21:15:32] [Server thread/INFO]: [@: Object successfully summoned]
[21:15:33] [Async Chat Thread - #10/INFO]: <rodrii_> what secret chest?[m

[21:15:35] [Server thread/INFO]: [@: Object successfully summoned]
[21:15:35] [Server thread/INFO]: [@: Object successfully summoned]
[21:15:35] [Server thread/INFO]: [@: Object successfully summoned]
[21:15:35] [Server thread/INFO]: [@: Object successfully summoned]
[21:15:38] [Server thread/INFO]: [@: Object successfully summoned]
[21:15:38] [Server thread/INFO]: [@: Object successfully summoned]
[21:15:38] [Server thread/INFO]: [@: Object successfully summoned]
[21:15:38] [Server thread/INFO]: [@: Object successfully summoned]
[21:15:41] [Server thread/INFO]: [@: Object successfully summoned]
[21:15:41] [Server thread/INFO]: [@: Object successfully summoned]
[21:15:41] [Server thread/INFO]: [@: Object successfully summoned]
[21:15:41] [Server thread/INFO]: [@: Object successfully summoned]
[21:15:41] [Async Chat Thread - #10/INFO]: <nude_dude> your secret chest[m

[21:15:43] [Server thread/INFO]: [@: Object successfully summoned]
[21:15:43] [Server thread/INFO]: [@: Object successfully summoned]
[21:15:43] [Server thread/INFO]: [@: Object successfully summoned]
[21:15:43] [Server thread/INFO]: [@: Object successfully summoned]
[21:15:46] [Server thread/INFO]: [@: Object successfully summoned]
[21:15:46] [Server thread/INFO]: [@: Object successfully summoned]
[21:15:46] [Server thread/INFO]: [@: Object successfully summoned]
[21:15:46] [Server thread/INFO]: [@: Object successfully summoned]
[21:15:49] [Server thread/INFO]: [@: Object successfully summoned]
[21:15:49] [Server thread/INFO]: [@: Object successfully summoned]
[21:15:49] [Server thread/INFO]: [@: Object successfully summoned]
[21:15:49] [Server thread/INFO]: [@: Object successfully summoned]
[21:15:52] [Server thread/INFO]: [@: Object successfully summoned]
[21:15:52] [Server thread/INFO]: [@: Object successfully summoned]
[21:15:52] [Server thread/INFO]: [@: Object successfully summoned]
[21:15:52] [Server thread/INFO]: [@: Object successfully summoned]
[21:15:55] [Server thread/INFO]: [@: Object successfully summoned]
[21:15:55] [Server thread/INFO]: [@: Object successfully summoned]
[21:15:55] [Server thread/INFO]: [@: Object successfully summoned]
[21:15:55] [Server thread/INFO]: [@: Object successfully summoned]
[21:15:57] [Server thread/INFO]: [@: Object successfully summoned]
[21:15:57] [Server thread/INFO]: [@: Object successfully summoned]
[21:15:57] [Server thread/INFO]: [@: Object successfully summoned]
[21:15:57] [Server thread/INFO]: [@: Object successfully summoned]
[21:16:00] [Server thread/INFO]: [@: Object successfully summoned]
[21:16:00] [Server thread/INFO]: [@: Object successfully summoned]
[21:16:00] [Server thread/INFO]: [@: Object successfully summoned]
[21:16:00] [Server thread/INFO]: [@: Object successfully summoned]
[21:16:01] [Async Chat Thread - #10/INFO]: <rodrii_> where i put my valuables or what[m

[21:16:03] [Server thread/INFO]: [@: Object successfully summoned]
[21:16:03] [Server thread/INFO]: [@: Object successfully summoned]
[21:16:03] [Server thread/INFO]: [@: Object successfully summoned]
[21:16:03] [Server thread/INFO]: [@: Object successfully summoned]
[21:16:05] [Async Chat Thread - #10/INFO]: <nude_dude> yeah[m

[21:16:06] [Server thread/INFO]: [@: Object successfully summoned]
[21:16:06] [Server thread/INFO]: [@: Object successfully summoned]
[21:16:06] [Server thread/INFO]: [@: Object successfully summoned]
[21:16:06] [Server thread/INFO]: [@: Object successfully summoned]
[21:16:09] [Server thread/INFO]: [@: Object successfully summoned]
[21:16:09] [Server thread/INFO]: [@: Object successfully summoned]
[21:16:09] [Server thread/INFO]: [@: Object successfully summoned]
[21:16:09] [Server thread/INFO]: [@: Object successfully summoned]
[21:16:11] [Server thread/INFO]: [@: Object successfully summoned]
[21:16:11] [Server thread/INFO]: [@: Object successfully summoned]
[21:16:11] [Server thread/INFO]: [@: Object successfully summoned]
[21:16:11] [Server thread/INFO]: [@: Object successfully summoned]
[21:16:12] [Async Chat Thread - #10/INFO]: <rodrii_> yeah see[m

[21:16:14] [Server thread/INFO]: [@: Object successfully summoned]
[21:16:14] [Server thread/INFO]: [@: Object successfully summoned]
[21:16:14] [Server thread/INFO]: [@: Object successfully summoned]
[21:16:14] [Server thread/INFO]: [@: Object successfully summoned]
[21:16:17] [Server thread/INFO]: [@: Object successfully summoned]
[21:16:17] [Server thread/INFO]: [@: Object successfully summoned]
[21:16:17] [Server thread/INFO]: [@: Object successfully summoned]
[21:16:17] [Server thread/INFO]: [@: Object successfully summoned]
[21:16:19] [Async Chat Thread - #10/INFO]: <rodrii_> that stays exclusive between me and jerryr[m

[21:16:20] [Server thread/INFO]: [@: Object successfully summoned]
[21:16:20] [Server thread/INFO]: [@: Object successfully summoned]
[21:16:20] [Server thread/INFO]: [@: Object successfully summoned]
[21:16:20] [Server thread/INFO]: [@: Object successfully summoned]
[21:16:23] [Server thread/INFO]: [@: Object successfully summoned]
[21:16:23] [Server thread/INFO]: [@: Object successfully summoned]
[21:16:23] [Server thread/INFO]: [@: Object successfully summoned]
[21:16:23] [Server thread/INFO]: [@: Object successfully summoned]
[21:16:25] [Async Chat Thread - #10/INFO]: <rodrii_> until i can fully trust u[m

[21:16:25] [Server thread/INFO]: [@: Object successfully summoned]
[21:16:25] [Server thread/INFO]: [@: Object successfully summoned]
[21:16:25] [Server thread/INFO]: [@: Object successfully summoned]
[21:16:25] [Server thread/INFO]: [@: Object successfully summoned]
[21:16:28] [Server thread/INFO]: [@: Object successfully summoned]
[21:16:28] [Server thread/INFO]: [@: Object successfully summoned]
[21:16:28] [Server thread/INFO]: [@: Object successfully summoned]
[21:16:28] [Server thread/INFO]: [@: Object successfully summoned]
[21:16:29] [Async Chat Thread - #10/INFO]: <rodrii_> ur like 40% there[m

[21:16:31] [Server thread/INFO]: [@: Object successfully summoned]
[21:16:31] [Server thread/INFO]: [@: Object successfully summoned]
[21:16:31] [Server thread/INFO]: [@: Object successfully summoned]
[21:16:31] [Server thread/INFO]: [@: Object successfully summoned]
[21:16:33] [Async Chat Thread - #10/INFO]: <nude_dude> i know but im part of the team[m

[21:16:34] [Server thread/INFO]: [@: Object successfully summoned]
[21:16:34] [Server thread/INFO]: [@: Object successfully summoned]
[21:16:34] [Server thread/INFO]: [@: Object successfully summoned]
[21:16:34] [Server thread/INFO]: [@: Object successfully summoned]
[21:16:36] [Async Chat Thread - #10/INFO]: <rodrii_> since u have genuinely been helping[m

[21:16:37] [Server thread/INFO]: [@: Object successfully summoned]
[21:16:37] [Server thread/INFO]: [@: Object successfully summoned]
[21:16:37] [Server thread/INFO]: [@: Object successfully summoned]
[21:16:37] [Server thread/INFO]: [@: Object successfully summoned]
[21:16:39] [Server thread/INFO]: [@: Object successfully summoned]
[21:16:39] [Server thread/INFO]: [@: Object successfully summoned]
[21:16:39] [Server thread/INFO]: [@: Object successfully summoned]
[21:16:39] [Server thread/INFO]: [@: Object successfully summoned]
[21:16:42] [Server thread/INFO]: [@: Object successfully summoned]
[21:16:42] [Server thread/INFO]: [@: Object successfully summoned]
[21:16:42] [Server thread/INFO]: [@: Object successfully summoned]
[21:16:42] [Server thread/INFO]: [@: Object successfully summoned]
[21:16:43] [Async Chat Thread - #10/INFO]: <nude_dude> and i only benfet yall[m

[21:16:44] [Async Chat Thread - #10/INFO]: <rodrii_> but keep helping out[m

[21:16:45] [Server thread/INFO]: [@: Object successfully summoned]
[21:16:45] [Server thread/INFO]: [@: Object successfully summoned]
[21:16:45] [Server thread/INFO]: [@: Object successfully summoned]
[21:16:45] [Server thread/INFO]: [@: Object successfully summoned]
[21:16:48] [Server thread/INFO]: [@: Object successfully summoned]
[21:16:48] [Server thread/INFO]: [@: Object successfully summoned]
[21:16:48] [Server thread/INFO]: [@: Object successfully summoned]
[21:16:48] [Server thread/INFO]: [@: Object successfully summoned]
[21:16:51] [Server thread/INFO]: [@: Object successfully summoned]
[21:16:51] [Server thread/INFO]: [@: Object successfully summoned]
[21:16:51] [Server thread/INFO]: [@: Object successfully summoned]
[21:16:51] [Server thread/INFO]: [@: Object successfully summoned]
[21:16:51] [Async Chat Thread - #10/INFO]: <rodrii_> and i will show u[m

[21:16:53] [Server thread/INFO]: [@: Object successfully summoned]
[21:16:53] [Server thread/INFO]: [@: Object successfully summoned]
[21:16:53] [Server thread/INFO]: [@: Object successfully summoned]
[21:16:53] [Server thread/INFO]: [@: Object successfully summoned]
[21:16:56] [Server thread/INFO]: [@: Object successfully summoned]
[21:16:56] [Server thread/INFO]: [@: Object successfully summoned]
[21:16:56] [Server thread/INFO]: [@: Object successfully summoned]
[21:16:56] [Server thread/INFO]: [@: Object successfully summoned]
[21:16:59] [Server thread/INFO]: [@: Object successfully summoned]
[21:16:59] [Server thread/INFO]: [@: Object successfully summoned]
[21:16:59] [Server thread/INFO]: [@: Object successfully summoned]
[21:16:59] [Server thread/INFO]: [@: Object successfully summoned]
[21:17:02] [Server thread/INFO]: [@: Object successfully summoned]
[21:17:02] [Server thread/INFO]: [@: Object successfully summoned]
[21:17:02] [Server thread/INFO]: [@: Object successfully summoned]
[21:17:02] [Server thread/INFO]: [@: Object successfully summoned]
[21:17:03] [Async Chat Thread - #10/INFO]: <nude_dude> t[m

[21:17:05] [Server thread/INFO]: [@: Object successfully summoned]
[21:17:05] [Server thread/INFO]: [@: Object successfully summoned]
[21:17:05] [Server thread/INFO]: [@: Object successfully summoned]
[21:17:05] [Server thread/INFO]: [@: Object successfully summoned]
[21:17:07] [Server thread/INFO]: [@: Object successfully summoned]
[21:17:07] [Server thread/INFO]: [@: Object successfully summoned]
[21:17:07] [Server thread/INFO]: [@: Object successfully summoned]
[21:17:07] [Server thread/INFO]: [@: Object successfully summoned]
[21:17:08] [Async Chat Thread - #10/INFO]: <rodrii_> t[m

[21:17:10] [Async Chat Thread - #10/INFO]: <jerry_> benefit*[m

[21:17:10] [Server thread/INFO]: [@: Object successfully summoned]
[21:17:10] [Server thread/INFO]: [@: Object successfully summoned]
[21:17:10] [Server thread/INFO]: [@: Object successfully summoned]
[21:17:10] [Server thread/INFO]: [@: Object successfully summoned]
[21:17:11] [Async Chat Thread - #10/INFO]: <nude_dude> t[m

[21:17:13] [Server thread/INFO]: [@: Object successfully summoned]
[21:17:13] [Server thread/INFO]: [@: Object successfully summoned]
[21:17:13] [Server thread/INFO]: [@: Object successfully summoned]
[21:17:13] [Server thread/INFO]: [@: Object successfully summoned]
[21:17:16] [Server thread/INFO]: [@: Object successfully summoned]
[21:17:16] [Server thread/INFO]: [@: Object successfully summoned]
[21:17:16] [Server thread/INFO]: [@: Object successfully summoned]
[21:17:16] [Server thread/INFO]: [@: Object successfully summoned]
[21:17:19] [Server thread/INFO]: [@: Object successfully summoned]
[21:17:19] [Server thread/INFO]: [@: Object successfully summoned]
[21:17:19] [Server thread/INFO]: [@: Object successfully summoned]
[21:17:19] [Server thread/INFO]: [@: Object successfully summoned]
[21:17:21] [Async Chat Thread - #10/INFO]: <rodrii_> son[m

[21:17:21] [Server thread/INFO]: [@: Object successfully summoned]
[21:17:21] [Server thread/INFO]: [@: Object successfully summoned]
[21:17:21] [Server thread/INFO]: [@: Object successfully summoned]
[21:17:21] [Server thread/INFO]: [@: Object successfully summoned]
[21:17:23] [Async Chat Thread - #10/INFO]: <nude_dude> i help out with farms and animals[m

[21:17:24] [Server thread/INFO]: [@: Object successfully summoned]
[21:17:24] [Server thread/INFO]: [@: Object successfully summoned]
[21:17:24] [Server thread/INFO]: [@: Object successfully summoned]
[21:17:24] [Server thread/INFO]: [@: Object successfully summoned]
[21:17:27] [Server thread/INFO]: [@: Object successfully summoned]
[21:17:27] [Server thread/INFO]: [@: Object successfully summoned]
[21:17:27] [Server thread/INFO]: [@: Object successfully summoned]
[21:17:27] [Server thread/INFO]: [@: Object successfully summoned]
[21:17:30] [Server thread/INFO]: [@: Object successfully summoned]
[21:17:30] [Server thread/INFO]: [@: Object successfully summoned]
[21:17:30] [Server thread/INFO]: [@: Object successfully summoned]
[21:17:30] [Server thread/INFO]: [@: Object successfully summoned]
[21:17:31] [Async Chat Thread - #10/INFO]: <rodrii_> again, keep helping out[m

[21:17:33] [Server thread/INFO]: [@: Object successfully summoned]
[21:17:33] [Server thread/INFO]: [@: Object successfully summoned]
[21:17:33] [Server thread/INFO]: [@: Object successfully summoned]
[21:17:33] [Server thread/INFO]: [@: Object successfully summoned]
[21:17:34] [Async Chat Thread - #10/INFO]: <rodrii_> and ill show u[m

[21:17:35] [Server thread/INFO]: [@: Object successfully summoned]
[21:17:35] [Server thread/INFO]: [@: Object successfully summoned]
[21:17:35] [Server thread/INFO]: [@: Object successfully summoned]
[21:17:35] [Server thread/INFO]: [@: Object successfully summoned]
[21:17:36] [Async Chat Thread - #10/INFO]: <nude_dude> and i made over 2 stacks of books[m

[21:17:38] [Server thread/INFO]: [@: Object successfully summoned]
[21:17:38] [Server thread/INFO]: [@: Object successfully summoned]
[21:17:38] [Server thread/INFO]: [@: Object successfully summoned]
[21:17:38] [Server thread/INFO]: [@: Object successfully summoned]
[21:17:41] [Server thread/INFO]: [@: Object successfully summoned]
[21:17:41] [Server thread/INFO]: [@: Object successfully summoned]
[21:17:41] [Server thread/INFO]: [@: Object successfully summoned]
[21:17:41] [Server thread/INFO]: [@: Object successfully summoned]
[21:17:44] [Server thread/INFO]: [@: Object successfully summoned]
[21:17:44] [Server thread/INFO]: [@: Object successfully summoned]
[21:17:44] [Server thread/INFO]: [@: Object successfully summoned]
[21:17:44] [Server thread/INFO]: [@: Object successfully summoned]
[21:17:44] [Async Chat Thread - #10/INFO]: <nude_dude> oh that reminds me[m

[21:17:47] [Server thread/INFO]: [@: Object successfully summoned]
[21:17:47] [Server thread/INFO]: [@: Object successfully summoned]
[21:17:47] [Server thread/INFO]: [@: Object successfully summoned]
[21:17:47] [Server thread/INFO]: [@: Object successfully summoned]
[21:17:49] [Server thread/INFO]: [@: Object successfully summoned]
[21:17:49] [Server thread/INFO]: [@: Object successfully summoned]
[21:17:49] [Server thread/INFO]: [@: Object successfully summoned]
[21:17:49] [Server thread/INFO]: [@: Object successfully summoned]
[21:17:50] [Async Chat Thread - #10/INFO]: <rodrii_> cause i NEED to know u wont tell the big michael[m

[21:17:52] [Server thread/INFO]: [@: Object successfully summoned]
[21:17:52] [Server thread/INFO]: [@: Object successfully summoned]
[21:17:52] [Server thread/INFO]: [@: Object successfully summoned]
[21:17:52] [Server thread/INFO]: [@: Object successfully summoned]
[21:17:55] [Server thread/INFO]: [@: Object successfully summoned]
[21:17:55] [Server thread/INFO]: [@: Object successfully summoned]
[21:17:55] [Server thread/INFO]: [@: Object successfully summoned]
[21:17:55] [Server thread/INFO]: [@: Object successfully summoned]
[21:17:55] [Async Chat Thread - #10/INFO]: <rodrii_> oh yeah right[m

[21:17:56] [Async Chat Thread - #10/INFO]: <nude_dude> i wont[m

[21:17:58] [Server thread/INFO]: [@: Object successfully summoned]
[21:17:58] [Server thread/INFO]: [@: Object successfully summoned]
[21:17:58] [Server thread/INFO]: [@: Object successfully summoned]
[21:17:58] [Server thread/INFO]: [@: Object successfully summoned]
[21:18:01] [Server thread/INFO]: [@: Object successfully summoned]
[21:18:01] [Server thread/INFO]: [@: Object successfully summoned]
[21:18:01] [Server thread/INFO]: [@: Object successfully summoned]
[21:18:01] [Server thread/INFO]: [@: Object successfully summoned]
[21:18:02] [Async Chat Thread - #10/INFO]: <nude_dude> hes not on[m

[21:18:03] [Async Chat Thread - #10/INFO]: <rodrii_> wut did u want for these[m

[21:18:03] [Server thread/INFO]: [@: Object successfully summoned]
[21:18:03] [Server thread/INFO]: [@: Object successfully summoned]
[21:18:03] [Server thread/INFO]: [@: Object successfully summoned]
[21:18:03] [Server thread/INFO]: [@: Object successfully summoned]
[21:18:06] [Server thread/INFO]: [@: Object successfully summoned]
[21:18:06] [Server thread/INFO]: [@: Object successfully summoned]
[21:18:06] [Server thread/INFO]: [@: Object successfully summoned]
[21:18:06] [Server thread/INFO]: [@: Object successfully summoned]
[21:18:06] [Async Chat Thread - #10/INFO]: <rodrii_> oor are these for base[m

[21:18:09] [Server thread/INFO]: [@: Object successfully summoned]
[21:18:09] [Server thread/INFO]: [@: Object successfully summoned]
[21:18:09] [Server thread/INFO]: [@: Object successfully summoned]
[21:18:09] [Server thread/INFO]: [@: Object successfully summoned]
[21:18:12] [Server thread/INFO]: [@: Object successfully summoned]
[21:18:12] [Server thread/INFO]: [@: Object successfully summoned]
[21:18:12] [Server thread/INFO]: [@: Object successfully summoned]
[21:18:12] [Server thread/INFO]: [@: Object successfully summoned]
[21:18:15] [Server thread/INFO]: [@: Object successfully summoned]
[21:18:15] [Server thread/INFO]: [@: Object successfully summoned]
[21:18:15] [Server thread/INFO]: [@: Object successfully summoned]
[21:18:15] [Server thread/INFO]: [@: Object successfully summoned]
[21:18:17] [Async Chat Thread - #10/INFO]: <nude_dude> for base[m

[21:18:17] [Server thread/INFO]: [@: Object successfully summoned]
[21:18:17] [Server thread/INFO]: [@: Object successfully summoned]
[21:18:17] [Server thread/INFO]: [@: Object successfully summoned]
[21:18:17] [Server thread/INFO]: [@: Object successfully summoned]
[21:18:20] [Server thread/INFO]: [@: Object successfully summoned]
[21:18:20] [Server thread/INFO]: [@: Object successfully summoned]
[21:18:20] [Server thread/INFO]: [@: Object successfully summoned]
[21:18:20] [Server thread/INFO]: [@: Object successfully summoned]
[21:18:23] [Server thread/INFO]: [@: Object successfully summoned]
[21:18:23] [Server thread/INFO]: [@: Object successfully summoned]
[21:18:23] [Server thread/INFO]: [@: Object successfully summoned]
[21:18:23] [Server thread/INFO]: [@: Object successfully summoned]
[21:18:26] [Server thread/INFO]: [@: Object successfully summoned]
[21:18:26] [Server thread/INFO]: [@: Object successfully summoned]
[21:18:26] [Server thread/INFO]: [@: Object successfully summoned]
[21:18:26] [Server thread/INFO]: [@: Object successfully summoned]
[21:18:29] [Server thread/INFO]: [@: Object successfully summoned]
[21:18:29] [Server thread/INFO]: [@: Object successfully summoned]
[21:18:29] [Server thread/INFO]: [@: Object successfully summoned]
[21:18:29] [Server thread/INFO]: [@: Object successfully summoned]
[21:18:31] [Server thread/INFO]: [@: Object successfully summoned]
[21:18:31] [Server thread/INFO]: [@: Object successfully summoned]
[21:18:31] [Server thread/INFO]: [@: Object successfully summoned]
[21:18:31] [Server thread/INFO]: [@: Object successfully summoned]
[21:18:34] [Server thread/INFO]: [@: Object successfully summoned]
[21:18:34] [Server thread/INFO]: [@: Object successfully summoned]
[21:18:34] [Server thread/INFO]: [@: Object successfully summoned]
[21:18:34] [Server thread/INFO]: [@: Object successfully summoned]
[21:18:37] [Server thread/INFO]: [@: Object successfully summoned]
[21:18:37] [Server thread/INFO]: [@: Object successfully summoned]
[21:18:37] [Server thread/INFO]: [@: Object successfully summoned]
[21:18:37] [Server thread/INFO]: [@: Object successfully summoned]
[21:18:38] [Async Chat Thread - #10/INFO]: <nude_dude> he dosent evan know yall have a chest[m

[21:18:40] [Server thread/INFO]: [@: Object successfully summoned]
[21:18:40] [Server thread/INFO]: [@: Object successfully summoned]
[21:18:40] [Server thread/INFO]: [@: Object successfully summoned]
[21:18:40] [Server thread/INFO]: [@: Object successfully summoned]
[21:18:41] [Async Chat Thread - #10/INFO]: <rodrii_> just keep benefiting and ill show u eventually[m

[21:18:43] [Server thread/INFO]: [@: Object successfully summoned]
[21:18:43] [Server thread/INFO]: [@: Object successfully summoned]
[21:18:43] [Server thread/INFO]: [@: Object successfully summoned]
[21:18:43] [Server thread/INFO]: [@: Object successfully summoned]
[21:18:43] [Async Chat Thread - #10/INFO]: <rodrii_> ok?[m

[21:18:45] [Server thread/INFO]: [@: Object successfully summoned]
[21:18:45] [Server thread/INFO]: [@: Object successfully summoned]
[21:18:45] [Server thread/INFO]: [@: Object successfully summoned]
[21:18:45] [Server thread/INFO]: [@: Object successfully summoned]
[21:18:48] [Server thread/INFO]: [@: Object successfully summoned]
[21:18:48] [Server thread/INFO]: [@: Object successfully summoned]
[21:18:48] [Server thread/INFO]: [@: Object successfully summoned]
[21:18:48] [Server thread/INFO]: [@: Object successfully summoned]
[21:18:49] [Async Chat Thread - #10/INFO]: <nude_dude> fine[m

[21:18:51] [Server thread/INFO]: [@: Object successfully summoned]
[21:18:51] [Server thread/INFO]: [@: Object successfully summoned]
[21:18:51] [Server thread/INFO]: [@: Object successfully summoned]
[21:18:51] [Server thread/INFO]: [@: Object successfully summoned]
[21:18:54] [Async Chat Thread - #10/INFO]: <rodrii_> in fact[m

[21:18:54] [Server thread/INFO]: [@: Object successfully summoned]
[21:18:54] [Server thread/INFO]: [@: Object successfully summoned]
[21:18:54] [Server thread/INFO]: [@: Object successfully summoned]
[21:18:54] [Server thread/INFO]: [@: Object successfully summoned]
[21:18:57] [Server thread/INFO]: [@: Object successfully summoned]
[21:18:57] [Server thread/INFO]: [@: Object successfully summoned]
[21:18:57] [Server thread/INFO]: [@: Object successfully summoned]
[21:18:57] [Server thread/INFO]: [@: Object successfully summoned]
[21:18:58] [Async Chat Thread - #10/INFO]: <rodrii_> how abt this[m

[21:18:59] [Server thread/INFO]: [@: Object successfully summoned]
[21:18:59] [Server thread/INFO]: [@: Object successfully summoned]
[21:18:59] [Server thread/INFO]: [@: Object successfully summoned]
[21:18:59] [Server thread/INFO]: [@: Object successfully summoned]
[21:19:02] [Server thread/INFO]: [@: Object successfully summoned]
[21:19:02] [Server thread/INFO]: [@: Object successfully summoned]
[21:19:02] [Server thread/INFO]: [@: Object successfully summoned]
[21:19:02] [Server thread/INFO]: [@: Object successfully summoned]
[21:19:05] [Server thread/INFO]: [@: Object successfully summoned]
[21:19:05] [Server thread/INFO]: [@: Object successfully summoned]
[21:19:05] [Server thread/INFO]: [@: Object successfully summoned]
[21:19:05] [Server thread/INFO]: [@: Object successfully summoned]
[21:19:08] [Server thread/INFO]: [@: Object successfully summoned]
[21:19:08] [Server thread/INFO]: [@: Object successfully summoned]
[21:19:08] [Server thread/INFO]: [@: Object successfully summoned]
[21:19:08] [Server thread/INFO]: [@: Object successfully summoned]
[21:19:10] [Async Chat Thread - #10/INFO]: <rodrii_> gimme a sec[m

[21:19:11] [Server thread/INFO]: [@: Object successfully summoned]
[21:19:11] [Server thread/INFO]: [@: Object successfully summoned]
[21:19:11] [Server thread/INFO]: [@: Object successfully summoned]
[21:19:11] [Server thread/INFO]: [@: Object successfully summoned]
[21:19:13] [Server thread/INFO]: [@: Object successfully summoned]
[21:19:13] [Server thread/INFO]: [@: Object successfully summoned]
[21:19:13] [Server thread/INFO]: [@: Object successfully summoned]
[21:19:13] [Server thread/INFO]: [@: Object successfully summoned]
[21:19:16] [Server thread/INFO]: [@: Object successfully summoned]
[21:19:16] [Server thread/INFO]: [@: Object successfully summoned]
[21:19:16] [Server thread/INFO]: [@: Object successfully summoned]
[21:19:16] [Server thread/INFO]: [@: Object successfully summoned]
[21:19:19] [Server thread/INFO]: [@: Object successfully summoned]
[21:19:19] [Server thread/INFO]: [@: Object successfully summoned]
[21:19:19] [Server thread/INFO]: [@: Object successfully summoned]
[21:19:19] [Server thread/INFO]: [@: Object successfully summoned]
[21:19:22] [Server thread/INFO]: [@: Object successfully summoned]
[21:19:22] [Server thread/INFO]: [@: Object successfully summoned]
[21:19:22] [Server thread/INFO]: [@: Object successfully summoned]
[21:19:22] [Server thread/INFO]: [@: Object successfully summoned]
[21:19:25] [Server thread/INFO]: [@: Object successfully summoned]
[21:19:25] [Server thread/INFO]: [@: Object successfully summoned]
[21:19:25] [Server thread/INFO]: [@: Object successfully summoned]
[21:19:25] [Server thread/INFO]: [@: Object successfully summoned]
[21:19:27] [Server thread/INFO]: [@: Object successfully summoned]
[21:19:27] [Server thread/INFO]: [@: Object successfully summoned]
[21:19:27] [Server thread/INFO]: [@: Object successfully summoned]
[21:19:27] [Server thread/INFO]: [@: Object successfully summoned]
[21:19:30] [Server thread/INFO]: [@: Object successfully summoned]
[21:19:30] [Server thread/INFO]: [@: Object successfully summoned]
[21:19:30] [Server thread/INFO]: [@: Object successfully summoned]
[21:19:30] [Server thread/INFO]: [@: Object successfully summoned]
[21:19:33] [Server thread/INFO]: [@: Object successfully summoned]
[21:19:33] [Server thread/INFO]: [@: Object successfully summoned]
[21:19:33] [Server thread/INFO]: [@: Object successfully summoned]
[21:19:33] [Server thread/INFO]: [@: Object successfully summoned]
[21:19:36] [Server thread/INFO]: [@: Object successfully summoned]
[21:19:36] [Server thread/INFO]: [@: Object successfully summoned]
[21:19:36] [Server thread/INFO]: [@: Object successfully summoned]
[21:19:36] [Server thread/INFO]: [@: Object successfully summoned]
[21:19:39] [Server thread/INFO]: [@: Object successfully summoned]
[21:19:39] [Server thread/INFO]: [@: Object successfully summoned]
[21:19:39] [Server thread/INFO]: [@: Object successfully summoned]
[21:19:39] [Server thread/INFO]: [@: Object successfully summoned]
[21:19:41] [Server thread/INFO]: [@: Object successfully summoned]
[21:19:41] [Server thread/INFO]: [@: Object successfully summoned]
[21:19:41] [Server thread/INFO]: [@: Object successfully summoned]
[21:19:41] [Server thread/INFO]: [@: Object successfully summoned]
[21:19:44] [Server thread/INFO]: [@: Object successfully summoned]
[21:19:44] [Server thread/INFO]: [@: Object successfully summoned]
[21:19:44] [Server thread/INFO]: [@: Object successfully summoned]
[21:19:44] [Server thread/INFO]: [@: Object successfully summoned]
[21:19:47] [Server thread/INFO]: [@: Object successfully summoned]
[21:19:47] [Server thread/INFO]: [@: Object successfully summoned]
[21:19:47] [Server thread/INFO]: [@: Object successfully summoned]
[21:19:47] [Server thread/INFO]: [@: Object successfully summoned]
[21:19:50] [Server thread/INFO]: [@: Object successfully summoned]
[21:19:50] [Server thread/INFO]: [@: Object successfully summoned]
[21:19:50] [Server thread/INFO]: [@: Object successfully summoned]
[21:19:50] [Server thread/INFO]: [@: Object successfully summoned]
[21:19:53] [Server thread/INFO]: [@: Object successfully summoned]
[21:19:53] [Server thread/INFO]: [@: Object successfully summoned]
[21:19:53] [Server thread/INFO]: [@: Object successfully summoned]
[21:19:53] [Server thread/INFO]: [@: Object successfully summoned]
[21:19:55] [Async Chat Thread - #10/INFO]: <rodrii_> if u can get me feather falling 4, unbreaking 3 and protection 4[m

[21:19:55] [Server thread/INFO]: [@: Object successfully summoned]
[21:19:55] [Server thread/INFO]: [@: Object successfully summoned]
[21:19:55] [Server thread/INFO]: [@: Object successfully summoned]
[21:19:55] [Server thread/INFO]: [@: Object successfully summoned]
[21:19:58] [Server thread/INFO]: [@: Object successfully summoned]
[21:19:58] [Server thread/INFO]: [@: Object successfully summoned]
[21:19:58] [Server thread/INFO]: [@: Object successfully summoned]
[21:19:58] [Server thread/INFO]: [@: Object successfully summoned]
[21:20:01] [Server thread/INFO]: [@: Object successfully summoned]
[21:20:01] [Server thread/INFO]: [@: Object successfully summoned]
[21:20:01] [Server thread/INFO]: [@: Object successfully summoned]
[21:20:01] [Server thread/INFO]: [@: Object successfully summoned]
[21:20:04] [Server thread/INFO]: [@: Object successfully summoned]
[21:20:04] [Server thread/INFO]: [@: Object successfully summoned]
[21:20:04] [Server thread/INFO]: [@: Object successfully summoned]
[21:20:04] [Server thread/INFO]: [@: Object successfully summoned]
[21:20:07] [Server thread/INFO]: [@: Object successfully summoned]
[21:20:07] [Server thread/INFO]: [@: Object successfully summoned]
[21:20:07] [Server thread/INFO]: [@: Object successfully summoned]
[21:20:07] [Server thread/INFO]: [@: Object successfully summoned]
[21:20:09] [Async Chat Thread - #10/INFO]: <rodrii_> ill give u access to the inventory (where we keep our stuff)[m

[21:20:09] [Server thread/INFO]: [@: Object successfully summoned]
[21:20:09] [Server thread/INFO]: [@: Object successfully summoned]
[21:20:09] [Server thread/INFO]: [@: Object successfully summoned]
[21:20:09] [Server thread/INFO]: [@: Object successfully summoned]
[21:20:12] [Server thread/INFO]: [@: Object successfully summoned]
[21:20:12] [Server thread/INFO]: [@: Object successfully summoned]
[21:20:12] [Server thread/INFO]: [@: Object successfully summoned]
[21:20:12] [Server thread/INFO]: [@: Object successfully summoned]
[21:20:13] [Server thread/INFO]: rodrii_ issued server command: /clear
[21:20:13] [Server thread/INFO]: [rodrii_: Cleared the inventory of rodrii_, removing 1 items]
[21:20:15] [Server thread/INFO]: [@: Object successfully summoned]
[21:20:15] [Server thread/INFO]: [@: Object successfully summoned]
[21:20:15] [Server thread/INFO]: [@: Object successfully summoned]
[21:20:15] [Server thread/INFO]: [@: Object successfully summoned]
[21:20:18] [Server thread/INFO]: [@: Object successfully summoned]
[21:20:18] [Server thread/INFO]: [@: Object successfully summoned]
[21:20:18] [Server thread/INFO]: [@: Object successfully summoned]
[21:20:18] [Server thread/INFO]: [@: Object successfully summoned]
[21:20:20] [Async Chat Thread - #10/INFO]: <nude_dude> i need potions though[m

[21:20:21] [Server thread/INFO]: [@: Object successfully summoned]
[21:20:21] [Server thread/INFO]: [@: Object successfully summoned]
[21:20:21] [Server thread/INFO]: [@: Object successfully summoned]
[21:20:21] [Server thread/INFO]: [@: Object successfully summoned]
[21:20:23] [Server thread/INFO]: [@: Object successfully summoned]
[21:20:23] [Server thread/INFO]: [@: Object successfully summoned]
[21:20:23] [Server thread/INFO]: [@: Object successfully summoned]
[21:20:23] [Server thread/INFO]: [@: Object successfully summoned]
[21:20:26] [Server thread/INFO]: [@: Object successfully summoned]
[21:20:26] [Server thread/INFO]: [@: Object successfully summoned]
[21:20:26] [Server thread/INFO]: [@: Object successfully summoned]
[21:20:26] [Server thread/INFO]: [@: Object successfully summoned]
[21:20:27] [Async Chat Thread - #10/INFO]: <rodrii_> we have some down there[m

[21:20:29] [Server thread/INFO]: [@: Object successfully summoned]
[21:20:29] [Server thread/INFO]: [@: Object successfully summoned]
[21:20:29] [Server thread/INFO]: [@: Object successfully summoned]
[21:20:29] [Server thread/INFO]: [@: Object successfully summoned]
[21:20:32] [Server thread/INFO]: [@: Object successfully summoned]
[21:20:32] [Server thread/INFO]: [@: Object successfully summoned]
[21:20:32] [Server thread/INFO]: [@: Object successfully summoned]
[21:20:32] [Server thread/INFO]: [@: Object successfully summoned]
[21:20:35] [Server thread/INFO]: [@: Object successfully summoned]
[21:20:35] [Server thread/INFO]: [@: Object successfully summoned]
[21:20:35] [Server thread/INFO]: [@: Object successfully summoned]
[21:20:35] [Server thread/INFO]: [@: Object successfully summoned]
[21:20:37] [Server thread/INFO]: [@: Object successfully summoned]
[21:20:37] [Server thread/INFO]: [@: Object successfully summoned]
[21:20:37] [Server thread/INFO]: [@: Object successfully summoned]
[21:20:37] [Server thread/INFO]: [@: Object successfully summoned]
[21:20:38] [Async Chat Thread - #10/INFO]: <nude_dude> where[m

[21:20:40] [Server thread/INFO]: [@: Object successfully summoned]
[21:20:40] [Server thread/INFO]: [@: Object successfully summoned]
[21:20:40] [Server thread/INFO]: [@: Object successfully summoned]
[21:20:40] [Server thread/INFO]: [@: Object successfully summoned]
[21:20:43] [Server thread/INFO]: [@: Object successfully summoned]
[21:20:43] [Server thread/INFO]: [@: Object successfully summoned]
[21:20:43] [Server thread/INFO]: [@: Object successfully summoned]
[21:20:43] [Server thread/INFO]: [@: Object successfully summoned]
[21:20:46] [Server thread/INFO]: [@: Object successfully summoned]
[21:20:46] [Server thread/INFO]: [@: Object successfully summoned]
[21:20:46] [Server thread/INFO]: [@: Object successfully summoned]
[21:20:46] [Server thread/INFO]: [@: Object successfully summoned]
[21:20:47] [Async Chat Thread - #10/INFO]: <rodrii_> in the inventory[m

[21:20:49] [Server thread/INFO]: [@: Object successfully summoned]
[21:20:49] [Server thread/INFO]: [@: Object successfully summoned]
[21:20:49] [Server thread/INFO]: [@: Object successfully summoned]
[21:20:49] [Server thread/INFO]: [@: Object successfully summoned]
[21:20:51] [Server thread/INFO]: [@: Object successfully summoned]
[21:20:51] [Server thread/INFO]: [@: Object successfully summoned]
[21:20:51] [Server thread/INFO]: [@: Object successfully summoned]
[21:20:51] [Server thread/INFO]: [@: Object successfully summoned]
[21:20:52] [Async Chat Thread - #10/INFO]: <rodrii_> so like[m

[21:20:54] [Server thread/INFO]: [@: Object successfully summoned]
[21:20:54] [Server thread/INFO]: [@: Object successfully summoned]
[21:20:54] [Server thread/INFO]: [@: Object successfully summoned]
[21:20:54] [Server thread/INFO]: [@: Object successfully summoned]
[21:20:57] [Server thread/INFO]: [@: Object successfully summoned]
[21:20:57] [Server thread/INFO]: [@: Object successfully summoned]
[21:20:57] [Server thread/INFO]: [@: Object successfully summoned]
[21:20:57] [Server thread/INFO]: [@: Object successfully summoned]
[21:20:58] [Async Chat Thread - #10/INFO]: <rodrii_> get me enchants[m

[21:21:00] [Server thread/INFO]: [@: Object successfully summoned]
[21:21:00] [Server thread/INFO]: [@: Object successfully summoned]
[21:21:00] [Server thread/INFO]: [@: Object successfully summoned]
[21:21:00] [Server thread/INFO]: [@: Object successfully summoned]
[21:21:03] [Server thread/INFO]: [@: Object successfully summoned]
[21:21:03] [Server thread/INFO]: [@: Object successfully summoned]
[21:21:03] [Server thread/INFO]: [@: Object successfully summoned]
[21:21:03] [Server thread/INFO]: [@: Object successfully summoned]
[21:21:05] [Server thread/INFO]: [@: Object successfully summoned]
[21:21:05] [Server thread/INFO]: [@: Object successfully summoned]
[21:21:05] [Server thread/INFO]: [@: Object successfully summoned]
[21:21:05] [Server thread/INFO]: [@: Object successfully summoned]
[21:21:05] [Async Chat Thread - #10/INFO]: <nude_dude> yall found the strong hold[m

[21:21:08] [Server thread/INFO]: [@: Object successfully summoned]
[21:21:08] [Server thread/INFO]: [@: Object successfully summoned]
[21:21:08] [Server thread/INFO]: [@: Object successfully summoned]
[21:21:08] [Server thread/INFO]: [@: Object successfully summoned]
[21:21:11] [Server thread/INFO]: [@: Object successfully summoned]
[21:21:11] [Server thread/INFO]: [@: Object successfully summoned]
[21:21:11] [Server thread/INFO]: [@: Object successfully summoned]
[21:21:11] [Server thread/INFO]: [@: Object successfully summoned]
[21:21:14] [Async Chat Thread - #10/INFO]: <rodrii_> no but we could[m

[21:21:14] [Server thread/INFO]: [@: Object successfully summoned]
[21:21:14] [Server thread/INFO]: [@: Object successfully summoned]
[21:21:14] [Server thread/INFO]: [@: Object successfully summoned]
[21:21:14] [Server thread/INFO]: [@: Object successfully summoned]
[21:21:17] [Server thread/INFO]: [@: Object successfully summoned]
[21:21:17] [Server thread/INFO]: [@: Object successfully summoned]
[21:21:17] [Server thread/INFO]: [@: Object successfully summoned]
[21:21:17] [Server thread/INFO]: [@: Object successfully summoned]
[21:21:19] [Server thread/INFO]: [@: Object successfully summoned]
[21:21:19] [Server thread/INFO]: [@: Object successfully summoned]
[21:21:19] [Server thread/INFO]: [@: Object successfully summoned]
[21:21:19] [Server thread/INFO]: [@: Object successfully summoned]
[21:21:21] [Async Chat Thread - #10/INFO]: <rodrii_> we js dont need to rn[m

[21:21:22] [Server thread/INFO]: [@: Object successfully summoned]
[21:21:22] [Server thread/INFO]: [@: Object successfully summoned]
[21:21:22] [Server thread/INFO]: [@: Object successfully summoned]
[21:21:22] [Server thread/INFO]: [@: Object successfully summoned]
[21:21:25] [Server thread/INFO]: [@: Object successfully summoned]
[21:21:25] [Server thread/INFO]: [@: Object successfully summoned]
[21:21:25] [Server thread/INFO]: [@: Object successfully summoned]
[21:21:25] [Server thread/INFO]: [@: Object successfully summoned]
[21:21:28] [Server thread/INFO]: [@: Object successfully summoned]
[21:21:28] [Server thread/INFO]: [@: Object successfully summoned]
[21:21:28] [Server thread/INFO]: [@: Object successfully summoned]
[21:21:28] [Server thread/INFO]: [@: Object successfully summoned]
[21:21:30] [Async Chat Thread - #10/INFO]: <nude_dude> i need potions and lapis[m

[21:21:31] [Server thread/INFO]: [@: Object successfully summoned]
[21:21:31] [Server thread/INFO]: [@: Object successfully summoned]
[21:21:31] [Server thread/INFO]: [@: Object successfully summoned]
[21:21:31] [Server thread/INFO]: [@: Object successfully summoned]
[21:21:33] [Server thread/INFO]: [@: Object successfully summoned]
[21:21:33] [Server thread/INFO]: [@: Object successfully summoned]
[21:21:33] [Server thread/INFO]: [@: Object successfully summoned]
[21:21:33] [Server thread/INFO]: [@: Object successfully summoned]
[21:21:36] [Server thread/INFO]: [@: Object successfully summoned]
[21:21:36] [Server thread/INFO]: [@: Object successfully summoned]
[21:21:36] [Server thread/INFO]: [@: Object successfully summoned]
[21:21:36] [Server thread/INFO]: [@: Object successfully summoned]
[21:21:37] [Async Chat Thread - #10/INFO]: <nude_dude> and i got you[m

[21:21:39] [Server thread/INFO]: [@: Object successfully summoned]
[21:21:39] [Server thread/INFO]: [@: Object successfully summoned]
[21:21:39] [Server thread/INFO]: [@: Object successfully summoned]
[21:21:39] [Server thread/INFO]: [@: Object successfully summoned]
[21:21:42] [Server thread/INFO]: [@: Object successfully summoned]
[21:21:42] [Server thread/INFO]: [@: Object successfully summoned]
[21:21:42] [Server thread/INFO]: [@: Object successfully summoned]
[21:21:42] [Server thread/INFO]: [@: Object successfully summoned]
[21:21:45] [Server thread/INFO]: [@: Object successfully summoned]
[21:21:45] [Server thread/INFO]: [@: Object successfully summoned]
[21:21:45] [Server thread/INFO]: [@: Object successfully summoned]
[21:21:45] [Server thread/INFO]: [@: Object successfully summoned]
[21:21:47] [Async Chat Thread - #10/INFO]: <rodrii_> why do u need potions..?[m

[21:21:47] [Server thread/INFO]: [@: Object successfully summoned]
[21:21:47] [Server thread/INFO]: [@: Object successfully summoned]
[21:21:47] [Server thread/INFO]: [@: Object successfully summoned]
[21:21:47] [Server thread/INFO]: [@: Object successfully summoned]
[21:21:50] [Server thread/INFO]: rodrii_ issued server command: /clear
[21:21:50] [Server thread/INFO]: [rodrii_: Cleared the inventory of rodrii_, removing 2 items]
[21:21:50] [Server thread/INFO]: [@: Object successfully summoned]
[21:21:50] [Server thread/INFO]: [@: Object successfully summoned]
[21:21:50] [Server thread/INFO]: [@: Object successfully summoned]
[21:21:50] [Server thread/INFO]: [@: Object successfully summoned]
[21:21:50] [Async Chat Thread - #10/INFO]: <nude_dude> xp[m

[21:21:53] [Server thread/INFO]: [@: Object successfully summoned]
[21:21:53] [Server thread/INFO]: [@: Object successfully summoned]
[21:21:53] [Server thread/INFO]: [@: Object successfully summoned]
[21:21:53] [Server thread/INFO]: [@: Object successfully summoned]
[21:21:55] [Async Chat Thread - #10/INFO]: <rodrii_> uhhhhhhhhhhhhhhh[m

[21:21:56] [Server thread/INFO]: [@: Object successfully summoned]
[21:21:56] [Server thread/INFO]: [@: Object successfully summoned]
[21:21:56] [Server thread/INFO]: [@: Object successfully summoned]
[21:21:56] [Server thread/INFO]: [@: Object successfully summoned]
[21:21:59] [Server thread/INFO]: [@: Object successfully summoned]
[21:21:59] [Server thread/INFO]: [@: Object successfully summoned]
[21:21:59] [Server thread/INFO]: [@: Object successfully summoned]
[21:21:59] [Server thread/INFO]: [@: Object successfully summoned]
[21:22:01] [Server thread/INFO]: [@: Object successfully summoned]
[21:22:01] [Server thread/INFO]: [@: Object successfully summoned]
[21:22:01] [Server thread/INFO]: [@: Object successfully summoned]
[21:22:01] [Server thread/INFO]: [@: Object successfully summoned]
[21:22:02] [Async Chat Thread - #10/INFO]: <rodrii_> xp cant be crafted[m

[21:22:04] [Server thread/INFO]: [@: Object successfully summoned]
[21:22:04] [Server thread/INFO]: [@: Object successfully summoned]
[21:22:04] [Server thread/INFO]: [@: Object successfully summoned]
[21:22:04] [Server thread/INFO]: [@: Object successfully summoned]
[21:22:07] [Server thread/INFO]: [@: Object successfully summoned]
[21:22:07] [Server thread/INFO]: [@: Object successfully summoned]
[21:22:07] [Server thread/INFO]: [@: Object successfully summoned]
[21:22:07] [Server thread/INFO]: [@: Object successfully summoned]
[21:22:10] [Server thread/INFO]: [@: Object successfully summoned]
[21:22:10] [Server thread/INFO]: [@: Object successfully summoned]
[21:22:10] [Server thread/INFO]: [@: Object successfully summoned]
[21:22:10] [Server thread/INFO]: [@: Object successfully summoned]
[21:22:13] [Async Chat Thread - #10/INFO]: <nude_dude> xp potions[m

[21:22:13] [Server thread/INFO]: [@: Object successfully summoned]
[21:22:13] [Server thread/INFO]: [@: Object successfully summoned]
[21:22:13] [Server thread/INFO]: [@: Object successfully summoned]
[21:22:13] [Server thread/INFO]: [@: Object successfully summoned]
[21:22:15] [Server thread/INFO]: [@: Object successfully summoned]
[21:22:15] [Server thread/INFO]: [@: Object successfully summoned]
[21:22:15] [Server thread/INFO]: [@: Object successfully summoned]
[21:22:15] [Server thread/INFO]: [@: Object successfully summoned]
[21:22:18] [Server thread/INFO]: [@: Object successfully summoned]
[21:22:18] [Server thread/INFO]: [@: Object successfully summoned]
[21:22:18] [Server thread/INFO]: [@: Object successfully summoned]
[21:22:18] [Server thread/INFO]: [@: Object successfully summoned]
[21:22:21] [Server thread/INFO]: [@: Object successfully summoned]
[21:22:21] [Server thread/INFO]: [@: Object successfully summoned]
[21:22:21] [Server thread/INFO]: [@: Object successfully summoned]
[21:22:21] [Server thread/INFO]: [@: Object successfully summoned]
[21:22:23] [Async Chat Thread - #10/INFO]: <rodrii_> yeah u cant make those[m

[21:22:23] [Async Chat Thread - #10/INFO]: <nude_dude> ill trade[m

[21:22:24] [Server thread/INFO]: [@: Object successfully summoned]
[21:22:24] [Server thread/INFO]: [@: Object successfully summoned]
[21:22:24] [Server thread/INFO]: [@: Object successfully summoned]
[21:22:24] [Server thread/INFO]: [@: Object successfully summoned]
[21:22:27] [Server thread/INFO]: [@: Object successfully summoned]
[21:22:27] [Server thread/INFO]: [@: Object successfully summoned]
[21:22:27] [Server thread/INFO]: [@: Object successfully summoned]
[21:22:27] [Server thread/INFO]: [@: Object successfully summoned]
[21:22:27] [Server thread/INFO]: rodrii_ issued server command: /clear
[21:22:27] [Server thread/INFO]: [rodrii_: Cleared the inventory of rodrii_, removing 64 items]
[21:22:29] [Server thread/INFO]: [@: Object successfully summoned]
[21:22:29] [Server thread/INFO]: [@: Object successfully summoned]
[21:22:29] [Server thread/INFO]: [@: Object successfully summoned]
[21:22:29] [Server thread/INFO]: [@: Object successfully summoned]
[21:22:31] [Server thread/INFO]: nude_dude issued server command: /home base
[21:22:32] [Server thread/INFO]: [@: Object successfully summoned]
[21:22:32] [Server thread/INFO]: [@: Object successfully summoned]
[21:22:32] [Server thread/INFO]: [@: Object successfully summoned]
[21:22:32] [Server thread/INFO]: [@: Object successfully summoned]
[21:22:35] [Server thread/INFO]: [@: Object successfully summoned]
[21:22:35] [Server thread/INFO]: [@: Object successfully summoned]
[21:22:35] [Server thread/INFO]: [@: Object successfully summoned]
[21:22:35] [Server thread/INFO]: [@: Object successfully summoned]
[21:22:38] [Server thread/INFO]: [@: Object successfully summoned]
[21:22:38] [Server thread/INFO]: [@: Object successfully summoned]
[21:22:38] [Server thread/INFO]: [@: Object successfully summoned]
[21:22:38] [Server thread/INFO]: [@: Object successfully summoned]
[21:22:41] [Server thread/INFO]: [@: Object successfully summoned]
[21:22:41] [Server thread/INFO]: [@: Object successfully summoned]
[21:22:41] [Server thread/INFO]: [@: Object successfully summoned]
[21:22:41] [Server thread/INFO]: [@: Object successfully summoned]
[21:22:43] [Server thread/INFO]: rodrii_ issued server command: /clear
[21:22:43] [Server thread/INFO]: [rodrii_: Cleared the inventory of rodrii_, removing 2 items]
[21:22:43] [Server thread/INFO]: [@: Object successfully summoned]
[21:22:43] [Server thread/INFO]: [@: Object successfully summoned]
[21:22:43] [Server thread/INFO]: [@: Object successfully summoned]
[21:22:43] [Server thread/INFO]: [@: Object successfully summoned]
[21:22:46] [Server thread/INFO]: [@: Object successfully summoned]
[21:22:46] [Server thread/INFO]: [@: Object successfully summoned]
[21:22:46] [Server thread/INFO]: [@: Object successfully summoned]
[21:22:46] [Server thread/INFO]: [@: Object successfully summoned]
[21:22:48] [Async Chat Thread - #10/INFO]: <rodrii_> afk[m

[21:22:49] [Server thread/INFO]: [@: Object successfully summoned]
[21:22:49] [Server thread/INFO]: [@: Object successfully summoned]
[21:22:49] [Server thread/INFO]: [@: Object successfully summoned]
[21:22:49] [Server thread/INFO]: [@: Object successfully summoned]
[21:22:52] [Server thread/INFO]: [@: Object successfully summoned]
[21:22:52] [Server thread/INFO]: [@: Object successfully summoned]
[21:22:52] [Server thread/INFO]: [@: Object successfully summoned]
[21:22:52] [Server thread/INFO]: [@: Object successfully summoned]
[21:22:55] [Server thread/INFO]: [@: Object successfully summoned]
[21:22:55] [Server thread/INFO]: [@: Object successfully summoned]
[21:22:55] [Server thread/INFO]: [@: Object successfully summoned]
[21:22:55] [Server thread/INFO]: [@: Object successfully summoned]
[21:22:57] [Server thread/INFO]: [@: Object successfully summoned]
[21:22:57] [Server thread/INFO]: [@: Object successfully summoned]
[21:22:57] [Server thread/INFO]: [@: Object successfully summoned]
[21:22:57] [Server thread/INFO]: [@: Object successfully summoned]
[21:23:00] [Server thread/INFO]: [@: Object successfully summoned]
[21:23:00] [Server thread/INFO]: [@: Object successfully summoned]
[21:23:00] [Server thread/INFO]: [@: Object successfully summoned]
[21:23:00] [Server thread/INFO]: [@: Object successfully summoned]
[21:23:03] [Server thread/INFO]: [@: Object successfully summoned]
[21:23:03] [Server thread/INFO]: [@: Object successfully summoned]
[21:23:03] [Server thread/INFO]: [@: Object successfully summoned]
[21:23:03] [Server thread/INFO]: [@: Object successfully summoned]
[21:23:06] [Server thread/INFO]: [@: Object successfully summoned]
[21:23:06] [Server thread/INFO]: [@: Object successfully summoned]
[21:23:06] [Server thread/INFO]: [@: Object successfully summoned]
[21:23:06] [Server thread/INFO]: [@: Object successfully summoned]
[21:23:09] [Server thread/INFO]: [@: Object successfully summoned]
[21:23:09] [Server thread/INFO]: [@: Object successfully summoned]
[21:23:09] [Server thread/INFO]: [@: Object successfully summoned]
[21:23:09] [Server thread/INFO]: [@: Object successfully summoned]
[21:23:11] [Server thread/INFO]: [@: Object successfully summoned]
[21:23:11] [Server thread/INFO]: [@: Object successfully summoned]
[21:23:11] [Server thread/INFO]: [@: Object successfully summoned]
[21:23:11] [Server thread/INFO]: [@: Object successfully summoned]
[21:23:12] [Async Chat Thread - #10/INFO]: <nude_dude> rodrii[m

[21:23:14] [Server thread/INFO]: [@: Object successfully summoned]
[21:23:14] [Server thread/INFO]: [@: Object successfully summoned]
[21:23:14] [Server thread/INFO]: [@: Object successfully summoned]
[21:23:14] [Server thread/INFO]: [@: Object successfully summoned]
[21:23:17] [Server thread/INFO]: [@: Object successfully summoned]
[21:23:17] [Server thread/INFO]: [@: Object successfully summoned]
[21:23:17] [Server thread/INFO]: [@: Object successfully summoned]
[21:23:17] [Server thread/INFO]: [@: Object successfully summoned]
[21:23:20] [Server thread/INFO]: [@: Object successfully summoned]
[21:23:20] [Server thread/INFO]: [@: Object successfully summoned]
[21:23:20] [Server thread/INFO]: [@: Object successfully summoned]
[21:23:20] [Server thread/INFO]: [@: Object successfully summoned]
[21:23:23] [Server thread/INFO]: [@: Object successfully summoned]
[21:23:23] [Server thread/INFO]: [@: Object successfully summoned]
[21:23:23] [Server thread/INFO]: [@: Object successfully summoned]
[21:23:23] [Server thread/INFO]: [@: Object successfully summoned]
[21:23:25] [Server thread/INFO]: [@: Object successfully summoned]
[21:23:25] [Server thread/INFO]: [@: Object successfully summoned]
[21:23:25] [Server thread/INFO]: [@: Object successfully summoned]
[21:23:25] [Server thread/INFO]: [@: Object successfully summoned]
[21:23:28] [Server thread/INFO]: [@: Object successfully summoned]
[21:23:28] [Server thread/INFO]: [@: Object successfully summoned]
[21:23:28] [Server thread/INFO]: [@: Object successfully summoned]
[21:23:28] [Server thread/INFO]: [@: Object successfully summoned]
[21:23:31] [Server thread/INFO]: [@: Object successfully summoned]
[21:23:31] [Server thread/INFO]: [@: Object successfully summoned]
[21:23:31] [Server thread/INFO]: [@: Object successfully summoned]
[21:23:31] [Server thread/INFO]: [@: Object successfully summoned]
[21:23:34] [Server thread/INFO]: [@: Object successfully summoned]
[21:23:34] [Server thread/INFO]: [@: Object successfully summoned]
[21:23:34] [Server thread/INFO]: [@: Object successfully summoned]
[21:23:34] [Server thread/INFO]: [@: Object successfully summoned]
[21:23:37] [Server thread/INFO]: [@: Object successfully summoned]
[21:23:37] [Server thread/INFO]: [@: Object successfully summoned]
[21:23:37] [Server thread/INFO]: [@: Object successfully summoned]
[21:23:37] [Server thread/INFO]: [@: Object successfully summoned]
[21:23:39] [Server thread/INFO]: [@: Object successfully summoned]
[21:23:39] [Server thread/INFO]: [@: Object successfully summoned]
[21:23:39] [Server thread/INFO]: [@: Object successfully summoned]
[21:23:39] [Server thread/INFO]: [@: Object successfully summoned]
[21:23:42] [Server thread/INFO]: [@: Object successfully summoned]
[21:23:42] [Server thread/INFO]: [@: Object successfully summoned]
[21:23:42] [Server thread/INFO]: [@: Object successfully summoned]
[21:23:42] [Server thread/INFO]: [@: Object successfully summoned]
[21:23:45] [Server thread/INFO]: [@: Object successfully summoned]
[21:23:45] [Server thread/INFO]: [@: Object successfully summoned]
[21:23:45] [Server thread/INFO]: [@: Object successfully summoned]
[21:23:45] [Server thread/INFO]: [@: Object successfully summoned]
[21:23:48] [Server thread/INFO]: [@: Object successfully summoned]
[21:23:48] [Server thread/INFO]: [@: Object successfully summoned]
[21:23:48] [Server thread/INFO]: [@: Object successfully summoned]
[21:23:48] [Server thread/INFO]: [@: Object successfully summoned]
[21:23:48] [Server thread/INFO]: rodrii_ issued server command: /gamemode sp
[21:23:48] [Server thread/INFO]: [rodrii_: Set own game mode to Spectator Mode]
[21:23:51] [Server thread/INFO]: [@: Object successfully summoned]
[21:23:51] [Server thread/INFO]: [@: Object successfully summoned]
[21:23:51] [Server thread/INFO]: [@: Object successfully summoned]
[21:23:51] [Server thread/INFO]: [@: Object successfully summoned]
[21:23:53] [Server thread/INFO]: rodrii_ issued server command: /tp jerry_
[21:23:53] [Server thread/INFO]: [rodrii_: Teleported rodrii_ to jerry_]
[21:23:53] [Server thread/INFO]: [@: Object successfully summoned]
[21:23:53] [Server thread/INFO]: [@: Object successfully summoned]
[21:23:53] [Server thread/INFO]: [@: Object successfully summoned]
[21:23:53] [Server thread/INFO]: [@: Object successfully summoned]
[21:23:56] [Server thread/INFO]: [@: Object successfully summoned]
[21:23:56] [Server thread/INFO]: [@: Object successfully summoned]
[21:23:56] [Server thread/INFO]: [@: Object successfully summoned]
[21:23:56] [Server thread/INFO]: [@: Object successfully summoned]
[21:23:59] [Server thread/INFO]: [@: Object successfully summoned]
[21:23:59] [Server thread/INFO]: [@: Object successfully summoned]
[21:23:59] [Server thread/INFO]: [@: Object successfully summoned]
[21:23:59] [Server thread/INFO]: [@: Object successfully summoned]
[21:24:01] [Server thread/INFO]: rodrii_ issued server command: /tell jerry_ buddy
[21:24:02] [Server thread/INFO]: [@: Object successfully summoned]
[21:24:02] [Server thread/INFO]: [@: Object successfully summoned]
[21:24:02] [Server thread/INFO]: [@: Object successfully summoned]
[21:24:02] [Server thread/INFO]: [@: Object successfully summoned]
[21:24:05] [Server thread/INFO]: [@: Object successfully summoned]
[21:24:05] [Server thread/INFO]: [@: Object successfully summoned]
[21:24:05] [Server thread/INFO]: [@: Object successfully summoned]
[21:24:05] [Server thread/INFO]: [@: Object successfully summoned]
[21:24:07] [Server thread/INFO]: [@: Object successfully summoned]
[21:24:07] [Server thread/INFO]: [@: Object successfully summoned]
[21:24:07] [Server thread/INFO]: [@: Object successfully summoned]
[21:24:07] [Server thread/INFO]: [@: Object successfully summoned]
[21:24:10] [Server thread/INFO]: [@: Object successfully summoned]
[21:24:10] [Server thread/INFO]: [@: Object successfully summoned]
[21:24:10] [Server thread/INFO]: [@: Object successfully summoned]
[21:24:10] [Server thread/INFO]: [@: Object successfully summoned]
[21:24:13] [Server thread/INFO]: [@: Object successfully summoned]
[21:24:13] [Server thread/INFO]: [@: Object successfully summoned]
[21:24:13] [Server thread/INFO]: [@: Object successfully summoned]
[21:24:13] [Server thread/INFO]: [@: Object successfully summoned]
[21:24:16] [Server thread/INFO]: [@: Object successfully summoned]
[21:24:16] [Server thread/INFO]: [@: Object successfully summoned]
[21:24:16] [Server thread/INFO]: [@: Object successfully summoned]
[21:24:16] [Server thread/INFO]: [@: Object successfully summoned]
[21:24:18] [Server thread/INFO]: rodrii_ issued server command: /gamemode c
[21:24:18] [Server thread/INFO]: [rodrii_: Set own game mode to Creative Mode]
[21:24:19] [Server thread/INFO]: [@: Object successfully summoned]
[21:24:19] [Server thread/INFO]: [@: Object successfully summoned]
[21:24:19] [Server thread/INFO]: [@: Object successfully summoned]
[21:24:19] [Server thread/INFO]: [@: Object successfully summoned]
[21:24:21] [Server thread/INFO]: [@: Object successfully summoned]
[21:24:21] [Server thread/INFO]: [@: Object successfully summoned]
[21:24:21] [Server thread/INFO]: [@: Object successfully summoned]
[21:24:21] [Server thread/INFO]: [@: Object successfully summoned]
[21:24:24] [Server thread/INFO]: [@: Object successfully summoned]
[21:24:24] [Server thread/INFO]: [@: Object successfully summoned]
[21:24:24] [Server thread/INFO]: [@: Object successfully summoned]
[21:24:24] [Server thread/INFO]: [@: Object successfully summoned]
[21:24:27] [Server thread/INFO]: [@: Object successfully summoned]
[21:24:27] [Server thread/INFO]: [@: Object successfully summoned]
[21:24:27] [Server thread/INFO]: [@: Object successfully summoned]
[21:24:27] [Server thread/INFO]: [@: Object successfully summoned]
[21:24:30] [Server thread/INFO]: [@: Object successfully summoned]
[21:24:30] [Server thread/INFO]: [@: Object successfully summoned]
[21:24:30] [Server thread/INFO]: [@: Object successfully summoned]
[21:24:30] [Server thread/INFO]: [@: Object successfully summoned]
[21:24:33] [Server thread/INFO]: [@: Object successfully summoned]
[21:24:33] [Server thread/INFO]: [@: Object successfully summoned]
[21:24:33] [Server thread/INFO]: [@: Object successfully summoned]
[21:24:33] [Server thread/INFO]: [@: Object successfully summoned]
[21:24:35] [Server thread/INFO]: [@: Object successfully summoned]
[21:24:35] [Server thread/INFO]: [@: Object successfully summoned]
[21:24:35] [Server thread/INFO]: [@: Object successfully summoned]
[21:24:35] [Server thread/INFO]: [@: Object successfully summoned]
[21:24:38] [Server thread/INFO]: [@: Object successfully summoned]
[21:24:38] [Server thread/INFO]: [@: Object successfully summoned]
[21:24:38] [Server thread/INFO]: [@: Object successfully summoned]
[21:24:38] [Server thread/INFO]: [@: Object successfully summoned]
[21:24:41] [Server thread/INFO]: [@: Object successfully summoned]
[21:24:41] [Server thread/INFO]: [@: Object successfully summoned]
[21:24:41] [Server thread/INFO]: [@: Object successfully summoned]
[21:24:41] [Server thread/INFO]: [@: Object successfully summoned]
[21:24:44] [Server thread/INFO]: [@: Object successfully summoned]
[21:24:44] [Server thread/INFO]: [@: Object successfully summoned]
[21:24:44] [Server thread/INFO]: [@: Object successfully summoned]
[21:24:44] [Server thread/INFO]: [@: Object successfully summoned]
[21:24:47] [Server thread/INFO]: [@: Object successfully summoned]
[21:24:47] [Server thread/INFO]: [@: Object successfully summoned]
[21:24:47] [Server thread/INFO]: [@: Object successfully summoned]
[21:24:47] [Server thread/INFO]: [@: Object successfully summoned]
[21:24:49] [Server thread/INFO]: [@: Object successfully summoned]
[21:24:49] [Server thread/INFO]: [@: Object successfully summoned]
[21:24:49] [Server thread/INFO]: [@: Object successfully summoned]
[21:24:49] [Server thread/INFO]: [@: Object successfully summoned]
[21:24:52] [Server thread/INFO]: [@: Object successfully summoned]
[21:24:52] [Server thread/INFO]: [@: Object successfully summoned]
[21:24:52] [Server thread/INFO]: [@: Object successfully summoned]
[21:24:52] [Server thread/INFO]: [@: Object successfully summoned]
[21:24:55] [Server thread/INFO]: [@: Object successfully summoned]
[21:24:55] [Server thread/INFO]: [@: Object successfully summoned]
[21:24:55] [Server thread/INFO]: [@: Object successfully summoned]
[21:24:55] [Server thread/INFO]: [@: Object successfully summoned]
[21:24:58] [Server thread/INFO]: [@: Object successfully summoned]
[21:24:58] [Server thread/INFO]: [@: Object successfully summoned]
[21:24:58] [Server thread/INFO]: [@: Object successfully summoned]
[21:24:58] [Server thread/INFO]: [@: Object successfully summoned]
[21:25:01] [Server thread/INFO]: [@: Object successfully summoned]
[21:25:01] [Server thread/INFO]: [@: Object successfully summoned]
[21:25:01] [Server thread/INFO]: [@: Object successfully summoned]
[21:25:01] [Server thread/INFO]: [@: Object successfully summoned]
[21:25:03] [Server thread/INFO]: [@: Object successfully summoned]
[21:25:03] [Server thread/INFO]: [@: Object successfully summoned]
[21:25:03] [Server thread/INFO]: [@: Object successfully summoned]
[21:25:03] [Server thread/INFO]: [@: Object successfully summoned]
[21:25:06] [Server thread/INFO]: [@: Object successfully summoned]
[21:25:06] [Server thread/INFO]: [@: Object successfully summoned]
[21:25:06] [Server thread/INFO]: [@: Object successfully summoned]
[21:25:06] [Server thread/INFO]: [@: Object successfully summoned]
[21:25:09] [Server thread/INFO]: [@: Object successfully summoned]
[21:25:09] [Server thread/INFO]: [@: Object successfully summoned]
[21:25:09] [Server thread/INFO]: [@: Object successfully summoned]
[21:25:09] [Server thread/INFO]: [@: Object successfully summoned]
[21:25:12] [Server thread/INFO]: [@: Object successfully summoned]
[21:25:12] [Server thread/INFO]: [@: Object successfully summoned]
[21:25:12] [Server thread/INFO]: [@: Object successfully summoned]
[21:25:12] [Server thread/INFO]: [@: Object successfully summoned]
[21:25:15] [Server thread/INFO]: [@: Object successfully summoned]
[21:25:15] [Server thread/INFO]: [@: Object successfully summoned]
[21:25:15] [Server thread/INFO]: [@: Object successfully summoned]
[21:25:15] [Server thread/INFO]: [@: Object successfully summoned]
[21:25:17] [Server thread/INFO]: [@: Object successfully summoned]
[21:25:17] [Server thread/INFO]: [@: Object successfully summoned]
[21:25:17] [Server thread/INFO]: [@: Object successfully summoned]
[21:25:17] [Server thread/INFO]: [@: Object successfully summoned]
[21:25:20] [Server thread/INFO]: rodrii_ issued server command: /effect jerry_ clear
[21:25:20] [Server thread/INFO]: [rodrii_: Took all effects from jerry_]
[21:25:20] [Server thread/INFO]: [@: Object successfully summoned]
[21:25:20] [Server thread/INFO]: [@: Object successfully summoned]
[21:25:20] [Server thread/INFO]: [@: Object successfully summoned]
[21:25:20] [Server thread/INFO]: [@: Object successfully summoned]
[21:25:23] [Server thread/INFO]: [@: Object successfully summoned]
[21:25:23] [Server thread/INFO]: [@: Object successfully summoned]
[21:25:23] [Server thread/INFO]: [@: Object successfully summoned]
[21:25:23] [Server thread/INFO]: [@: Object successfully summoned]
[21:25:26] [Server thread/INFO]: nude_dude issued server command: /home l
[21:25:26] [Server thread/INFO]: [@: Object successfully summoned]
[21:25:26] [Server thread/INFO]: [@: Object successfully summoned]
[21:25:26] [Server thread/INFO]: [@: Object successfully summoned]
[21:25:26] [Server thread/INFO]: [@: Object successfully summoned]
[21:25:29] [Server thread/INFO]: [@: Object successfully summoned]
[21:25:29] [Server thread/INFO]: [@: Object successfully summoned]
[21:25:29] [Server thread/INFO]: [@: Object successfully summoned]
[21:25:29] [Server thread/INFO]: [@: Object successfully summoned]
[21:25:29] [Server thread/INFO]: lamm issued server command: /home xp
[21:25:31] [Server thread/INFO]: [@: Object successfully summoned]
[21:25:31] [Server thread/INFO]: [@: Object successfully summoned]
[21:25:31] [Server thread/INFO]: [@: Object successfully summoned]
[21:25:31] [Server thread/INFO]: [@: Object successfully summoned]
[21:25:34] [Server thread/INFO]: [@: Object successfully summoned]
[21:25:34] [Server thread/INFO]: [@: Object successfully summoned]
[21:25:34] [Server thread/INFO]: [@: Object successfully summoned]
[21:25:34] [Server thread/INFO]: [@: Object successfully summoned]
[21:25:37] [Server thread/INFO]: [@: Object successfully summoned]
[21:25:37] [Server thread/INFO]: [@: Object successfully summoned]
[21:25:37] [Server thread/INFO]: [@: Object successfully summoned]
[21:25:37] [Server thread/INFO]: [@: Object successfully summoned]
[21:25:40] [Server thread/INFO]: [@: Object successfully summoned]
[21:25:40] [Server thread/INFO]: [@: Object successfully summoned]
[21:25:40] [Server thread/INFO]: [@: Object successfully summoned]
[21:25:40] [Server thread/INFO]: [@: Object successfully summoned]
[21:25:43] [Server thread/INFO]: [@: Object successfully summoned]
[21:25:43] [Server thread/INFO]: [@: Object successfully summoned]
[21:25:43] [Server thread/INFO]: [@: Object successfully summoned]
[21:25:43] [Server thread/INFO]: [@: Object successfully summoned]
[21:25:45] [Server thread/INFO]: [@: Object successfully summoned]
[21:25:45] [Server thread/INFO]: [@: Object successfully summoned]
[21:25:45] [Server thread/INFO]: [@: Object successfully summoned]
[21:25:45] [Server thread/INFO]: [@: Object successfully summoned]
[21:25:48] [Server thread/INFO]: [@: Object successfully summoned]
[21:25:48] [Server thread/INFO]: [@: Object successfully summoned]
[21:25:48] [Server thread/INFO]: [@: Object successfully summoned]
[21:25:48] [Server thread/INFO]: [@: Object successfully summoned]
[21:25:51] [Server thread/INFO]: [@: Object successfully summoned]
[21:25:51] [Server thread/INFO]: [@: Object successfully summoned]
[21:25:51] [Server thread/INFO]: [@: Object successfully summoned]
[21:25:51] [Server thread/INFO]: [@: Object successfully summoned]
[21:25:54] [Server thread/INFO]: [@: Object successfully summoned]
[21:25:54] [Server thread/INFO]: [@: Object successfully summoned]
[21:25:54] [Server thread/INFO]: [@: Object successfully summoned]
[21:25:54] [Server thread/INFO]: [@: Object successfully summoned]
[21:25:57] [Server thread/INFO]: [@: Object successfully summoned]
[21:25:57] [Server thread/INFO]: [@: Object successfully summoned]
[21:25:57] [Server thread/INFO]: [@: Object successfully summoned]
[21:25:57] [Server thread/INFO]: [@: Object successfully summoned]
[21:25:59] [Server thread/INFO]: [@: Object successfully summoned]
[21:25:59] [Server thread/INFO]: [@: Object successfully summoned]
[21:25:59] [Server thread/INFO]: [@: Object successfully summoned]
[21:25:59] [Server thread/INFO]: [@: Object successfully summoned]
[21:26:02] [Server thread/INFO]: [@: Object successfully summoned]
[21:26:02] [Server thread/INFO]: [@: Object successfully summoned]
[21:26:02] [Server thread/INFO]: [@: Object successfully summoned]
[21:26:02] [Server thread/INFO]: [@: Object successfully summoned]
[21:26:05] [Server thread/INFO]: [@: Object successfully summoned]
[21:26:05] [Server thread/INFO]: [@: Object successfully summoned]
[21:26:05] [Server thread/INFO]: [@: Object successfully summoned]
[21:26:05] [Server thread/INFO]: [@: Object successfully summoned]
[21:26:08] [Server thread/INFO]: [@: Object successfully summoned]
[21:26:08] [Server thread/INFO]: [@: Object successfully summoned]
[21:26:08] [Server thread/INFO]: [@: Object successfully summoned]
[21:26:08] [Server thread/INFO]: [@: Object successfully summoned]
[21:26:11] [Server thread/INFO]: [@: Object successfully summoned]
[21:26:11] [Server thread/INFO]: [@: Object successfully summoned]
[21:26:11] [Server thread/INFO]: [@: Object successfully summoned]
[21:26:11] [Server thread/INFO]: [@: Object successfully summoned]
[21:26:13] [Server thread/INFO]: [@: Object successfully summoned]
[21:26:13] [Server thread/INFO]: [@: Object successfully summoned]
[21:26:13] [Server thread/INFO]: [@: Object successfully summoned]
[21:26:13] [Server thread/INFO]: [@: Object successfully summoned]
[21:26:16] [Server thread/INFO]: [@: Object successfully summoned]
[21:26:16] [Server thread/INFO]: [@: Object successfully summoned]
[21:26:16] [Server thread/INFO]: [@: Object successfully summoned]
[21:26:16] [Server thread/INFO]: [@: Object successfully summoned]
[21:26:19] [Server thread/INFO]: [@: Object successfully summoned]
[21:26:19] [Server thread/INFO]: [@: Object successfully summoned]
[21:26:19] [Server thread/INFO]: [@: Object successfully summoned]
[21:26:19] [Server thread/INFO]: [@: Object successfully summoned]
[21:26:22] [Server thread/INFO]: [@: Object successfully summoned]
[21:26:22] [Server thread/INFO]: [@: Object successfully summoned]
[21:26:22] [Server thread/INFO]: [@: Object successfully summoned]
[21:26:22] [Server thread/INFO]: [@: Object successfully summoned]
[21:26:25] [Server thread/INFO]: [@: Object successfully summoned]
[21:26:25] [Server thread/INFO]: [@: Object successfully summoned]
[21:26:25] [Server thread/INFO]: [@: Object successfully summoned]
[21:26:25] [Server thread/INFO]: [@: Object successfully summoned]
[21:26:27] [Server thread/INFO]: [@: Object successfully summoned]
[21:26:27] [Server thread/INFO]: [@: Object successfully summoned]
[21:26:27] [Server thread/INFO]: [@: Object successfully summoned]
[21:26:27] [Server thread/INFO]: [@: Object successfully summoned]
[21:26:30] [Server thread/INFO]: [@: Object successfully summoned]
[21:26:30] [Server thread/INFO]: [@: Object successfully summoned]
[21:26:30] [Server thread/INFO]: [@: Object successfully summoned]
[21:26:30] [Server thread/INFO]: [@: Object successfully summoned]
[21:26:33] [Server thread/INFO]: [@: Object successfully summoned]
[21:26:33] [Server thread/INFO]: [@: Object successfully summoned]
[21:26:33] [Server thread/INFO]: [@: Object successfully summoned]
[21:26:33] [Server thread/INFO]: [@: Object successfully summoned]
[21:26:36] [Server thread/INFO]: [@: Object successfully summoned]
[21:26:36] [Server thread/INFO]: [@: Object successfully summoned]
[21:26:36] [Server thread/INFO]: [@: Object successfully summoned]
[21:26:36] [Server thread/INFO]: [@: Object successfully summoned]
[21:26:39] [Server thread/INFO]: [@: Object successfully summoned]
[21:26:39] [Server thread/INFO]: [@: Object successfully summoned]
[21:26:39] [Server thread/INFO]: [@: Object successfully summoned]
[21:26:39] [Server thread/INFO]: [@: Object successfully summoned]
[21:26:41] [Server thread/INFO]: [@: Object successfully summoned]
[21:26:41] [Server thread/INFO]: [@: Object successfully summoned]
[21:26:41] [Server thread/INFO]: [@: Object successfully summoned]
[21:26:41] [Server thread/INFO]: [@: Object successfully summoned]
[21:26:44] [Server thread/INFO]: [@: Object successfully summoned]
[21:26:44] [Server thread/INFO]: [@: Object successfully summoned]
[21:26:44] [Server thread/INFO]: [@: Object successfully summoned]
[21:26:44] [Server thread/INFO]: [@: Object successfully summoned]
[21:26:47] [Server thread/INFO]: [@: Object successfully summoned]
[21:26:47] [Server thread/INFO]: [@: Object successfully summoned]
[21:26:47] [Server thread/INFO]: [@: Object successfully summoned]
[21:26:47] [Server thread/INFO]: [@: Object successfully summoned]
[21:26:50] [Server thread/INFO]: [@: Object successfully summoned]
[21:26:50] [Server thread/INFO]: [@: Object successfully summoned]
[21:26:50] [Server thread/INFO]: [@: Object successfully summoned]
[21:26:50] [Server thread/INFO]: [@: Object successfully summoned]
[21:26:53] [Server thread/INFO]: [@: Object successfully summoned]
[21:26:53] [Server thread/INFO]: [@: Object successfully summoned]
[21:26:53] [Server thread/INFO]: [@: Object successfully summoned]
[21:26:53] [Server thread/INFO]: [@: Object successfully summoned]
[21:26:55] [Server thread/INFO]: [@: Object successfully summoned]
[21:26:55] [Server thread/INFO]: [@: Object successfully summoned]
[21:26:55] [Server thread/INFO]: [@: Object successfully summoned]
[21:26:55] [Server thread/INFO]: [@: Object successfully summoned]
[21:26:58] [Server thread/INFO]: [@: Object successfully summoned]
[21:26:58] [Server thread/INFO]: [@: Object successfully summoned]
[21:26:58] [Server thread/INFO]: [@: Object successfully summoned]
[21:26:58] [Server thread/INFO]: [@: Object successfully summoned]
[21:27:01] [Server thread/INFO]: [@: Object successfully summoned]
[21:27:01] [Server thread/INFO]: [@: Object successfully summoned]
[21:27:01] [Server thread/INFO]: [@: Object successfully summoned]
[21:27:01] [Server thread/INFO]: [@: Object successfully summoned]
[21:27:04] [Server thread/INFO]: [@: Object successfully summoned]
[21:27:04] [Server thread/INFO]: [@: Object successfully summoned]
[21:27:04] [Server thread/INFO]: [@: Object successfully summoned]
[21:27:04] [Server thread/INFO]: [@: Object successfully summoned]
[21:27:07] [Server thread/INFO]: [@: Object successfully summoned]
[21:27:07] [Server thread/INFO]: [@: Object successfully summoned]
[21:27:07] [Server thread/INFO]: [@: Object successfully summoned]
[21:27:07] [Server thread/INFO]: [@: Object successfully summoned]
[21:27:09] [Server thread/INFO]: [@: Object successfully summoned]
[21:27:09] [Server thread/INFO]: [@: Object successfully summoned]
[21:27:09] [Server thread/INFO]: [@: Object successfully summoned]
[21:27:09] [Server thread/INFO]: [@: Object successfully summoned]
[21:27:12] [Server thread/INFO]: [@: Object successfully summoned]
[21:27:12] [Server thread/INFO]: [@: Object successfully summoned]
[21:27:12] [Server thread/INFO]: [@: Object successfully summoned]
[21:27:12] [Server thread/INFO]: [@: Object successfully summoned]
[21:27:15] [Server thread/INFO]: [@: Object successfully summoned]
[21:27:15] [Server thread/INFO]: [@: Object successfully summoned]
[21:27:15] [Server thread/INFO]: [@: Object successfully summoned]
[21:27:15] [Server thread/INFO]: [@: Object successfully summoned]
[21:27:18] [Server thread/INFO]: [@: Object successfully summoned]
[21:27:18] [Server thread/INFO]: [@: Object successfully summoned]
[21:27:18] [Server thread/INFO]: [@: Object successfully summoned]
[21:27:18] [Server thread/INFO]: [@: Object successfully summoned]
[21:27:21] [Server thread/INFO]: [@: Object successfully summoned]
[21:27:21] [Server thread/INFO]: [@: Object successfully summoned]
[21:27:21] [Server thread/INFO]: [@: Object successfully summoned]
[21:27:21] [Server thread/INFO]: [@: Object successfully summoned]
[21:27:22] [Server thread/INFO]: rodrii_ issued server command: /tell jerry_ BUDDY
[21:27:23] [Server thread/INFO]: [@: Object successfully summoned]
[21:27:23] [Server thread/INFO]: [@: Object successfully summoned]
[21:27:23] [Server thread/INFO]: [@: Object successfully summoned]
[21:27:23] [Server thread/INFO]: [@: Object successfully summoned]
[21:27:26] [Server thread/INFO]: [@: Object successfully summoned]
[21:27:26] [Server thread/INFO]: [@: Object successfully summoned]
[21:27:26] [Server thread/INFO]: [@: Object successfully summoned]
[21:27:26] [Server thread/INFO]: [@: Object successfully summoned]
[21:27:29] [Server thread/INFO]: [@: Object successfully summoned]
[21:27:29] [Server thread/INFO]: [@: Object successfully summoned]
[21:27:29] [Server thread/INFO]: [@: Object successfully summoned]
[21:27:29] [Server thread/INFO]: [@: Object successfully summoned]
[21:27:32] [Server thread/INFO]: [@: Object successfully summoned]
[21:27:32] [Server thread/INFO]: [@: Object successfully summoned]
[21:27:32] [Server thread/INFO]: [@: Object successfully summoned]
[21:27:32] [Server thread/INFO]: [@: Object successfully summoned]
[21:27:35] [Server thread/INFO]: [@: Object successfully summoned]
[21:27:35] [Server thread/INFO]: [@: Object successfully summoned]
[21:27:35] [Server thread/INFO]: [@: Object successfully summoned]
[21:27:35] [Server thread/INFO]: [@: Object successfully summoned]
[21:27:37] [Server thread/INFO]: [@: Object successfully summoned]
[21:27:37] [Server thread/INFO]: [@: Object successfully summoned]
[21:27:37] [Server thread/INFO]: [@: Object successfully summoned]
[21:27:37] [Server thread/INFO]: [@: Object successfully summoned]
[21:27:40] [Server thread/INFO]: [@: Object successfully summoned]
[21:27:40] [Server thread/INFO]: [@: Object successfully summoned]
[21:27:40] [Server thread/INFO]: [@: Object successfully summoned]
[21:27:40] [Server thread/INFO]: [@: Object successfully summoned]
[21:27:43] [Server thread/INFO]: [@: Object successfully summoned]
[21:27:43] [Server thread/INFO]: [@: Object successfully summoned]
[21:27:43] [Server thread/INFO]: [@: Object successfully summoned]
[21:27:43] [Server thread/INFO]: [@: Object successfully summoned]
[21:27:46] [Server thread/INFO]: [@: Object successfully summoned]
[21:27:46] [Server thread/INFO]: [@: Object successfully summoned]
[21:27:46] [Server thread/INFO]: [@: Object successfully summoned]
[21:27:46] [Server thread/INFO]: [@: Object successfully summoned]
[21:27:49] [Server thread/INFO]: [@: Object successfully summoned]
[21:27:49] [Server thread/INFO]: [@: Object successfully summoned]
[21:27:49] [Server thread/INFO]: [@: Object successfully summoned]
[21:27:49] [Server thread/INFO]: [@: Object successfully summoned]
[21:27:51] [Server thread/INFO]: [@: Object successfully summoned]
[21:27:51] [Server thread/INFO]: [@: Object successfully summoned]
[21:27:51] [Server thread/INFO]: [@: Object successfully summoned]
[21:27:51] [Server thread/INFO]: [@: Object successfully summoned]
[21:27:54] [Server thread/INFO]: [@: Object successfully summoned]
[21:27:54] [Server thread/INFO]: [@: Object successfully summoned]
[21:27:54] [Server thread/INFO]: [@: Object successfully summoned]
[21:27:54] [Server thread/INFO]: [@: Object successfully summoned]
[21:27:57] [Server thread/INFO]: [@: Object successfully summoned]
[21:27:57] [Server thread/INFO]: [@: Object successfully summoned]
[21:27:57] [Server thread/INFO]: [@: Object successfully summoned]
[21:27:57] [Server thread/INFO]: [@: Object successfully summoned]
[21:28:00] [Server thread/INFO]: [@: Object successfully summoned]
[21:28:00] [Server thread/INFO]: [@: Object successfully summoned]
[21:28:00] [Server thread/INFO]: [@: Object successfully summoned]
[21:28:00] [Server thread/INFO]: [@: Object successfully summoned]
[21:28:03] [Server thread/INFO]: [@: Object successfully summoned]
[21:28:03] [Server thread/INFO]: [@: Object successfully summoned]
[21:28:03] [Server thread/INFO]: [@: Object successfully summoned]
[21:28:03] [Server thread/INFO]: [@: Object successfully summoned]
[21:28:05] [Server thread/INFO]: [@: Object successfully summoned]
[21:28:05] [Server thread/INFO]: [@: Object successfully summoned]
[21:28:05] [Server thread/INFO]: [@: Object successfully summoned]
[21:28:05] [Server thread/INFO]: [@: Object successfully summoned]
[21:28:08] [Server thread/INFO]: [@: Object successfully summoned]
[21:28:08] [Server thread/INFO]: [@: Object successfully summoned]
[21:28:08] [Server thread/INFO]: [@: Object successfully summoned]
[21:28:08] [Server thread/INFO]: [@: Object successfully summoned]
[21:28:11] [Server thread/INFO]: [@: Object successfully summoned]
[21:28:11] [Server thread/INFO]: [@: Object successfully summoned]
[21:28:11] [Server thread/INFO]: [@: Object successfully summoned]
[21:28:11] [Server thread/INFO]: [@: Object successfully summoned]
[21:28:14] [Server thread/INFO]: [@: Object successfully summoned]
[21:28:14] [Server thread/INFO]: [@: Object successfully summoned]
[21:28:14] [Server thread/INFO]: [@: Object successfully summoned]
[21:28:14] [Server thread/INFO]: [@: Object successfully summoned]
[21:28:17] [Server thread/INFO]: [@: Object successfully summoned]
[21:28:17] [Server thread/INFO]: [@: Object successfully summoned]
[21:28:17] [Server thread/INFO]: [@: Object successfully summoned]
[21:28:17] [Server thread/INFO]: [@: Object successfully summoned]
[21:28:19] [Server thread/INFO]: [@: Object successfully summoned]
[21:28:19] [Server thread/INFO]: [@: Object successfully summoned]
[21:28:19] [Server thread/INFO]: [@: Object successfully summoned]
[21:28:19] [Server thread/INFO]: [@: Object successfully summoned]
[21:28:22] [Server thread/INFO]: [@: Object successfully summoned]
[21:28:22] [Server thread/INFO]: [@: Object successfully summoned]
[21:28:22] [Server thread/INFO]: [@: Object successfully summoned]
[21:28:22] [Server thread/INFO]: [@: Object successfully summoned]
[21:28:25] [Server thread/INFO]: [@: Object successfully summoned]
[21:28:25] [Server thread/INFO]: [@: Object successfully summoned]
[21:28:25] [Server thread/INFO]: [@: Object successfully summoned]
[21:28:25] [Server thread/INFO]: [@: Object successfully summoned]
[21:28:28] [Server thread/INFO]: [@: Object successfully summoned]
[21:28:28] [Server thread/INFO]: [@: Object successfully summoned]
[21:28:28] [Server thread/INFO]: [@: Object successfully summoned]
[21:28:28] [Server thread/INFO]: [@: Object successfully summoned]
[21:28:31] [Server thread/INFO]: [@: Object successfully summoned]
[21:28:31] [Server thread/INFO]: [@: Object successfully summoned]
[21:28:31] [Server thread/INFO]: [@: Object successfully summoned]
[21:28:31] [Server thread/INFO]: [@: Object successfully summoned]
[21:28:33] [Server thread/INFO]: [@: Object successfully summoned]
[21:28:33] [Server thread/INFO]: [@: Object successfully summoned]
[21:28:33] [Server thread/INFO]: [@: Object successfully summoned]
[21:28:33] [Server thread/INFO]: [@: Object successfully summoned]
[21:28:36] [Server thread/INFO]: [@: Object successfully summoned]
[21:28:36] [Server thread/INFO]: [@: Object successfully summoned]
[21:28:36] [Server thread/INFO]: [@: Object successfully summoned]
[21:28:36] [Server thread/INFO]: [@: Object successfully summoned]
[21:28:39] [Server thread/INFO]: [@: Object successfully summoned]
[21:28:39] [Server thread/INFO]: [@: Object successfully summoned]
[21:28:39] [Server thread/INFO]: [@: Object successfully summoned]
[21:28:39] [Server thread/INFO]: [@: Object successfully summoned]
[21:28:42] [Server thread/INFO]: [@: Object successfully summoned]
[21:28:42] [Server thread/INFO]: [@: Object successfully summoned]
[21:28:42] [Server thread/INFO]: [@: Object successfully summoned]
[21:28:42] [Server thread/INFO]: [@: Object successfully summoned]
[21:28:45] [Server thread/INFO]: [@: Object successfully summoned]
[21:28:45] [Server thread/INFO]: [@: Object successfully summoned]
[21:28:45] [Server thread/INFO]: [@: Object successfully summoned]
[21:28:45] [Server thread/INFO]: [@: Object successfully summoned]
[21:28:47] [Server thread/INFO]: [@: Object successfully summoned]
[21:28:47] [Server thread/INFO]: [@: Object successfully summoned]
[21:28:47] [Server thread/INFO]: [@: Object successfully summoned]
[21:28:47] [Server thread/INFO]: [@: Object successfully summoned]
[21:28:50] [Server thread/INFO]: [@: Object successfully summoned]
[21:28:50] [Server thread/INFO]: [@: Object successfully summoned]
[21:28:50] [Server thread/INFO]: [@: Object successfully summoned]
[21:28:50] [Server thread/INFO]: [@: Object successfully summoned]
[21:28:52] [Server thread/INFO]: rodrii_ issued server command: /tp Steve
[21:28:52] [Server thread/INFO]: [rodrii_: Teleported rodrii_ to Steve]
[21:28:53] [Server thread/INFO]: [@: Object successfully summoned]
[21:28:53] [Server thread/INFO]: [@: Object successfully summoned]
[21:28:53] [Server thread/INFO]: [@: Object successfully summoned]
[21:28:53] [Server thread/INFO]: [@: Object successfully summoned]
[21:28:56] [Server thread/INFO]: [@: Object successfully summoned]
[21:28:56] [Server thread/INFO]: [@: Object successfully summoned]
[21:28:56] [Server thread/INFO]: [@: Object successfully summoned]
[21:28:56] [Server thread/INFO]: [@: Object successfully summoned]
[21:28:59] [Server thread/INFO]: [@: Object successfully summoned]
[21:28:59] [Server thread/INFO]: [@: Object successfully summoned]
[21:28:59] [Server thread/INFO]: [@: Object successfully summoned]
[21:28:59] [Server thread/INFO]: [@: Object successfully summoned]
[21:29:01] [Server thread/INFO]: [@: Object successfully summoned]
[21:29:01] [Server thread/INFO]: [@: Object successfully summoned]
[21:29:01] [Server thread/INFO]: [@: Object successfully summoned]
[21:29:01] [Server thread/INFO]: [@: Object successfully summoned]
[21:29:04] [Server thread/INFO]: [@: Object successfully summoned]
[21:29:04] [Server thread/INFO]: [@: Object successfully summoned]
[21:29:04] [Server thread/INFO]: [@: Object successfully summoned]
[21:29:04] [Server thread/INFO]: [@: Object successfully summoned]
[21:29:07] [Server thread/INFO]: [@: Object successfully summoned]
[21:29:07] [Server thread/INFO]: [@: Object successfully summoned]
[21:29:07] [Server thread/INFO]: [@: Object successfully summoned]
[21:29:07] [Server thread/INFO]: [@: Object successfully summoned]
[21:29:10] [Server thread/INFO]: [@: Object successfully summoned]
[21:29:10] [Server thread/INFO]: [@: Object successfully summoned]
[21:29:10] [Server thread/INFO]: [@: Object successfully summoned]
[21:29:10] [Server thread/INFO]: [@: Object successfully summoned]
[21:29:13] [Server thread/INFO]: [@: Object successfully summoned]
[21:29:13] [Server thread/INFO]: [@: Object successfully summoned]
[21:29:13] [Server thread/INFO]: [@: Object successfully summoned]
[21:29:13] [Server thread/INFO]: [@: Object successfully summoned]
[21:29:14] [Server thread/INFO]: rodrii_ issued server command: /tell Steve Hey.
[21:29:15] [Server thread/INFO]: [@: Object successfully summoned]
[21:29:15] [Server thread/INFO]: [@: Object successfully summoned]
[21:29:15] [Server thread/INFO]: [@: Object successfully summoned]
[21:29:15] [Server thread/INFO]: [@: Object successfully summoned]
[21:29:18] [Server thread/INFO]: [@: Object successfully summoned]
[21:29:18] [Server thread/INFO]: [@: Object successfully summoned]
[21:29:18] [Server thread/INFO]: [@: Object successfully summoned]
[21:29:18] [Server thread/INFO]: [@: Object successfully summoned]
[21:29:21] [Server thread/INFO]: [@: Object successfully summoned]
[21:29:21] [Server thread/INFO]: [@: Object successfully summoned]
[21:29:21] [Server thread/INFO]: [@: Object successfully summoned]
[21:29:21] [Server thread/INFO]: [@: Object successfully summoned]
[21:29:24] [Server thread/INFO]: [@: Object successfully summoned]
[21:29:24] [Server thread/INFO]: [@: Object successfully summoned]
[21:29:24] [Server thread/INFO]: [@: Object successfully summoned]
[21:29:24] [Server thread/INFO]: [@: Object successfully summoned]
[21:29:27] [Server thread/INFO]: [@: Object successfully summoned]
[21:29:27] [Server thread/INFO]: [@: Object successfully summoned]
[21:29:27] [Server thread/INFO]: [@: Object successfully summoned]
[21:29:27] [Server thread/INFO]: [@: Object successfully summoned]
[21:29:29] [Server thread/INFO]: [@: Object successfully summoned]
[21:29:29] [Server thread/INFO]: [@: Object successfully summoned]
[21:29:29] [Server thread/INFO]: [@: Object successfully summoned]
[21:29:29] [Server thread/INFO]: [@: Object successfully summoned]
[21:29:32] [Server thread/INFO]: [@: Object successfully summoned]
[21:29:32] [Server thread/INFO]: [@: Object successfully summoned]
[21:29:32] [Server thread/INFO]: [@: Object successfully summoned]
[21:29:32] [Server thread/INFO]: [@: Object successfully summoned]
[21:29:35] [Server thread/INFO]: [@: Object successfully summoned]
[21:29:35] [Server thread/INFO]: [@: Object successfully summoned]
[21:29:35] [Server thread/INFO]: [@: Object successfully summoned]
[21:29:35] [Server thread/INFO]: [@: Object successfully summoned]
[21:29:38] [Server thread/INFO]: [@: Object successfully summoned]
[21:29:38] [Server thread/INFO]: [@: Object successfully summoned]
[21:29:38] [Server thread/INFO]: [@: Object successfully summoned]
[21:29:38] [Server thread/INFO]: [@: Object successfully summoned]
[21:29:41] [Server thread/INFO]: [@: Object successfully summoned]
[21:29:41] [Server thread/INFO]: [@: Object successfully summoned]
[21:29:41] [Server thread/INFO]: [@: Object successfully summoned]
[21:29:41] [Server thread/INFO]: [@: Object successfully summoned]
[21:29:43] [Server thread/INFO]: [@: Object successfully summoned]
[21:29:43] [Server thread/INFO]: [@: Object successfully summoned]
[21:29:43] [Server thread/INFO]: [@: Object successfully summoned]
[21:29:43] [Server thread/INFO]: [@: Object successfully summoned]
[21:29:46] [Server thread/INFO]: [@: Object successfully summoned]
[21:29:46] [Server thread/INFO]: [@: Object successfully summoned]
[21:29:46] [Server thread/INFO]: [@: Object successfully summoned]
[21:29:46] [Server thread/INFO]: [@: Object successfully summoned]
[21:29:49] [Server thread/INFO]: [@: Object successfully summoned]
[21:29:49] [Server thread/INFO]: [@: Object successfully summoned]
[21:29:49] [Server thread/INFO]: [@: Object successfully summoned]
[21:29:49] [Server thread/INFO]: [@: Object successfully summoned]
[21:29:52] [Server thread/INFO]: [@: Object successfully summoned]
[21:29:52] [Server thread/INFO]: [@: Object successfully summoned]
[21:29:52] [Server thread/INFO]: [@: Object successfully summoned]
[21:29:52] [Server thread/INFO]: [@: Object successfully summoned]
[21:29:54] [Server thread/INFO]: jerry_ issued server command: /
[21:29:55] [Server thread/INFO]: [@: Object successfully summoned]
[21:29:55] [Server thread/INFO]: [@: Object successfully summoned]
[21:29:55] [Server thread/INFO]: [@: Object successfully summoned]
[21:29:55] [Server thread/INFO]: [@: Object successfully summoned]
[21:29:57] [Server thread/INFO]: lamm issued server command: /home base
[21:29:57] [Server thread/INFO]: [@: Object successfully summoned]
[21:29:57] [Server thread/INFO]: [@: Object successfully summoned]
[21:29:57] [Server thread/INFO]: [@: Object successfully summoned]
[21:29:57] [Server thread/INFO]: [@: Object successfully summoned]
[21:30:00] [Server thread/INFO]: [@: Object successfully summoned]
[21:30:00] [Server thread/INFO]: [@: Object successfully summoned]
[21:30:00] [Server thread/INFO]: [@: Object successfully summoned]
[21:30:00] [Server thread/INFO]: [@: Object successfully summoned]
[21:30:03] [Server thread/INFO]: [@: Object successfully summoned]
[21:30:03] [Server thread/INFO]: [@: Object successfully summoned]
[21:30:03] [Server thread/INFO]: [@: Object successfully summoned]
[21:30:03] [Server thread/INFO]: [@: Object successfully summoned]
[21:30:06] [Server thread/INFO]: [@: Object successfully summoned]
[21:30:06] [Server thread/INFO]: [@: Object successfully summoned]
[21:30:06] [Server thread/INFO]: [@: Object successfully summoned]
[21:30:06] [Server thread/INFO]: [@: Object successfully summoned]
[21:30:09] [Server thread/INFO]: [@: Object successfully summoned]
[21:30:09] [Server thread/INFO]: [@: Object successfully summoned]
[21:30:09] [Server thread/INFO]: [@: Object successfully summoned]
[21:30:09] [Server thread/INFO]: [@: Object successfully summoned]
[21:30:11] [Server thread/INFO]: [@: Object successfully summoned]
[21:30:11] [Server thread/INFO]: [@: Object successfully summoned]
[21:30:11] [Server thread/INFO]: [@: Object successfully summoned]
[21:30:11] [Server thread/INFO]: [@: Object successfully summoned]
[21:30:14] [Server thread/INFO]: [@: Object successfully summoned]
[21:30:14] [Server thread/INFO]: [@: Object successfully summoned]
[21:30:14] [Server thread/INFO]: [@: Object successfully summoned]
[21:30:14] [Server thread/INFO]: [@: Object successfully summoned]
[21:30:17] [Server thread/INFO]: [@: Object successfully summoned]
[21:30:17] [Server thread/INFO]: [@: Object successfully summoned]
[21:30:17] [Server thread/INFO]: [@: Object successfully summoned]
[21:30:17] [Server thread/INFO]: [@: Object successfully summoned]
[21:30:20] [Server thread/INFO]: [@: Object successfully summoned]
[21:30:20] [Server thread/INFO]: [@: Object successfully summoned]
[21:30:20] [Server thread/INFO]: [@: Object successfully summoned]
[21:30:20] [Server thread/INFO]: [@: Object successfully summoned]
[21:30:21] [Server thread/INFO]: jerry_ issued server command: //wand
[21:30:23] [Server thread/INFO]: [@: Object successfully summoned]
[21:30:23] [Server thread/INFO]: [@: Object successfully summoned]
[21:30:23] [Server thread/INFO]: [@: Object successfully summoned]
[21:30:23] [Server thread/INFO]: [@: Object successfully summoned]
[21:30:25] [Server thread/INFO]: [@: Object successfully summoned]
[21:30:25] [Server thread/INFO]: [@: Object successfully summoned]
[21:30:25] [Server thread/INFO]: [@: Object successfully summoned]
[21:30:25] [Server thread/INFO]: [@: Object successfully summoned]
[21:30:28] [Server thread/INFO]: [@: Object successfully summoned]
[21:30:28] [Server thread/INFO]: [@: Object successfully summoned]
[21:30:28] [Server thread/INFO]: [@: Object successfully summoned]
[21:30:28] [Server thread/INFO]: [@: Object successfully summoned]
[21:30:31] [Server thread/INFO]: [@: Object successfully summoned]
[21:30:31] [Server thread/INFO]: [@: Object successfully summoned]
[21:30:31] [Server thread/INFO]: [@: Object successfully summoned]
[21:30:31] [Server thread/INFO]: [@: Object successfully summoned]
[21:30:34] [Server thread/INFO]: [@: Object successfully summoned]
[21:30:34] [Server thread/INFO]: [@: Object successfully summoned]
[21:30:34] [Server thread/INFO]: [@: Object successfully summoned]
[21:30:34] [Server thread/INFO]: [@: Object successfully summoned]
[21:30:37] [Server thread/INFO]: [@: Object successfully summoned]
[21:30:37] [Server thread/INFO]: [@: Object successfully summoned]
[21:30:37] [Server thread/INFO]: [@: Object successfully summoned]
[21:30:37] [Server thread/INFO]: [@: Object successfully summoned]
[21:30:37] [Server thread/INFO]: lamm issued server command: /home xp
[21:30:39] [Server thread/INFO]: [@: Object successfully summoned]
[21:30:39] [Server thread/INFO]: [@: Object successfully summoned]
[21:30:39] [Server thread/INFO]: [@: Object successfully summoned]
[21:30:39] [Server thread/INFO]: [@: Object successfully summoned]
[21:30:42] [Server thread/INFO]: [@: Object successfully summoned]
[21:30:42] [Server thread/INFO]: [@: Object successfully summoned]
[21:30:42] [Server thread/INFO]: [@: Object successfully summoned]
[21:30:42] [Server thread/INFO]: [@: Object successfully summoned]
[21:30:45] [Server thread/INFO]: [@: Object successfully summoned]
[21:30:45] [Server thread/INFO]: [@: Object successfully summoned]
[21:30:45] [Server thread/INFO]: [@: Object successfully summoned]
[21:30:45] [Server thread/INFO]: [@: Object successfully summoned]
[21:30:48] [Server thread/INFO]: [@: Object successfully summoned]
[21:30:48] [Server thread/INFO]: [@: Object successfully summoned]
[21:30:48] [Server thread/INFO]: [@: Object successfully summoned]
[21:30:48] [Server thread/INFO]: [@: Object successfully summoned]
[21:30:51] [Server thread/INFO]: [@: Object successfully summoned]
[21:30:51] [Server thread/INFO]: [@: Object successfully summoned]
[21:30:51] [Server thread/INFO]: [@: Object successfully summoned]
[21:30:51] [Server thread/INFO]: [@: Object successfully summoned]
[21:30:51] [Server thread/INFO]: jerry_ issued server command: //replace air stained_hardened_clay:4
[21:30:53] [Server thread/INFO]: [@: Object successfully summoned]
[21:30:53] [Server thread/INFO]: [@: Object successfully summoned]
[21:30:53] [Server thread/INFO]: [@: Object successfully summoned]
[21:30:53] [Server thread/INFO]: [@: Object successfully summoned]
[21:30:56] [Server thread/INFO]: [@: Object successfully summoned]
[21:30:56] [Server thread/INFO]: [@: Object successfully summoned]
[21:30:56] [Server thread/INFO]: [@: Object successfully summoned]
[21:30:56] [Server thread/INFO]: [@: Object successfully summoned]
[21:30:59] [Server thread/INFO]: [@: Object successfully summoned]
[21:30:59] [Server thread/INFO]: [@: Object successfully summoned]
[21:30:59] [Server thread/INFO]: [@: Object successfully summoned]
[21:30:59] [Server thread/INFO]: [@: Object successfully summoned]
[21:31:02] [Server thread/INFO]: [@: Object successfully summoned]
[21:31:02] [Server thread/INFO]: [@: Object successfully summoned]
[21:31:02] [Server thread/INFO]: [@: Object successfully summoned]
[21:31:02] [Server thread/INFO]: [@: Object successfully summoned]
[21:31:05] [Server thread/INFO]: jerry_ issued server command: //replace air stained_hardened_clay:4
[21:31:05] [Server thread/INFO]: [@: Object successfully summoned]
[21:31:05] [Server thread/INFO]: [@: Object successfully summoned]
[21:31:05] [Server thread/INFO]: [@: Object successfully summoned]
[21:31:05] [Server thread/INFO]: [@: Object successfully summoned]
[21:31:07] [Server thread/INFO]: [@: Object successfully summoned]
[21:31:07] [Server thread/INFO]: [@: Object successfully summoned]
[21:31:07] [Server thread/INFO]: [@: Object successfully summoned]
[21:31:07] [Server thread/INFO]: [@: Object successfully summoned]
[21:31:10] [Server thread/INFO]: [@: Object successfully summoned]
[21:31:10] [Server thread/INFO]: [@: Object successfully summoned]
[21:31:10] [Server thread/INFO]: [@: Object successfully summoned]
[21:31:10] [Server thread/INFO]: [@: Object successfully summoned]
[21:31:13] [Server thread/INFO]: [@: Object successfully summoned]
[21:31:13] [Server thread/INFO]: [@: Object successfully summoned]
[21:31:13] [Server thread/INFO]: [@: Object successfully summoned]
[21:31:13] [Server thread/INFO]: [@: Object successfully summoned]
[21:31:16] [Server thread/INFO]: [@: Object successfully summoned]
[21:31:16] [Server thread/INFO]: [@: Object successfully summoned]
[21:31:16] [Server thread/INFO]: [@: Object successfully summoned]
[21:31:16] [Server thread/INFO]: [@: Object successfully summoned]
[21:31:19] [Server thread/INFO]: jerry_ issued server command: //replace air stained_hardened_clay:4
[21:31:19] [Server thread/INFO]: [@: Object successfully summoned]
[21:31:19] [Server thread/INFO]: [@: Object successfully summoned]
[21:31:19] [Server thread/INFO]: [@: Object successfully summoned]
[21:31:19] [Server thread/INFO]: [@: Object successfully summoned]
[21:31:21] [Server thread/INFO]: [@: Object successfully summoned]
[21:31:21] [Server thread/INFO]: [@: Object successfully summoned]
[21:31:21] [Server thread/INFO]: [@: Object successfully summoned]
[21:31:21] [Server thread/INFO]: [@: Object successfully summoned]
[21:31:24] [Server thread/INFO]: [@: Object successfully summoned]
[21:31:24] [Server thread/INFO]: [@: Object successfully summoned]
[21:31:24] [Server thread/INFO]: [@: Object successfully summoned]
[21:31:24] [Server thread/INFO]: [@: Object successfully summoned]
[21:31:27] [Server thread/INFO]: [@: Object successfully summoned]
[21:31:27] [Server thread/INFO]: [@: Object successfully summoned]
[21:31:27] [Server thread/INFO]: [@: Object successfully summoned]
[21:31:27] [Server thread/INFO]: [@: Object successfully summoned]
[21:31:30] [Server thread/INFO]: [@: Object successfully summoned]
[21:31:30] [Server thread/INFO]: [@: Object successfully summoned]
[21:31:30] [Server thread/INFO]: [@: Object successfully summoned]
[21:31:30] [Server thread/INFO]: [@: Object successfully summoned]
[21:31:33] [Server thread/INFO]: [@: Object successfully summoned]
[21:31:33] [Server thread/INFO]: [@: Object successfully summoned]
[21:31:33] [Server thread/INFO]: [@: Object successfully summoned]
[21:31:33] [Server thread/INFO]: [@: Object successfully summoned]
[21:31:34] [Server thread/INFO]: jerry_ issued server command: //replace air stained_hardened_clay:4
[21:31:35] [Server thread/INFO]: [@: Object successfully summoned]
[21:31:35] [Server thread/INFO]: [@: Object successfully summoned]
[21:31:35] [Server thread/INFO]: [@: Object successfully summoned]
[21:31:35] [Server thread/INFO]: [@: Object successfully summoned]
[21:31:38] [Server thread/INFO]: [@: Object successfully summoned]
[21:31:38] [Server thread/INFO]: [@: Object successfully summoned]
[21:31:38] [Server thread/INFO]: [@: Object successfully summoned]
[21:31:38] [Server thread/INFO]: [@: Object successfully summoned]
[21:31:41] [Server thread/INFO]: [@: Object successfully summoned]
[21:31:41] [Server thread/INFO]: [@: Object successfully summoned]
[21:31:41] [Server thread/INFO]: [@: Object successfully summoned]
[21:31:41] [Server thread/INFO]: [@: Object successfully summoned]
[21:31:44] [Server thread/INFO]: [@: Object successfully summoned]
[21:31:44] [Server thread/INFO]: [@: Object successfully summoned]
[21:31:44] [Server thread/INFO]: [@: Object successfully summoned]
[21:31:44] [Server thread/INFO]: [@: Object successfully summoned]
[21:31:44] [Server thread/INFO]: jerry_ issued server command: //replace air stained_hardened_clay:4
[21:31:47] [Server thread/INFO]: [@: Object successfully summoned]
[21:31:47] [Server thread/INFO]: [@: Object successfully summoned]
[21:31:47] [Server thread/INFO]: [@: Object successfully summoned]
[21:31:47] [Server thread/INFO]: [@: Object successfully summoned]
[21:31:49] [Server thread/INFO]: [@: Object successfully summoned]
[21:31:49] [Server thread/INFO]: [@: Object successfully summoned]
[21:31:49] [Server thread/INFO]: [@: Object successfully summoned]
[21:31:49] [Server thread/INFO]: [@: Object successfully summoned]
[21:31:52] [Server thread/INFO]: [@: Object successfully summoned]
[21:31:52] [Server thread/INFO]: [@: Object successfully summoned]
[21:31:52] [Server thread/INFO]: [@: Object successfully summoned]
[21:31:52] [Server thread/INFO]: [@: Object successfully summoned]
[21:31:55] [Server thread/INFO]: [@: Object successfully summoned]
[21:31:55] [Server thread/INFO]: [@: Object successfully summoned]
[21:31:55] [Server thread/INFO]: [@: Object successfully summoned]
[21:31:55] [Server thread/INFO]: [@: Object successfully summoned]
[21:31:58] [Server thread/INFO]: [@: Object successfully summoned]
[21:31:58] [Server thread/INFO]: [@: Object successfully summoned]
[21:31:58] [Server thread/INFO]: [@: Object successfully summoned]
[21:31:58] [Server thread/INFO]: [@: Object successfully summoned]
[21:31:58] [Server thread/INFO]: jerry_ issued server command: //replace air stained_hardened_clay:4
[21:32:01] [Server thread/INFO]: [@: Object successfully summoned]
[21:32:01] [Server thread/INFO]: [@: Object successfully summoned]
[21:32:01] [Server thread/INFO]: [@: Object successfully summoned]
[21:32:01] [Server thread/INFO]: [@: Object successfully summoned]
[21:32:03] [Server thread/INFO]: [@: Object successfully summoned]
[21:32:03] [Server thread/INFO]: [@: Object successfully summoned]
[21:32:03] [Server thread/INFO]: [@: Object successfully summoned]
[21:32:03] [Server thread/INFO]: [@: Object successfully summoned]
[21:32:06] [Server thread/INFO]: [@: Object successfully summoned]
[21:32:06] [Server thread/INFO]: [@: Object successfully summoned]
[21:32:06] [Server thread/INFO]: [@: Object successfully summoned]
[21:32:06] [Server thread/INFO]: [@: Object successfully summoned]
[21:32:09] [Server thread/INFO]: [@: Object successfully summoned]
[21:32:09] [Server thread/INFO]: [@: Object successfully summoned]
[21:32:09] [Server thread/INFO]: [@: Object successfully summoned]
[21:32:09] [Server thread/INFO]: [@: Object successfully summoned]
[21:32:12] [Server thread/INFO]: [@: Object successfully summoned]
[21:32:12] [Server thread/INFO]: [@: Object successfully summoned]
[21:32:12] [Server thread/INFO]: [@: Object successfully summoned]
[21:32:12] [Server thread/INFO]: [@: Object successfully summoned]
[21:32:15] [Server thread/INFO]: [@: Object successfully summoned]
[21:32:15] [Server thread/INFO]: [@: Object successfully summoned]
[21:32:15] [Server thread/INFO]: [@: Object successfully summoned]
[21:32:15] [Server thread/INFO]: [@: Object successfully summoned]
[21:32:15] [Server thread/INFO]: jerry_ issued server command: //replace air stained_hardened_clay:4
[21:32:17] [Server thread/INFO]: [@: Object successfully summoned]
[21:32:17] [Server thread/INFO]: [@: Object successfully summoned]
[21:32:17] [Server thread/INFO]: [@: Object successfully summoned]
[21:32:17] [Server thread/INFO]: [@: Object successfully summoned]
[21:32:20] [Server thread/INFO]: [@: Object successfully summoned]
[21:32:20] [Server thread/INFO]: [@: Object successfully summoned]
[21:32:20] [Server thread/INFO]: [@: Object successfully summoned]
[21:32:20] [Server thread/INFO]: [@: Object successfully summoned]
[21:32:23] [Server thread/INFO]: [@: Object successfully summoned]
[21:32:23] [Server thread/INFO]: [@: Object successfully summoned]
[21:32:23] [Server thread/INFO]: [@: Object successfully summoned]
[21:32:23] [Server thread/INFO]: [@: Object successfully summoned]
[21:32:26] [Server thread/INFO]: [@: Object successfully summoned]
[21:32:26] [Server thread/INFO]: [@: Object successfully summoned]
[21:32:26] [Server thread/INFO]: [@: Object successfully summoned]
[21:32:26] [Server thread/INFO]: [@: Object successfully summoned]
[21:32:28] [Server thread/INFO]: lamm issued server command: /home base
[21:32:29] [Server thread/INFO]: [@: Object successfully summoned]
[21:32:29] [Server thread/INFO]: [@: Object successfully summoned]
[21:32:29] [Server thread/INFO]: [@: Object successfully summoned]
[21:32:29] [Server thread/INFO]: [@: Object successfully summoned]
[21:32:31] [Server thread/INFO]: [@: Object successfully summoned]
[21:32:31] [Server thread/INFO]: [@: Object successfully summoned]
[21:32:31] [Server thread/INFO]: [@: Object successfully summoned]
[21:32:31] [Server thread/INFO]: [@: Object successfully summoned]
[21:32:32] [Server thread/INFO]: jerry_ issued server command: //replace air stained_hardened_clay:4
[21:32:34] [Server thread/INFO]: [@: Object successfully summoned]
[21:32:34] [Server thread/INFO]: [@: Object successfully summoned]
[21:32:34] [Server thread/INFO]: [@: Object successfully summoned]
[21:32:34] [Server thread/INFO]: [@: Object successfully summoned]
[21:32:37] [Server thread/INFO]: [@: Object successfully summoned]
[21:32:37] [Server thread/INFO]: [@: Object successfully summoned]
[21:32:37] [Server thread/INFO]: [@: Object successfully summoned]
[21:32:37] [Server thread/INFO]: [@: Object successfully summoned]
[21:32:40] [Server thread/INFO]: [@: Object successfully summoned]
[21:32:40] [Server thread/INFO]: [@: Object successfully summoned]
[21:32:40] [Server thread/INFO]: [@: Object successfully summoned]
[21:32:40] [Server thread/INFO]: [@: Object successfully summoned]
[21:32:43] [Server thread/INFO]: [@: Object successfully summoned]
[21:32:43] [Server thread/INFO]: [@: Object successfully summoned]
[21:32:43] [Server thread/INFO]: [@: Object successfully summoned]
[21:32:43] [Server thread/INFO]: [@: Object successfully summoned]
[21:32:45] [Server thread/INFO]: [@: Object successfully summoned]
[21:32:45] [Server thread/INFO]: [@: Object successfully summoned]
[21:32:45] [Server thread/INFO]: [@: Object successfully summoned]
[21:32:45] [Server thread/INFO]: [@: Object successfully summoned]
[21:32:47] [Thread-30/INFO]: UUID of player Graef is dd0b7c16-7fb1-3348-b69b-8b2ead7bf8d3
[21:32:47] [Server thread/INFO]: Graef[/[0:0:0:0:0:0:0:1]:45682] logged in with entity id 48021 at ([world]178.51710068227592, 63.0, 46.24678987944489)
[21:32:48] [Server thread/INFO]: [@: Object successfully summoned]
[21:32:48] [Server thread/INFO]: [@: Object successfully summoned]
[21:32:48] [Server thread/INFO]: [@: Object successfully summoned]
[21:32:48] [Server thread/INFO]: [@: Object successfully summoned]
[21:32:51] [Server thread/INFO]: [@: Object successfully summoned]
[21:32:51] [Server thread/INFO]: [@: Object successfully summoned]
[21:32:51] [Server thread/INFO]: [@: Object successfully summoned]
[21:32:51] [Server thread/INFO]: [@: Object successfully summoned]
[21:32:54] [Server thread/INFO]: [@: Object successfully summoned]
[21:32:54] [Server thread/INFO]: [@: Object successfully summoned]
[21:32:54] [Server thread/INFO]: [@: Object successfully summoned]
[21:32:54] [Server thread/INFO]: [@: Object successfully summoned]
[21:32:57] [Server thread/INFO]: [@: Object successfully summoned]
[21:32:57] [Server thread/INFO]: [@: Object successfully summoned]
[21:32:57] [Server thread/INFO]: [@: Object successfully summoned]
[21:32:57] [Server thread/INFO]: [@: Object successfully summoned]
[21:32:59] [Server thread/INFO]: [@: Object successfully summoned]
[21:32:59] [Server thread/INFO]: [@: Object successfully summoned]
[21:32:59] [Server thread/INFO]: [@: Object successfully summoned]
[21:32:59] [Server thread/INFO]: [@: Object successfully summoned]
[21:33:02] [Server thread/INFO]: [@: Object successfully summoned]
[21:33:02] [Server thread/INFO]: [@: Object successfully summoned]
[21:33:02] [Server thread/INFO]: [@: Object successfully summoned]
[21:33:02] [Server thread/INFO]: [@: Object successfully summoned]
[21:33:05] [Server thread/INFO]: [@: Object successfully summoned]
[21:33:05] [Server thread/INFO]: [@: Object successfully summoned]
[21:33:05] [Server thread/INFO]: [@: Object successfully summoned]
[21:33:05] [Server thread/INFO]: [@: Object successfully summoned]
[21:33:08] [Server thread/INFO]: [@: Object successfully summoned]
[21:33:08] [Server thread/INFO]: [@: Object successfully summoned]
[21:33:08] [Server thread/INFO]: [@: Object successfully summoned]
[21:33:08] [Server thread/INFO]: [@: Object successfully summoned]
[21:33:10] [Server thread/INFO]: Graef issued server command: /tell rodrii_ can you leave the server up till 8pm tonight?
[21:33:11] [Server thread/INFO]: [@: Object successfully summoned]
[21:33:11] [Server thread/INFO]: [@: Object successfully summoned]
[21:33:11] [Server thread/INFO]: [@: Object successfully summoned]
[21:33:11] [Server thread/INFO]: [@: Object successfully summoned]
[21:33:13] [Server thread/INFO]: [@: Object successfully summoned]
[21:33:13] [Server thread/INFO]: [@: Object successfully summoned]
[21:33:13] [Server thread/INFO]: [@: Object successfully summoned]
[21:33:13] [Server thread/INFO]: [@: Object successfully summoned]
[21:33:16] [Server thread/INFO]: [@: Object successfully summoned]
[21:33:16] [Server thread/INFO]: [@: Object successfully summoned]
[21:33:16] [Server thread/INFO]: [@: Object successfully summoned]
[21:33:16] [Server thread/INFO]: [@: Object successfully summoned]
[21:33:19] [Server thread/INFO]: rodrii_ issued server command: /tell Graef no
[21:33:19] [Server thread/INFO]: [@: Object successfully summoned]
[21:33:19] [Server thread/INFO]: [@: Object successfully summoned]
[21:33:19] [Server thread/INFO]: [@: Object successfully summoned]
[21:33:19] [Server thread/INFO]: [@: Object successfully summoned]
[21:33:22] [Server thread/INFO]: [@: Object successfully summoned]
[21:33:22] [Server thread/INFO]: [@: Object successfully summoned]
[21:33:22] [Server thread/INFO]: [@: Object successfully summoned]
[21:33:22] [Server thread/INFO]: [@: Object successfully summoned]
[21:33:25] [Server thread/INFO]: [@: Object successfully summoned]
[21:33:25] [Server thread/INFO]: [@: Object successfully summoned]
[21:33:25] [Server thread/INFO]: [@: Object successfully summoned]
[21:33:25] [Server thread/INFO]: [@: Object successfully summoned]
[21:33:27] [Server thread/INFO]: jerry_ issued server command: //replace air stained_hardened_clay:4
[21:33:28] [Server thread/INFO]: [@: Object successfully summoned]
[21:33:28] [Server thread/INFO]: [@: Object successfully summoned]
[21:33:28] [Server thread/INFO]: [@: Object successfully summoned]
[21:33:28] [Server thread/INFO]: [@: Object successfully summoned]
[21:33:28] [Server thread/INFO]: rodrii_ issued server command: /effect @p invisibility 9999 255 true
[21:33:28] [Server thread/INFO]: [rodrii_: Given Invisibility (ID 14) * 255 to rodrii_ for 9999 seconds]
[21:33:30] [Server thread/INFO]: [@: Object successfully summoned]
[21:33:30] [Server thread/INFO]: [@: Object successfully summoned]
[21:33:30] [Server thread/INFO]: [@: Object successfully summoned]
[21:33:30] [Server thread/INFO]: [@: Object successfully summoned]
[21:33:32] [Server thread/INFO]: rodrii_ issued server command: /tp Graef
[21:33:32] [Server thread/INFO]: [rodrii_: Teleported rodrii_ to Graef]
[21:33:33] [Server thread/INFO]: [@: Object successfully summoned]
[21:33:33] [Server thread/INFO]: [@: Object successfully summoned]
[21:33:33] [Server thread/INFO]: [@: Object successfully summoned]
[21:33:33] [Server thread/INFO]: [@: Object successfully summoned]
[21:33:36] [Server thread/INFO]: [@: Object successfully summoned]
[21:33:36] [Server thread/INFO]: [@: Object successfully summoned]
[21:33:36] [Server thread/INFO]: [@: Object successfully summoned]
[21:33:36] [Server thread/INFO]: [@: Object successfully summoned]
[21:33:36] [Server thread/INFO]: Graef issued server command: /tell rodrii_ k
[21:33:39] [Server thread/INFO]: [@: Object successfully summoned]
[21:33:39] [Server thread/INFO]: [@: Object successfully summoned]
[21:33:39] [Server thread/INFO]: [@: Object successfully summoned]
[21:33:39] [Server thread/INFO]: [@: Object successfully summoned]
[21:33:42] [Server thread/INFO]: [@: Object successfully summoned]
[21:33:42] [Server thread/INFO]: [@: Object successfully summoned]
[21:33:42] [Server thread/INFO]: [@: Object successfully summoned]
[21:33:42] [Server thread/INFO]: [@: Object successfully summoned]
[21:33:44] [Server thread/INFO]: jerry_ issued server command: //replace air stained_hardened_clay:4
[21:33:44] [Server thread/INFO]: [@: Object successfully summoned]
[21:33:44] [Server thread/INFO]: [@: Object successfully summoned]
[21:33:44] [Server thread/INFO]: [@: Object successfully summoned]
[21:33:44] [Server thread/INFO]: [@: Object successfully summoned]
[21:33:47] [Server thread/INFO]: [@: Object successfully summoned]
[21:33:47] [Server thread/INFO]: [@: Object successfully summoned]
[21:33:47] [Server thread/INFO]: [@: Object successfully summoned]
[21:33:47] [Server thread/INFO]: [@: Object successfully summoned]
[21:33:49] [Server thread/INFO]: Graef issued server command: /home rodrigo
[21:33:50] [Server thread/INFO]: [@: Object successfully summoned]
[21:33:50] [Server thread/INFO]: [@: Object successfully summoned]
[21:33:50] [Server thread/INFO]: [@: Object successfully summoned]
[21:33:50] [Server thread/INFO]: [@: Object successfully summoned]
[21:33:53] [Server thread/INFO]: [@: Object successfully summoned]
[21:33:53] [Server thread/INFO]: [@: Object successfully summoned]
[21:33:53] [Server thread/INFO]: [@: Object successfully summoned]
[21:33:53] [Server thread/INFO]: [@: Object successfully summoned]
[21:33:56] [Server thread/INFO]: [@: Object successfully summoned]
[21:33:56] [Server thread/INFO]: [@: Object successfully summoned]
[21:33:56] [Server thread/INFO]: [@: Object successfully summoned]
[21:33:56] [Server thread/INFO]: [@: Object successfully summoned]
[21:33:57] [Server thread/INFO]: rodrii_ issued server command: /tell Graef we have an incomplete transaction though
[21:33:57] [Server thread/INFO]: jerry_ issued server command: //replace air stained_hardened_clay:4
[21:33:58] [Server thread/INFO]: [@: Object successfully summoned]
[21:33:58] [Server thread/INFO]: [@: Object successfully summoned]
[21:33:58] [Server thread/INFO]: [@: Object successfully summoned]
[21:33:58] [Server thread/INFO]: [@: Object successfully summoned]
[21:33:59] [Server thread/INFO]: rodrii_ issued server command: /tp Graef
[21:33:59] [Server thread/INFO]: [rodrii_: Teleported rodrii_ to Graef]
[21:34:01] [Server thread/INFO]: [@: Object successfully summoned]
[21:34:01] [Server thread/INFO]: [@: Object successfully summoned]
[21:34:01] [Server thread/INFO]: [@: Object successfully summoned]
[21:34:01] [Server thread/INFO]: [@: Object successfully summoned]
[21:34:02] [Server thread/INFO]: Graef issued server command: /tell rodrii_ am i in wpe now?
[21:34:04] [Server thread/INFO]: [@: Object successfully summoned]
[21:34:04] [Server thread/INFO]: [@: Object successfully summoned]
[21:34:04] [Server thread/INFO]: [@: Object successfully summoned]
[21:34:04] [Server thread/INFO]: [@: Object successfully summoned]
[21:34:07] [Server thread/INFO]: [@: Object successfully summoned]
[21:34:07] [Server thread/INFO]: [@: Object successfully summoned]
[21:34:07] [Server thread/INFO]: [@: Object successfully summoned]
[21:34:07] [Server thread/INFO]: [@: Object successfully summoned]
[21:34:08] [Server thread/INFO]: jerry_ issued server command: //replace air stained_hardened_clay:4
[21:34:08] [Server thread/INFO]: rodrii_ issued server command: /clear
[21:34:08] [Server thread/INFO]: [rodrii_: Cleared the inventory of rodrii_, removing 1 items]
[21:34:10] [Server thread/INFO]: [@: Object successfully summoned]
[21:34:10] [Server thread/INFO]: [@: Object successfully summoned]
[21:34:10] [Server thread/INFO]: [@: Object successfully summoned]
[21:34:10] [Server thread/INFO]: [@: Object successfully summoned]
[21:34:12] [Server thread/INFO]: [@: Object successfully summoned]
[21:34:12] [Server thread/INFO]: [@: Object successfully summoned]
[21:34:12] [Server thread/INFO]: [@: Object successfully summoned]
[21:34:12] [Server thread/INFO]: [@: Object successfully summoned]
[21:34:15] [Server thread/INFO]: [@: Object successfully summoned]
[21:34:15] [Server thread/INFO]: [@: Object successfully summoned]
[21:34:15] [Server thread/INFO]: [@: Object successfully summoned]
[21:34:15] [Server thread/INFO]: [@: Object successfully summoned]
[21:34:18] [Server thread/INFO]: [@: Object successfully summoned]
[21:34:18] [Server thread/INFO]: [@: Object successfully summoned]
[21:34:18] [Server thread/INFO]: [@: Object successfully summoned]
[21:34:18] [Server thread/INFO]: [@: Object successfully summoned]
[21:34:19] [Server thread/INFO]: rodrii_ issued server command: /tell Graef no i still gotta kill you
[21:34:21] [Server thread/INFO]: [@: Object successfully summoned]
[21:34:21] [Server thread/INFO]: [@: Object successfully summoned]
[21:34:21] [Server thread/INFO]: [@: Object successfully summoned]
[21:34:21] [Server thread/INFO]: [@: Object successfully summoned]
[21:34:24] [Server thread/INFO]: [@: Object successfully summoned]
[21:34:24] [Server thread/INFO]: [@: Object successfully summoned]
[21:34:24] [Server thread/INFO]: [@: Object successfully summoned]
[21:34:24] [Server thread/INFO]: [@: Object successfully summoned]
[21:34:26] [Server thread/INFO]: [@: Object successfully summoned]
[21:34:26] [Server thread/INFO]: [@: Object successfully summoned]
[21:34:26] [Server thread/INFO]: [@: Object successfully summoned]
[21:34:26] [Server thread/INFO]: [@: Object successfully summoned]
[21:34:27] [Server thread/INFO]: jerry_ issued server command: //replace air stained_hardened_clay:4
[21:34:29] [Server thread/INFO]: [@: Object successfully summoned]
[21:34:29] [Server thread/INFO]: [@: Object successfully summoned]
[21:34:29] [Server thread/INFO]: [@: Object successfully summoned]
[21:34:29] [Server thread/INFO]: [@: Object successfully summoned]
[21:34:32] [Server thread/INFO]: [@: Object successfully summoned]
[21:34:32] [Server thread/INFO]: [@: Object successfully summoned]
[21:34:32] [Server thread/INFO]: [@: Object successfully summoned]
[21:34:32] [Server thread/INFO]: [@: Object successfully summoned]
[21:34:34] [Server thread/INFO]: Graef issued server command: /tell rodrii_ can i have my levels back?
[21:34:35] [Server thread/INFO]: [@: Object successfully summoned]
[21:34:35] [Server thread/INFO]: [@: Object successfully summoned]
[21:34:35] [Server thread/INFO]: [@: Object successfully summoned]
[21:34:35] [Server thread/INFO]: [@: Object successfully summoned]
[21:34:36] [Server thread/INFO]: rodrii_ issued server command: /enchant @p sharpness 5
[21:34:36] [Server thread/INFO]: [rodrii_: Enchanting succeeded]
[21:34:38] [Server thread/INFO]: [@: Object successfully summoned]
[21:34:38] [Server thread/INFO]: [@: Object successfully summoned]
[21:34:38] [Server thread/INFO]: [@: Object successfully summoned]
[21:34:38] [Server thread/INFO]: [@: Object successfully summoned]
[21:34:38] [Server thread/INFO]: jerry_ issued server command: /
[21:34:40] [Server thread/INFO]: jerry_ issued server command: //replace air stained_hardened_clay:4
[21:34:40] [Server thread/INFO]: [@: Object successfully summoned]
[21:34:40] [Server thread/INFO]: [@: Object successfully summoned]
[21:34:40] [Server thread/INFO]: [@: Object successfully summoned]
[21:34:40] [Server thread/INFO]: [@: Object successfully summoned]
[21:34:41] [Server thread/INFO]: rodrii_ issued server command: /enchant @p fire_aspect 2
[21:34:41] [Server thread/INFO]: [rodrii_: Enchanting succeeded]
[21:34:43] [Server thread/INFO]: [@: Object successfully summoned]
[21:34:43] [Server thread/INFO]: [@: Object successfully summoned]
[21:34:43] [Server thread/INFO]: [@: Object successfully summoned]
[21:34:43] [Server thread/INFO]: [@: Object successfully summoned]
[21:34:46] [Server thread/INFO]: [@: Object successfully summoned]
[21:34:46] [Server thread/INFO]: [@: Object successfully summoned]
[21:34:46] [Server thread/INFO]: [@: Object successfully summoned]
[21:34:46] [Server thread/INFO]: [@: Object successfully summoned]
[21:34:47] [Server thread/INFO]: rodrii_ issued server command: /enchant @p unbreaking 3
[21:34:47] [Server thread/INFO]: [rodrii_: Enchanting succeeded]
[21:34:49] [Server thread/INFO]: [@: Object successfully summoned]
[21:34:49] [Server thread/INFO]: [@: Object successfully summoned]
[21:34:49] [Server thread/INFO]: [@: Object successfully summoned]
[21:34:49] [Server thread/INFO]: [@: Object successfully summoned]
[21:34:52] [Server thread/INFO]: [@: Object successfully summoned]
[21:34:52] [Server thread/INFO]: [@: Object successfully summoned]
[21:34:52] [Server thread/INFO]: [@: Object successfully summoned]
[21:34:52] [Server thread/INFO]: [@: Object successfully summoned]
[21:34:52] [Server thread/INFO]: jerry_ issued server command: //replace air stained_hardened_clay:4
[21:34:53] [Server thread/INFO]: rodrii_ issued server command: /enchant @p looting 3
[21:34:53] [Server thread/INFO]: [rodrii_: Enchanting succeeded]
[21:34:54] [Server thread/INFO]: [@: Object successfully summoned]
[21:34:54] [Server thread/INFO]: [@: Object successfully summoned]
[21:34:54] [Server thread/INFO]: [@: Object successfully summoned]
[21:34:54] [Server thread/INFO]: [@: Object successfully summoned]
[21:34:57] [Server thread/INFO]: jerry_ issued server command: //replace air stained_hardened_clay:4
[21:34:57] [Server thread/INFO]: [@: Object successfully summoned]
[21:34:57] [Server thread/INFO]: [@: Object successfully summoned]
[21:34:57] [Server thread/INFO]: [@: Object successfully summoned]
[21:34:57] [Server thread/INFO]: [@: Object successfully summoned]
[21:35:00] [Server thread/INFO]: [@: Object successfully summoned]
[21:35:00] [Server thread/INFO]: [@: Object successfully summoned]
[21:35:00] [Server thread/INFO]: [@: Object successfully summoned]
[21:35:00] [Server thread/INFO]: [@: Object successfully summoned]
[21:35:02] [Server thread/INFO]: rodrii_ issued server command: /tell Graef no, part of the price
[21:35:02] [Server thread/INFO]: jerry_ issued server command: //replace air stained_hardened_clay:4
[21:35:03] [Server thread/INFO]: [@: Object successfully summoned]
[21:35:03] [Server thread/INFO]: [@: Object successfully summoned]
[21:35:03] [Server thread/INFO]: [@: Object successfully summoned]
[21:35:03] [Server thread/INFO]: [@: Object successfully summoned]
[21:35:06] [Server thread/INFO]: [@: Object successfully summoned]
[21:35:06] [Server thread/INFO]: [@: Object successfully summoned]
[21:35:06] [Server thread/INFO]: [@: Object successfully summoned]
[21:35:06] [Server thread/INFO]: [@: Object successfully summoned]
[21:35:07] [Server thread/INFO]: rodrii_ issued server command: /tell Graef ready?
[21:35:08] [Server thread/INFO]: [@: Object successfully summoned]
[21:35:08] [Server thread/INFO]: [@: Object successfully summoned]
[21:35:08] [Server thread/INFO]: [@: Object successfully summoned]
[21:35:08] [Server thread/INFO]: [@: Object successfully summoned]
[21:35:11] [Server thread/INFO]: [@: Object successfully summoned]
[21:35:11] [Server thread/INFO]: [@: Object successfully summoned]
[21:35:11] [Server thread/INFO]: [@: Object successfully summoned]
[21:35:11] [Server thread/INFO]: [@: Object successfully summoned]
[21:35:14] [Server thread/INFO]: [@: Object successfully summoned]
[21:35:14] [Server thread/INFO]: [@: Object successfully summoned]
[21:35:14] [Server thread/INFO]: [@: Object successfully summoned]
[21:35:14] [Server thread/INFO]: [@: Object successfully summoned]
[21:35:17] [Server thread/INFO]: Graef was slain by rodrii_
[21:35:17] [Server thread/INFO]: [@: Object successfully summoned]
[21:35:17] [Server thread/INFO]: [@: Object successfully summoned]
[21:35:17] [Server thread/INFO]: [@: Object successfully summoned]
[21:35:17] [Server thread/INFO]: [@: Object successfully summoned]
[21:35:17] [Server thread/INFO]: jerry_ issued server command: //replace air stained_hardened_clay:4
[21:35:20] [Server thread/INFO]: [@: Object successfully summoned]
[21:35:20] [Server thread/INFO]: [@: Object successfully summoned]
[21:35:20] [Server thread/INFO]: [@: Object successfully summoned]
[21:35:20] [Server thread/INFO]: [@: Object successfully summoned]
[21:35:22] [Server thread/INFO]: [@: Object successfully summoned]
[21:35:22] [Server thread/INFO]: [@: Object successfully summoned]
[21:35:22] [Server thread/INFO]: [@: Object successfully summoned]
[21:35:22] [Server thread/INFO]: [@: Object successfully summoned]
[21:35:23] [Server thread/INFO]: jerry_ issued server command: //replace air stained_hardened_clay:4
[21:35:23] [Server thread/INFO]: Graef issued server command: /home rodrii_
[21:35:25] [Server thread/INFO]: [@: Object successfully summoned]
[21:35:25] [Server thread/INFO]: [@: Object successfully summoned]
[21:35:25] [Server thread/INFO]: [@: Object successfully summoned]
[21:35:25] [Server thread/INFO]: [@: Object successfully summoned]
[21:35:28] [Server thread/INFO]: [@: Object successfully summoned]
[21:35:28] [Server thread/INFO]: [@: Object successfully summoned]
[21:35:28] [Server thread/INFO]: [@: Object successfully summoned]
[21:35:28] [Server thread/INFO]: [@: Object successfully summoned]
[21:35:28] [Server thread/INFO]: Graef issued server command: /home rodrigo
[21:35:31] [Server thread/INFO]: [@: Object successfully summoned]
[21:35:31] [Server thread/INFO]: [@: Object successfully summoned]
[21:35:31] [Server thread/INFO]: [@: Object successfully summoned]
[21:35:31] [Server thread/INFO]: [@: Object successfully summoned]
[21:35:34] [Server thread/INFO]: [@: Object successfully summoned]
[21:35:34] [Server thread/INFO]: [@: Object successfully summoned]
[21:35:34] [Server thread/INFO]: [@: Object successfully summoned]
[21:35:34] [Server thread/INFO]: [@: Object successfully summoned]
[21:35:36] [Server thread/INFO]: [@: Object successfully summoned]
[21:35:36] [Server thread/INFO]: [@: Object successfully summoned]
[21:35:36] [Server thread/INFO]: [@: Object successfully summoned]
[21:35:36] [Server thread/INFO]: [@: Object successfully summoned]
[21:35:39] [Server thread/INFO]: [@: Object successfully summoned]
[21:35:39] [Server thread/INFO]: [@: Object successfully summoned]
[21:35:39] [Server thread/INFO]: [@: Object successfully summoned]
[21:35:39] [Server thread/INFO]: [@: Object successfully summoned]
[21:35:42] [Server thread/INFO]: [@: Object successfully summoned]
[21:35:42] [Server thread/INFO]: [@: Object successfully summoned]
[21:35:42] [Server thread/INFO]: [@: Object successfully summoned]
[21:35:42] [Server thread/INFO]: [@: Object successfully summoned]
[21:35:45] [Server thread/INFO]: [@: Object successfully summoned]
[21:35:45] [Server thread/INFO]: [@: Object successfully summoned]
[21:35:45] [Server thread/INFO]: [@: Object successfully summoned]
[21:35:45] [Server thread/INFO]: [@: Object successfully summoned]
[21:35:47] [Server thread/INFO]: rodrii_ issued server command: /tell Graef you have officially sold your soul and are a wpe member
[21:35:48] [Server thread/INFO]: [@: Object successfully summoned]
[21:35:48] [Server thread/INFO]: [@: Object successfully summoned]
[21:35:48] [Server thread/INFO]: [@: Object successfully summoned]
[21:35:48] [Server thread/INFO]: [@: Object successfully summoned]
[21:35:50] [Server thread/INFO]: [@: Object successfully summoned]
[21:35:50] [Server thread/INFO]: [@: Object successfully summoned]
[21:35:50] [Server thread/INFO]: [@: Object successfully summoned]
[21:35:50] [Server thread/INFO]: [@: Object successfully summoned]
[21:35:53] [Server thread/INFO]: [@: Object successfully summoned]
[21:35:53] [Server thread/INFO]: [@: Object successfully summoned]
[21:35:53] [Server thread/INFO]: [@: Object successfully summoned]
[21:35:53] [Server thread/INFO]: [@: Object successfully summoned]
[21:35:55] [Server thread/INFO]: jerry_ issued server command: //replace air stained_hardened_clay:4
[21:35:56] [Server thread/INFO]: [@: Object successfully summoned]
[21:35:56] [Server thread/INFO]: [@: Object successfully summoned]
[21:35:56] [Server thread/INFO]: [@: Object successfully summoned]
[21:35:56] [Server thread/INFO]: [@: Object successfully summoned]
[21:35:57] [Server thread/INFO]: rodrii_ issued server command: /tell Graef you have no obligations at the moment
[21:35:59] [Server thread/INFO]: [@: Object successfully summoned]
[21:35:59] [Server thread/INFO]: [@: Object successfully summoned]
[21:35:59] [Server thread/INFO]: [@: Object successfully summoned]
[21:35:59] [Server thread/INFO]: [@: Object successfully summoned]
[21:36:02] [Server thread/INFO]: [@: Object successfully summoned]
[21:36:02] [Server thread/INFO]: [@: Object successfully summoned]
[21:36:02] [Server thread/INFO]: [@: Object successfully summoned]
[21:36:02] [Server thread/INFO]: [@: Object successfully summoned]
[21:36:02] [Server thread/INFO]: jerry_ issued server command: /
[21:36:04] [Server thread/INFO]: jerry_ issued server command: //replace air stained_hardened_clay:4
[21:36:04] [Server thread/INFO]: [@: Object successfully summoned]
[21:36:04] [Server thread/INFO]: [@: Object successfully summoned]
[21:36:04] [Server thread/INFO]: [@: Object successfully summoned]
[21:36:04] [Server thread/INFO]: [@: Object successfully summoned]
[21:36:05] [Server thread/INFO]: Graef issued server command: /tell rodrii_ k
[21:36:07] [Server thread/INFO]: [@: Object successfully summoned]
[21:36:07] [Server thread/INFO]: [@: Object successfully summoned]
[21:36:07] [Server thread/INFO]: [@: Object successfully summoned]
[21:36:07] [Server thread/INFO]: [@: Object successfully summoned]
[21:36:10] [Server thread/INFO]: [@: Object successfully summoned]
[21:36:10] [Server thread/INFO]: [@: Object successfully summoned]
[21:36:10] [Server thread/INFO]: [@: Object successfully summoned]
[21:36:10] [Server thread/INFO]: [@: Object successfully summoned]
[21:36:12] [Server thread/INFO]: jerry_ issued server command: //replace air stained_hardened_clay:4
[21:36:12] [Server thread/INFO]: rodrii_ issued server command: /tp Jerry
[21:36:12] [Server thread/INFO]: [rodrii_: The entity UUID provided is in an invalid format]
[21:36:13] [Server thread/INFO]: [@: Object successfully summoned]
[21:36:13] [Server thread/INFO]: [@: Object successfully summoned]
[21:36:13] [Server thread/INFO]: [@: Object successfully summoned]
[21:36:13] [Server thread/INFO]: [@: Object successfully summoned]
[21:36:16] [Server thread/INFO]: [@: Object successfully summoned]
[21:36:16] [Server thread/INFO]: [@: Object successfully summoned]
[21:36:16] [Server thread/INFO]: [@: Object successfully summoned]
[21:36:16] [Server thread/INFO]: [@: Object successfully summoned]
[21:36:18] [Server thread/INFO]: [@: Object successfully summoned]
[21:36:18] [Server thread/INFO]: [@: Object successfully summoned]
[21:36:18] [Server thread/INFO]: [@: Object successfully summoned]
[21:36:18] [Server thread/INFO]: [@: Object successfully summoned]
[21:36:19] [Server thread/INFO]: rodrii_ issued server command: /tp jerry_
[21:36:19] [Server thread/INFO]: [rodrii_: Teleported rodrii_ to jerry_]
[21:36:21] [Server thread/INFO]: [@: Object successfully summoned]
[21:36:21] [Server thread/INFO]: [@: Object successfully summoned]
[21:36:21] [Server thread/INFO]: [@: Object successfully summoned]
[21:36:21] [Server thread/INFO]: [@: Object successfully summoned]
[21:36:24] [Server thread/INFO]: [@: Object successfully summoned]
[21:36:24] [Server thread/INFO]: [@: Object successfully summoned]
[21:36:24] [Server thread/INFO]: [@: Object successfully summoned]
[21:36:24] [Server thread/INFO]: [@: Object successfully summoned]
[21:36:27] [Server thread/INFO]: [@: Object successfully summoned]
[21:36:27] [Server thread/INFO]: [@: Object successfully summoned]
[21:36:27] [Server thread/INFO]: [@: Object successfully summoned]
[21:36:27] [Server thread/INFO]: [@: Object successfully summoned]
[21:36:28] [Server thread/INFO]: rodrii_ issued server command: /effect @p clear
[21:36:28] [Server thread/INFO]: [rodrii_: Took all effects from rodrii_]
[21:36:30] [Server thread/INFO]: [@: Object successfully summoned]
[21:36:30] [Server thread/INFO]: [@: Object successfully summoned]
[21:36:30] [Server thread/INFO]: [@: Object successfully summoned]
[21:36:30] [Server thread/INFO]: [@: Object successfully summoned]
[21:36:32] [Server thread/INFO]: [@: Object successfully summoned]
[21:36:32] [Server thread/INFO]: [@: Object successfully summoned]
[21:36:32] [Server thread/INFO]: [@: Object successfully summoned]
[21:36:32] [Server thread/INFO]: [@: Object successfully summoned]
[21:36:34] [Async Chat Thread - #11/INFO]: <jerry_> hi[m

[21:36:35] [Server thread/INFO]: rodrii_ issued server command: /tell jerry_ hey buddy
[21:36:35] [Server thread/INFO]: [@: Object successfully summoned]
[21:36:35] [Server thread/INFO]: [@: Object successfully summoned]
[21:36:35] [Server thread/INFO]: [@: Object successfully summoned]
[21:36:35] [Server thread/INFO]: [@: Object successfully summoned]
[21:36:38] [Server thread/INFO]: [@: Object successfully summoned]
[21:36:38] [Server thread/INFO]: [@: Object successfully summoned]
[21:36:38] [Server thread/INFO]: [@: Object successfully summoned]
[21:36:38] [Server thread/INFO]: [@: Object successfully summoned]
[21:36:41] [Server thread/INFO]: [@: Object successfully summoned]
[21:36:41] [Server thread/INFO]: [@: Object successfully summoned]
[21:36:41] [Server thread/INFO]: [@: Object successfully summoned]
[21:36:41] [Server thread/INFO]: [@: Object successfully summoned]
[21:36:42] [Async Chat Thread - #11/INFO]: <jerry_> hi[m

[21:36:44] [Server thread/INFO]: [@: Object successfully summoned]
[21:36:44] [Server thread/INFO]: [@: Object successfully summoned]
[21:36:44] [Server thread/INFO]: [@: Object successfully summoned]
[21:36:44] [Server thread/INFO]: [@: Object successfully summoned]
[21:36:46] [Server thread/INFO]: jerry_ issued server command: //replace air stained_hardened_clay:4
[21:36:46] [Server thread/INFO]: [@: Object successfully summoned]
[21:36:46] [Server thread/INFO]: [@: Object successfully summoned]
[21:36:46] [Server thread/INFO]: [@: Object successfully summoned]
[21:36:46] [Server thread/INFO]: [@: Object successfully summoned]
[21:36:46] [Server thread/INFO]: rodrii_ issued server command: /tell jerry_ being an admin means youre a wpe member
[21:36:49] [Server thread/INFO]: [@: Object successfully summoned]
[21:36:49] [Server thread/INFO]: [@: Object successfully summoned]
[21:36:49] [Server thread/INFO]: [@: Object successfully summoned]
[21:36:49] [Server thread/INFO]: [@: Object successfully summoned]
[21:36:52] [Server thread/INFO]: [@: Object successfully summoned]
[21:36:52] [Server thread/INFO]: [@: Object successfully summoned]
[21:36:52] [Server thread/INFO]: [@: Object successfully summoned]
[21:36:52] [Server thread/INFO]: [@: Object successfully summoned]
[21:36:55] [Server thread/INFO]: [@: Object successfully summoned]
[21:36:55] [Server thread/INFO]: [@: Object successfully summoned]
[21:36:55] [Server thread/INFO]: [@: Object successfully summoned]
[21:36:55] [Server thread/INFO]: [@: Object successfully summoned]
[21:36:56] [Server thread/INFO]: Graef issued server command: /tell rodrii_ could you enchant my aurmor and sword?
[21:36:57] [Server thread/INFO]: rodrii_ issued server command: /tell jerry_ which means u gotta sell your soul
[21:36:58] [Server thread/INFO]: [@: Object successfully summoned]
[21:36:58] [Server thread/INFO]: [@: Object successfully summoned]
[21:36:58] [Server thread/INFO]: [@: Object successfully summoned]
[21:36:58] [Server thread/INFO]: [@: Object successfully summoned]
[21:37:00] [Server thread/INFO]: [@: Object successfully summoned]
[21:37:00] [Server thread/INFO]: [@: Object successfully summoned]
[21:37:00] [Server thread/INFO]: [@: Object successfully summoned]
[21:37:00] [Server thread/INFO]: [@: Object successfully summoned]
[21:37:02] [Async Chat Thread - #11/INFO]: <jerry_> oh[m

[21:37:03] [Server thread/INFO]: [@: Object successfully summoned]
[21:37:03] [Server thread/INFO]: [@: Object successfully summoned]
[21:37:03] [Server thread/INFO]: [@: Object successfully summoned]
[21:37:03] [Server thread/INFO]: [@: Object successfully summoned]
[21:37:06] [Server thread/INFO]: [@: Object successfully summoned]
[21:37:06] [Server thread/INFO]: [@: Object successfully summoned]
[21:37:06] [Server thread/INFO]: [@: Object successfully summoned]
[21:37:06] [Server thread/INFO]: [@: Object successfully summoned]
[21:37:07] [Async Chat Thread - #11/INFO]: <jerry_> oh[m

[21:37:09] [Server thread/INFO]: [@: Object successfully summoned]
[21:37:09] [Server thread/INFO]: [@: Object successfully summoned]
[21:37:09] [Server thread/INFO]: [@: Object successfully summoned]
[21:37:09] [Server thread/INFO]: [@: Object successfully summoned]
[21:37:10] [Server thread/INFO]: rodrii_ issued server command: /tell jerry_ (i gotta kill you)
[21:37:12] [Server thread/INFO]: [@: Object successfully summoned]
[21:37:12] [Server thread/INFO]: [@: Object successfully summoned]
[21:37:12] [Server thread/INFO]: [@: Object successfully summoned]
[21:37:12] [Server thread/INFO]: [@: Object successfully summoned]
[21:37:12] [Server thread/INFO]: jerry_ issued server command: //replace air stained_hardened_clay:4
[21:37:14] [Server thread/INFO]: [@: Object successfully summoned]
[21:37:14] [Server thread/INFO]: [@: Object successfully summoned]
[21:37:14] [Server thread/INFO]: [@: Object successfully summoned]
[21:37:14] [Server thread/INFO]: [@: Object successfully summoned]
[21:37:16] [Async Chat Thread - #11/INFO]: <jerry_> ok[m

[21:37:17] [Server thread/INFO]: [@: Object successfully summoned]
[21:37:17] [Server thread/INFO]: [@: Object successfully summoned]
[21:37:17] [Server thread/INFO]: [@: Object successfully summoned]
[21:37:17] [Server thread/INFO]: [@: Object successfully summoned]
[21:37:20] [Server thread/INFO]: [@: Object successfully summoned]
[21:37:20] [Server thread/INFO]: [@: Object successfully summoned]
[21:37:20] [Server thread/INFO]: [@: Object successfully summoned]
[21:37:20] [Server thread/INFO]: [@: Object successfully summoned]
[21:37:21] [Server thread/INFO]: rodrii_ issued server command: /tell jerry_ denying it is a ban
[21:37:23] [Server thread/INFO]: [@: Object successfully summoned]
[21:37:23] [Server thread/INFO]: [@: Object successfully summoned]
[21:37:23] [Server thread/INFO]: [@: Object successfully summoned]
[21:37:23] [Server thread/INFO]: [@: Object successfully summoned]
[21:37:26] [Server thread/INFO]: [@: Object successfully summoned]
[21:37:26] [Server thread/INFO]: [@: Object successfully summoned]
[21:37:26] [Server thread/INFO]: [@: Object successfully summoned]
[21:37:26] [Server thread/INFO]: [@: Object successfully summoned]
[21:37:26] [Server thread/INFO]: rodrii_ issued server command: /tell jerry_ ok
[21:37:28] [Server thread/INFO]: [@: Object successfully summoned]
[21:37:28] [Server thread/INFO]: [@: Object successfully summoned]
[21:37:28] [Server thread/INFO]: [@: Object successfully summoned]
[21:37:28] [Server thread/INFO]: [@: Object successfully summoned]
[21:37:31] [Server thread/INFO]: jerry_ issued server command: //replace air stained_hardened_clay:4
[21:37:31] [Server thread/INFO]: rodrii_ issued server command: /gamemode s jerry_
[21:37:31] [Server thread/INFO]: [rodrii_: Set jerry_'s game mode to Survival Mode]
[21:37:31] [Server thread/INFO]: [@: Object successfully summoned]
[21:37:31] [Server thread/INFO]: [@: Object successfully summoned]
[21:37:31] [Server thread/INFO]: [@: Object successfully summoned]
[21:37:31] [Server thread/INFO]: [@: Object successfully summoned]
[21:37:34] [Server thread/INFO]: [@: Object successfully summoned]
[21:37:34] [Server thread/INFO]: [@: Object successfully summoned]
[21:37:34] [Server thread/INFO]: [@: Object successfully summoned]
[21:37:34] [Server thread/INFO]: [@: Object successfully summoned]
[21:37:34] [Server thread/INFO]: jerry_ was slain by rodrii_
[21:37:37] [Server thread/INFO]: [@: Object successfully summoned]
[21:37:37] [Server thread/INFO]: [@: Object successfully summoned]
[21:37:37] [Server thread/INFO]: [@: Object successfully summoned]
[21:37:37] [Server thread/INFO]: [@: Object successfully summoned]
[21:37:40] [Server thread/INFO]: [@: Object successfully summoned]
[21:37:40] [Server thread/INFO]: [@: Object successfully summoned]
[21:37:40] [Server thread/INFO]: [@: Object successfully summoned]
[21:37:40] [Server thread/INFO]: [@: Object successfully summoned]
[21:37:40] [Server thread/INFO]: jerry_ issued server command: /back
[21:37:42] [Async Chat Thread - #11/INFO]: <nude_dude> rodrii[m

[21:37:42] [Server thread/INFO]: [@: Object successfully summoned]
[21:37:42] [Server thread/INFO]: [@: Object successfully summoned]
[21:37:42] [Server thread/INFO]: [@: Object successfully summoned]
[21:37:42] [Server thread/INFO]: [@: Object successfully summoned]
[21:37:45] [Server thread/INFO]: [@: Object successfully summoned]
[21:37:45] [Server thread/INFO]: [@: Object successfully summoned]
[21:37:45] [Server thread/INFO]: [@: Object successfully summoned]
[21:37:45] [Server thread/INFO]: [@: Object successfully summoned]
[21:37:45] [Async Chat Thread - #11/INFO]: <nude_dude> trade[m

[21:37:45] [Server thread/INFO]: jerry_ issued server command: /back
[21:37:48] [Server thread/INFO]: [@: Object successfully summoned]
[21:37:48] [Server thread/INFO]: [@: Object successfully summoned]
[21:37:48] [Server thread/INFO]: [@: Object successfully summoned]
[21:37:48] [Server thread/INFO]: [@: Object successfully summoned]
[21:37:51] [Server thread/INFO]: [@: Object successfully summoned]
[21:37:51] [Server thread/INFO]: [@: Object successfully summoned]
[21:37:51] [Server thread/INFO]: [@: Object successfully summoned]
[21:37:51] [Server thread/INFO]: [@: Object successfully summoned]
[21:37:52] [Server thread/INFO]: rodrii_ issued server command: /tell jerry_ youre now an official member thank u
[21:37:54] [Server thread/INFO]: [@: Object successfully summoned]
[21:37:54] [Server thread/INFO]: [@: Object successfully summoned]
[21:37:54] [Server thread/INFO]: [@: Object successfully summoned]
[21:37:54] [Server thread/INFO]: [@: Object successfully summoned]
[21:37:56] [Server thread/INFO]: [@: Object successfully summoned]
[21:37:56] [Server thread/INFO]: [@: Object successfully summoned]
[21:37:56] [Server thread/INFO]: [@: Object successfully summoned]
[21:37:56] [Server thread/INFO]: [@: Object successfully summoned]
[21:37:57] [Async Chat Thread - #11/INFO]: <jerry_> yw[m

[21:37:58] [Server thread/INFO]: rodrii_ issued server command: /gamemode c jerry_
[21:37:58] [Server thread/INFO]: [rodrii_: Set jerry_'s game mode to Creative Mode]
[21:37:59] [Server thread/INFO]: [@: Object successfully summoned]
[21:37:59] [Server thread/INFO]: [@: Object successfully summoned]
[21:37:59] [Server thread/INFO]: [@: Object successfully summoned]
[21:37:59] [Server thread/INFO]: [@: Object successfully summoned]
[21:38:02] [Server thread/INFO]: jerry_ issued server command: /
[21:38:02] [Server thread/INFO]: [@: Object successfully summoned]
[21:38:02] [Server thread/INFO]: [@: Object successfully summoned]
[21:38:02] [Server thread/INFO]: [@: Object successfully summoned]
[21:38:02] [Server thread/INFO]: [@: Object successfully summoned]
[21:38:02] [Server thread/INFO]: rodrii_ issued server command: /tp nude_dude
[21:38:02] [Server thread/INFO]: [rodrii_: Teleported rodrii_ to nude_dude]
[21:38:04] [Async Chat Thread - #11/INFO]: <rodrii_> wsg[m

[21:38:05] [Server thread/INFO]: [@: Object successfully summoned]
[21:38:05] [Server thread/INFO]: [@: Object successfully summoned]
[21:38:05] [Server thread/INFO]: [@: Object successfully summoned]
[21:38:05] [Server thread/INFO]: [@: Object successfully summoned]
[21:38:08] [Server thread/INFO]: [@: Object successfully summoned]
[21:38:08] [Server thread/INFO]: [@: Object successfully summoned]
[21:38:08] [Server thread/INFO]: [@: Object successfully summoned]
[21:38:08] [Server thread/INFO]: [@: Object successfully summoned]
[21:38:10] [Async Chat Thread - #11/INFO]: <Graef> jack you should give me my iron back[m

[21:38:10] [Server thread/INFO]: [@: Object successfully summoned]
[21:38:10] [Server thread/INFO]: [@: Object successfully summoned]
[21:38:10] [Server thread/INFO]: [@: Object successfully summoned]
[21:38:10] [Server thread/INFO]: [@: Object successfully summoned]
[21:38:11] [Server thread/INFO]: jerry_ issued server command: /
[21:38:13] [Server thread/INFO]: [@: Object successfully summoned]
[21:38:13] [Server thread/INFO]: [@: Object successfully summoned]
[21:38:13] [Server thread/INFO]: [@: Object successfully summoned]
[21:38:13] [Server thread/INFO]: [@: Object successfully summoned]
[21:38:14] [Async Chat Thread - #11/INFO]: <nude_dude> xp bottles[m

[21:38:14] [Server thread/INFO]: jerry_ issued server command: //replace air stained_hardened_clay:4
[21:38:16] [Server thread/INFO]: [@: Object successfully summoned]
[21:38:16] [Server thread/INFO]: [@: Object successfully summoned]
[21:38:16] [Server thread/INFO]: [@: Object successfully summoned]
[21:38:16] [Server thread/INFO]: [@: Object successfully summoned]
[21:38:19] [Server thread/INFO]: [@: Object successfully summoned]
[21:38:19] [Server thread/INFO]: [@: Object successfully summoned]
[21:38:19] [Server thread/INFO]: [@: Object successfully summoned]
[21:38:19] [Server thread/INFO]: [@: Object successfully summoned]
[21:38:22] [Server thread/INFO]: [@: Object successfully summoned]
[21:38:22] [Server thread/INFO]: [@: Object successfully summoned]
[21:38:22] [Server thread/INFO]: [@: Object successfully summoned]
[21:38:22] [Server thread/INFO]: [@: Object successfully summoned]
[21:38:24] [Server thread/INFO]: jerry_ issued server command: //replace air stained_hardened_clay:4
[21:38:24] [Server thread/INFO]: [@: Object successfully summoned]
[21:38:24] [Server thread/INFO]: [@: Object successfully summoned]
[21:38:24] [Server thread/INFO]: [@: Object successfully summoned]
[21:38:24] [Server thread/INFO]: [@: Object successfully summoned]
[21:38:26] [Async Chat Thread - #11/INFO]: <nude_dude> i dont have it[m

[21:38:27] [Async Chat Thread - #11/INFO]: <Graef> my stck of iron[m

[21:38:27] [Server thread/INFO]: [@: Object successfully summoned]
[21:38:27] [Server thread/INFO]: [@: Object successfully summoned]
[21:38:27] [Server thread/INFO]: [@: Object successfully summoned]
[21:38:27] [Server thread/INFO]: [@: Object successfully summoned]
[21:38:30] [Server thread/INFO]: [@: Object successfully summoned]
[21:38:30] [Server thread/INFO]: [@: Object successfully summoned]
[21:38:30] [Server thread/INFO]: [@: Object successfully summoned]
[21:38:30] [Server thread/INFO]: [@: Object successfully summoned]
[21:38:33] [Server thread/INFO]: [@: Object successfully summoned]
[21:38:33] [Server thread/INFO]: [@: Object successfully summoned]
[21:38:33] [Server thread/INFO]: [@: Object successfully summoned]
[21:38:33] [Server thread/INFO]: [@: Object successfully summoned]
[21:38:34] [Async Chat Thread - #11/INFO]: <Graef> stack[m

[21:38:36] [Server thread/INFO]: [@: Object successfully summoned]
[21:38:36] [Server thread/INFO]: [@: Object successfully summoned]
[21:38:36] [Server thread/INFO]: [@: Object successfully summoned]
[21:38:36] [Server thread/INFO]: [@: Object successfully summoned]
[21:38:36] [Server thread/INFO]: jerry_ issued server command: //replace air stained_hardened_clay:4
[21:38:38] [Server thread/INFO]: [@: Object successfully summoned]
[21:38:38] [Server thread/INFO]: [@: Object successfully summoned]
[21:38:38] [Server thread/INFO]: [@: Object successfully summoned]
[21:38:38] [Server thread/INFO]: [@: Object successfully summoned]
[21:38:39] [Async Chat Thread - #11/INFO]: <Graef> where did it go[m

[21:38:41] [Server thread/INFO]: [@: Object successfully summoned]
[21:38:41] [Server thread/INFO]: [@: Object successfully summoned]
[21:38:41] [Server thread/INFO]: [@: Object successfully summoned]
[21:38:41] [Server thread/INFO]: [@: Object successfully summoned]
[21:38:44] [Async Chat Thread - #11/INFO]: <nude_dude> i have my stack from my base but[m

[21:38:44] [Server thread/INFO]: [@: Object successfully summoned]
[21:38:44] [Server thread/INFO]: [@: Object successfully summoned]
[21:38:44] [Server thread/INFO]: [@: Object successfully summoned]
[21:38:44] [Server thread/INFO]: [@: Object successfully summoned]
[21:38:45] [Server thread/INFO]: rodrii_ issued server command: /tp Steve
[21:38:45] [Server thread/INFO]: [rodrii_: Teleported rodrii_ to Steve]
[21:38:47] [Server thread/INFO]: [@: Object successfully summoned]
[21:38:47] [Server thread/INFO]: [@: Object successfully summoned]
[21:38:47] [Server thread/INFO]: [@: Object successfully summoned]
[21:38:47] [Server thread/INFO]: [@: Object successfully summoned]
[21:38:50] [Server thread/INFO]: [@: Object successfully summoned]
[21:38:50] [Server thread/INFO]: [@: Object successfully summoned]
[21:38:50] [Server thread/INFO]: [@: Object successfully summoned]
[21:38:50] [Server thread/INFO]: [@: Object successfully summoned]
[21:38:50] [Async Chat Thread - #11/INFO]: <nude_dude> rodrii killed me[m

[21:38:52] [Server thread/INFO]: [@: Object successfully summoned]
[21:38:52] [Server thread/INFO]: [@: Object successfully summoned]
[21:38:52] [Server thread/INFO]: [@: Object successfully summoned]
[21:38:52] [Server thread/INFO]: [@: Object successfully summoned]
[21:38:55] [Async Chat Thread - #11/INFO]: <Graef> lol[m

[21:38:55] [Server thread/INFO]: [@: Object successfully summoned]
[21:38:55] [Server thread/INFO]: [@: Object successfully summoned]
[21:38:55] [Server thread/INFO]: [@: Object successfully summoned]
[21:38:55] [Server thread/INFO]: [@: Object successfully summoned]
[21:38:58] [Server thread/INFO]: [@: Object successfully summoned]
[21:38:58] [Server thread/INFO]: [@: Object successfully summoned]
[21:38:58] [Server thread/INFO]: [@: Object successfully summoned]
[21:38:58] [Server thread/INFO]: [@: Object successfully summoned]
[21:38:59] [Async Chat Thread - #11/INFO]: <rodrii_> ???[m

[21:38:59] [Async Chat Thread - #11/INFO]: <nude_dude> and your stuff[m

[21:39:01] [Server thread/INFO]: [@: Object successfully summoned]
[21:39:01] [Server thread/INFO]: [@: Object successfully summoned]
[21:39:01] [Server thread/INFO]: [@: Object successfully summoned]
[21:39:01] [Server thread/INFO]: [@: Object successfully summoned]
[21:39:04] [Server thread/INFO]: [@: Object successfully summoned]
[21:39:04] [Server thread/INFO]: [@: Object successfully summoned]
[21:39:04] [Server thread/INFO]: [@: Object successfully summoned]
[21:39:04] [Server thread/INFO]: [@: Object successfully summoned]
[21:39:06] [Async Chat Thread - #11/INFO]: <Graef> bruh[m

[21:39:06] [Async Chat Thread - #11/INFO]: <nude_dude> rodrii[m

[21:39:06] [Server thread/INFO]: [@: Object successfully summoned]
[21:39:06] [Server thread/INFO]: [@: Object successfully summoned]
[21:39:06] [Server thread/INFO]: [@: Object successfully summoned]
[21:39:06] [Server thread/INFO]: [@: Object successfully summoned]
[21:39:07] [Server thread/INFO]: rodrii_ issued server command: /tp Graef
[21:39:07] [Server thread/INFO]: [rodrii_: Teleported rodrii_ to Graef]
[21:39:09] [Server thread/INFO]: [@: Object successfully summoned]
[21:39:09] [Server thread/INFO]: [@: Object successfully summoned]
[21:39:09] [Server thread/INFO]: [@: Object successfully summoned]
[21:39:09] [Server thread/INFO]: [@: Object successfully summoned]
[21:39:10] [Server thread/INFO]: jerry_ issued server command: //replace air
[21:39:11] [Server thread/INFO]: rodrii_ issued server command: /tp Steve
[21:39:11] [Server thread/INFO]: [rodrii_: Teleported rodrii_ to Steve]
[21:39:12] [Server thread/INFO]: [@: Object successfully summoned]
[21:39:12] [Server thread/INFO]: [@: Object successfully summoned]
[21:39:12] [Server thread/INFO]: [@: Object successfully summoned]
[21:39:12] [Server thread/INFO]: [@: Object successfully summoned]
[21:39:15] [Server thread/INFO]: [@: Object successfully summoned]
[21:39:15] [Server thread/INFO]: [@: Object successfully summoned]
[21:39:15] [Server thread/INFO]: [@: Object successfully summoned]
[21:39:15] [Server thread/INFO]: [@: Object successfully summoned]
[21:39:18] [Server thread/INFO]: [@: Object successfully summoned]
[21:39:18] [Server thread/INFO]: [@: Object successfully summoned]
[21:39:18] [Server thread/INFO]: [@: Object successfully summoned]
[21:39:18] [Server thread/INFO]: [@: Object successfully summoned]
[21:39:20] [Server thread/INFO]: [@: Object successfully summoned]
[21:39:20] [Server thread/INFO]: [@: Object successfully summoned]
[21:39:20] [Server thread/INFO]: [@: Object successfully summoned]
[21:39:20] [Server thread/INFO]: [@: Object successfully summoned]
[21:39:23] [Server thread/INFO]: [@: Object successfully summoned]
[21:39:23] [Server thread/INFO]: [@: Object successfully summoned]
[21:39:23] [Server thread/INFO]: [@: Object successfully summoned]
[21:39:23] [Server thread/INFO]: [@: Object successfully summoned]
[21:39:26] [Server thread/INFO]: [@: Object successfully summoned]
[21:39:26] [Server thread/INFO]: [@: Object successfully summoned]
[21:39:26] [Server thread/INFO]: [@: Object successfully summoned]
[21:39:26] [Server thread/INFO]: [@: Object successfully summoned]
[21:39:29] [Server thread/INFO]: [@: Object successfully summoned]
[21:39:29] [Server thread/INFO]: [@: Object successfully summoned]
[21:39:29] [Server thread/INFO]: [@: Object successfully summoned]
[21:39:29] [Server thread/INFO]: [@: Object successfully summoned]
[21:39:30] [Server thread/INFO]: rodrii_ issued server command: /tell Steve hey buddy.
[21:39:32] [Server thread/INFO]: [@: Object successfully summoned]
[21:39:32] [Server thread/INFO]: [@: Object successfully summoned]
[21:39:32] [Server thread/INFO]: [@: Object successfully summoned]
[21:39:32] [Server thread/INFO]: [@: Object successfully summoned]
[21:39:34] [Server thread/INFO]: [@: Object successfully summoned]
[21:39:34] [Server thread/INFO]: [@: Object successfully summoned]
[21:39:34] [Server thread/INFO]: [@: Object successfully summoned]
[21:39:34] [Server thread/INFO]: [@: Object successfully summoned]
[21:39:35] [Async Chat Thread - #11/INFO]: <nude_dude> rodri[m

[21:39:35] [Server thread/INFO]: jerry_ issued server command: //replace air stained_hardened_clay:4
[21:39:37] [Server thread/INFO]: [@: Object successfully summoned]
[21:39:37] [Server thread/INFO]: [@: Object successfully summoned]
[21:39:37] [Server thread/INFO]: [@: Object successfully summoned]
[21:39:37] [Server thread/INFO]: [@: Object successfully summoned]
[21:39:40] [Server thread/INFO]: [@: Object successfully summoned]
[21:39:40] [Server thread/INFO]: [@: Object successfully summoned]
[21:39:40] [Server thread/INFO]: [@: Object successfully summoned]
[21:39:40] [Server thread/INFO]: [@: Object successfully summoned]
[21:39:41] [Async Chat Thread - #11/INFO]: <nude_dude> trade[m

[21:39:42] [Server thread/INFO]: Steve issued server command: /tell rodrii_ hi
[21:39:43] [Server thread/INFO]: [@: Object successfully summoned]
[21:39:43] [Server thread/INFO]: [@: Object successfully summoned]
[21:39:43] [Server thread/INFO]: [@: Object successfully summoned]
[21:39:43] [Server thread/INFO]: [@: Object successfully summoned]
[21:39:44] [Server thread/INFO]: jerry_ issued server command: //replace air stained_hardened_clay:4
[21:39:46] [Server thread/INFO]: [@: Object successfully summoned]
[21:39:46] [Server thread/INFO]: [@: Object successfully summoned]
[21:39:46] [Server thread/INFO]: [@: Object successfully summoned]
[21:39:46] [Server thread/INFO]: [@: Object successfully summoned]
[21:39:47] [Server thread/INFO]: rodrii_ issued server command: /tell Steve so listen, to be an official wpe member, you gotta sell your soul
[21:39:48] [Server thread/INFO]: [@: Object successfully summoned]
[21:39:48] [Server thread/INFO]: [@: Object successfully summoned]
[21:39:48] [Server thread/INFO]: [@: Object successfully summoned]
[21:39:48] [Server thread/INFO]: [@: Object successfully summoned]
[21:39:51] [Server thread/INFO]: [@: Object successfully summoned]
[21:39:51] [Server thread/INFO]: [@: Object successfully summoned]
[21:39:51] [Server thread/INFO]: [@: Object successfully summoned]
[21:39:51] [Server thread/INFO]: [@: Object successfully summoned]
[21:39:54] [Server thread/INFO]: jerry_ issued server command: //replace air stained_hardened_clay:4
[21:39:54] [Server thread/INFO]: [@: Object successfully summoned]
[21:39:54] [Server thread/INFO]: [@: Object successfully summoned]
[21:39:54] [Server thread/INFO]: [@: Object successfully summoned]
[21:39:54] [Server thread/INFO]: [@: Object successfully summoned]
[21:39:57] [Server thread/INFO]: [@: Object successfully summoned]
[21:39:57] [Server thread/INFO]: [@: Object successfully summoned]
[21:39:57] [Server thread/INFO]: [@: Object successfully summoned]
[21:39:57] [Server thread/INFO]: [@: Object successfully summoned]
[21:40:00] [Server thread/INFO]: [@: Object successfully summoned]
[21:40:00] [Server thread/INFO]: [@: Object successfully summoned]
[21:40:00] [Server thread/INFO]: [@: Object successfully summoned]
[21:40:00] [Server thread/INFO]: [@: Object successfully summoned]
[21:40:00] [Server thread/INFO]: Steve issued server command: /tell rodrii_ what
[21:40:01] [Server thread/INFO]: jerry_ issued server command: //replace air stained_hardened_clay:4
[21:40:02] [Server thread/INFO]: [@: Object successfully summoned]
[21:40:02] [Server thread/INFO]: [@: Object successfully summoned]
[21:40:02] [Server thread/INFO]: [@: Object successfully summoned]
[21:40:02] [Server thread/INFO]: [@: Object successfully summoned]
[21:40:04] [Server thread/INFO]: rodrii_ issued server command: /tell Steve aka, i gotta kill you (u keep ur stuff)
[21:40:05] [Server thread/INFO]: [@: Object successfully summoned]
[21:40:05] [Server thread/INFO]: [@: Object successfully summoned]
[21:40:05] [Server thread/INFO]: [@: Object successfully summoned]
[21:40:05] [Server thread/INFO]: [@: Object successfully summoned]
[21:40:08] [Server thread/INFO]: [@: Object successfully summoned]
[21:40:08] [Server thread/INFO]: [@: Object successfully summoned]
[21:40:08] [Server thread/INFO]: [@: Object successfully summoned]
[21:40:08] [Server thread/INFO]: [@: Object successfully summoned]
[21:40:11] [Server thread/INFO]: [@: Object successfully summoned]
[21:40:11] [Server thread/INFO]: [@: Object successfully summoned]
[21:40:11] [Server thread/INFO]: [@: Object successfully summoned]
[21:40:11] [Server thread/INFO]: [@: Object successfully summoned]
[21:40:12] [Async Chat Thread - #11/INFO]: <nude_dude> dimonds[m

[21:40:14] [Server thread/INFO]: [@: Object successfully summoned]
[21:40:14] [Server thread/INFO]: [@: Object successfully summoned]
[21:40:14] [Server thread/INFO]: [@: Object successfully summoned]
[21:40:14] [Server thread/INFO]: [@: Object successfully summoned]
[21:40:14] [Server thread/INFO]: jerry_ issued server command: //replace air stained_hardened_clay:4
[21:40:16] [Server thread/INFO]: [@: Object successfully summoned]
[21:40:16] [Server thread/INFO]: [@: Object successfully summoned]
[21:40:16] [Server thread/INFO]: [@: Object successfully summoned]
[21:40:16] [Server thread/INFO]: [@: Object successfully summoned]
[21:40:19] [Server thread/INFO]: [@: Object successfully summoned]
[21:40:19] [Server thread/INFO]: [@: Object successfully summoned]
[21:40:19] [Server thread/INFO]: [@: Object successfully summoned]
[21:40:19] [Server thread/INFO]: [@: Object successfully summoned]
[21:40:19] [Server thread/INFO]: rodrii_ issued server command: /tell Steve so u can opt out or sell it
[21:40:21] [Server thread/INFO]: jerry_ issued server command: //replace air stained_hardened_clay:4
[21:40:22] [Server thread/INFO]: [@: Object successfully summoned]
[21:40:22] [Server thread/INFO]: [@: Object successfully summoned]
[21:40:22] [Server thread/INFO]: [@: Object successfully summoned]
[21:40:22] [Server thread/INFO]: [@: Object successfully summoned]
[21:40:25] [Server thread/INFO]: Steve issued server command: /tell rodrii_ can i put my stuff in a chest first?
[21:40:25] [Server thread/INFO]: [@: Object successfully summoned]
[21:40:25] [Server thread/INFO]: [@: Object successfully summoned]
[21:40:25] [Server thread/INFO]: [@: Object successfully summoned]
[21:40:25] [Server thread/INFO]: [@: Object successfully summoned]
[21:40:28] [Server thread/INFO]: [@: Object successfully summoned]
[21:40:28] [Server thread/INFO]: [@: Object successfully summoned]
[21:40:28] [Server thread/INFO]: [@: Object successfully summoned]
[21:40:28] [Server thread/INFO]: [@: Object successfully summoned]
[21:40:30] [Server thread/INFO]: [@: Object successfully summoned]
[21:40:30] [Server thread/INFO]: [@: Object successfully summoned]
[21:40:30] [Server thread/INFO]: [@: Object successfully summoned]
[21:40:30] [Server thread/INFO]: [@: Object successfully summoned]
[21:40:33] [Server thread/INFO]: rodrii_ issued server command: /tell Steve oh yeah sure
[21:40:33] [Server thread/INFO]: [@: Object successfully summoned]
[21:40:33] [Server thread/INFO]: [@: Object successfully summoned]
[21:40:33] [Server thread/INFO]: [@: Object successfully summoned]
[21:40:33] [Server thread/INFO]: [@: Object successfully summoned]
[21:40:36] [Server thread/INFO]: [@: Object successfully summoned]
[21:40:36] [Server thread/INFO]: [@: Object successfully summoned]
[21:40:36] [Server thread/INFO]: [@: Object successfully summoned]
[21:40:36] [Server thread/INFO]: [@: Object successfully summoned]
[21:40:39] [Server thread/INFO]: [@: Object successfully summoned]
[21:40:39] [Server thread/INFO]: [@: Object successfully summoned]
[21:40:39] [Server thread/INFO]: [@: Object successfully summoned]
[21:40:39] [Server thread/INFO]: [@: Object successfully summoned]
[21:40:42] [Server thread/INFO]: [@: Object successfully summoned]
[21:40:42] [Server thread/INFO]: [@: Object successfully summoned]
[21:40:42] [Server thread/INFO]: [@: Object successfully summoned]
[21:40:42] [Server thread/INFO]: [@: Object successfully summoned]
[21:40:44] [Server thread/INFO]: [@: Object successfully summoned]
[21:40:44] [Server thread/INFO]: [@: Object successfully summoned]
[21:40:44] [Server thread/INFO]: [@: Object successfully summoned]
[21:40:44] [Server thread/INFO]: [@: Object successfully summoned]
[21:40:47] [Server thread/INFO]: [@: Object successfully summoned]
[21:40:47] [Server thread/INFO]: [@: Object successfully summoned]
[21:40:47] [Server thread/INFO]: [@: Object successfully summoned]
[21:40:47] [Server thread/INFO]: [@: Object successfully summoned]
[21:40:49] [Async Chat Thread - #11/INFO]: <rodrii_> in a minute[m

[21:40:50] [Server thread/INFO]: [@: Object successfully summoned]
[21:40:50] [Server thread/INFO]: [@: Object successfully summoned]
[21:40:50] [Server thread/INFO]: [@: Object successfully summoned]
[21:40:50] [Server thread/INFO]: [@: Object successfully summoned]
[21:40:53] [Server thread/INFO]: [@: Object successfully summoned]
[21:40:53] [Server thread/INFO]: [@: Object successfully summoned]
[21:40:53] [Server thread/INFO]: [@: Object successfully summoned]
[21:40:53] [Server thread/INFO]: [@: Object successfully summoned]
[21:40:56] [Server thread/INFO]: [@: Object successfully summoned]
[21:40:56] [Server thread/INFO]: [@: Object successfully summoned]
[21:40:56] [Server thread/INFO]: [@: Object successfully summoned]
[21:40:56] [Server thread/INFO]: [@: Object successfully summoned]
[21:40:58] [Server thread/INFO]: [@: Object successfully summoned]
[21:40:58] [Server thread/INFO]: [@: Object successfully summoned]
[21:40:58] [Server thread/INFO]: [@: Object successfully summoned]
[21:40:58] [Server thread/INFO]: [@: Object successfully summoned]
[21:41:00] [Server thread/INFO]: jerry_ issued server command: //replace air stained_hardened_clay:4
[21:41:01] [Server thread/INFO]: [@: Object successfully summoned]
[21:41:01] [Server thread/INFO]: [@: Object successfully summoned]
[21:41:01] [Server thread/INFO]: [@: Object successfully summoned]
[21:41:01] [Server thread/INFO]: [@: Object successfully summoned]
[21:41:04] [Server thread/INFO]: [@: Object successfully summoned]
[21:41:04] [Server thread/INFO]: [@: Object successfully summoned]
[21:41:04] [Server thread/INFO]: [@: Object successfully summoned]
[21:41:04] [Server thread/INFO]: [@: Object successfully summoned]
[21:41:07] [Server thread/INFO]: [@: Object successfully summoned]
[21:41:07] [Server thread/INFO]: [@: Object successfully summoned]
[21:41:07] [Server thread/INFO]: [@: Object successfully summoned]
[21:41:07] [Server thread/INFO]: [@: Object successfully summoned]
[21:41:08] [Server thread/INFO]: Steve issued server command: /tell rodrii_ i dont got enough wood
[21:41:10] [Server thread/INFO]: [@: Object successfully summoned]
[21:41:10] [Server thread/INFO]: [@: Object successfully summoned]
[21:41:10] [Server thread/INFO]: [@: Object successfully summoned]
[21:41:10] [Server thread/INFO]: [@: Object successfully summoned]
[21:41:12] [Server thread/INFO]: [@: Object successfully summoned]
[21:41:12] [Server thread/INFO]: [@: Object successfully summoned]
[21:41:12] [Server thread/INFO]: [@: Object successfully summoned]
[21:41:12] [Server thread/INFO]: [@: Object successfully summoned]
[21:41:15] [Server thread/INFO]: [@: Took all effects from Steve]
[21:41:15] [Server thread/INFO]: jerry_ issued server command: //replace air stained_hardened_clay:4
[21:41:15] [Server thread/INFO]: [@: Object successfully summoned]
[21:41:15] [Server thread/INFO]: [@: Object successfully summoned]
[21:41:15] [Server thread/INFO]: [@: Object successfully summoned]
[21:41:15] [Server thread/INFO]: [@: Object successfully summoned]
[21:41:18] [Server thread/INFO]: [@: Object successfully summoned]
[21:41:18] [Server thread/INFO]: [@: Object successfully summoned]
[21:41:18] [Server thread/INFO]: [@: Object successfully summoned]
[21:41:18] [Server thread/INFO]: [@: Object successfully summoned]
[21:41:20] [Server thread/INFO]: rodrii_ issued server command: /tell Steve ur stuff will drop anyway
[21:41:20] [Server thread/INFO]: rodrii_ issued server command: /tell Steve ur stuff will drop anyway
[21:41:21] [Server thread/INFO]: [@: Object successfully summoned]
[21:41:21] [Server thread/INFO]: [@: Object successfully summoned]
[21:41:21] [Server thread/INFO]: [@: Object successfully summoned]
[21:41:21] [Server thread/INFO]: [@: Object successfully summoned]
[21:41:24] [Server thread/INFO]: [@: Object successfully summoned]
[21:41:24] [Server thread/INFO]: [@: Object successfully summoned]
[21:41:24] [Server thread/INFO]: [@: Object successfully summoned]
[21:41:24] [Server thread/INFO]: [@: Object successfully summoned]
[21:41:24] [Server thread/INFO]: Graef issued server command: /tell rodrii_ could you enchant my armour
[21:41:26] [Server thread/INFO]: rodrii_ issued server command: /tell Steve i wont take it
[21:41:26] [Server thread/INFO]: [@: Object successfully summoned]
[21:41:26] [Server thread/INFO]: [@: Object successfully summoned]
[21:41:26] [Server thread/INFO]: [@: Object successfully summoned]
[21:41:26] [Server thread/INFO]: [@: Object successfully summoned]
[21:41:29] [Server thread/INFO]: [@: Object successfully summoned]
[21:41:29] [Server thread/INFO]: [@: Object successfully summoned]
[21:41:29] [Server thread/INFO]: [@: Object successfully summoned]
[21:41:29] [Server thread/INFO]: [@: Object successfully summoned]
[21:41:30] [Server thread/INFO]: jerry_ issued server command: //replace air stained_hardened_clay:4
[21:41:32] [Server thread/INFO]: rodrii_ issued server command: /tell Steve ready?
[21:41:32] [Server thread/INFO]: [@: Object successfully summoned]
[21:41:32] [Server thread/INFO]: [@: Object successfully summoned]
[21:41:32] [Server thread/INFO]: [@: Object successfully summoned]
[21:41:32] [Server thread/INFO]: [@: Object successfully summoned]
[21:41:35] [Server thread/INFO]: [@: Object successfully summoned]
[21:41:35] [Server thread/INFO]: [@: Object successfully summoned]
[21:41:35] [Server thread/INFO]: [@: Object successfully summoned]
[21:41:35] [Server thread/INFO]: [@: Object successfully summoned]
[21:41:36] [Server thread/INFO]: Steve issued server command: /tell rodrii_ k
[21:41:38] [Server thread/INFO]: [@: Object successfully summoned]
[21:41:38] [Server thread/INFO]: [@: Object successfully summoned]
[21:41:38] [Server thread/INFO]: [@: Object successfully summoned]
[21:41:38] [Server thread/INFO]: [@: Object successfully summoned]
[21:41:40] [Server thread/INFO]: [@: Object successfully summoned]
[21:41:40] [Server thread/INFO]: [@: Object successfully summoned]
[21:41:40] [Server thread/INFO]: [@: Object successfully summoned]
[21:41:40] [Server thread/INFO]: [@: Object successfully summoned]
[21:41:43] [Server thread/INFO]: [@: Object successfully summoned]
[21:41:43] [Server thread/INFO]: [@: Object successfully summoned]
[21:41:43] [Server thread/INFO]: [@: Object successfully summoned]
[21:41:43] [Server thread/INFO]: [@: Object successfully summoned]
[21:41:44] [Async Chat Thread - #11/INFO]: <rodrii_> hol on[m

[21:41:46] [Server thread/INFO]: [@: Object successfully summoned]
[21:41:46] [Server thread/INFO]: [@: Object successfully summoned]
[21:41:46] [Server thread/INFO]: [@: Object successfully summoned]
[21:41:46] [Server thread/INFO]: [@: Object successfully summoned]
[21:41:48] [Async Chat Thread - #11/INFO]: <nude_dude> tok[m

[21:41:49] [Server thread/INFO]: [@: Object successfully summoned]
[21:41:49] [Server thread/INFO]: [@: Object successfully summoned]
[21:41:49] [Server thread/INFO]: [@: Object successfully summoned]
[21:41:49] [Server thread/INFO]: [@: Object successfully summoned]
[21:41:52] [Server thread/INFO]: [@: Object successfully summoned]
[21:41:52] [Server thread/INFO]: [@: Object successfully summoned]
[21:41:52] [Server thread/INFO]: [@: Object successfully summoned]
[21:41:52] [Server thread/INFO]: [@: Object successfully summoned]
[21:41:54] [Server thread/INFO]: jerry_ issued server command: //replace air stained_hardened_clay:4
[21:41:54] [Server thread/INFO]: [@: Object successfully summoned]
[21:41:54] [Server thread/INFO]: [@: Object successfully summoned]
[21:41:54] [Server thread/INFO]: [@: Object successfully summoned]
[21:41:54] [Server thread/INFO]: [@: Object successfully summoned]
[21:41:57] [Server thread/INFO]: [@: Object successfully summoned]
[21:41:57] [Server thread/INFO]: [@: Object successfully summoned]
[21:41:57] [Server thread/INFO]: [@: Object successfully summoned]
[21:41:57] [Server thread/INFO]: [@: Object successfully summoned]
[21:41:57] [Server thread/INFO]: Steve was slain by rodrii_ using [Soul Taker]
[21:42:00] [Server thread/INFO]: [@: Object successfully summoned]
[21:42:00] [Server thread/INFO]: [@: Object successfully summoned]
[21:42:00] [Server thread/INFO]: [@: Object successfully summoned]
[21:42:00] [Server thread/INFO]: [@: Object successfully summoned]
[21:42:03] [Server thread/INFO]: [@: Object successfully summoned]
[21:42:03] [Server thread/INFO]: [@: Object successfully summoned]
[21:42:03] [Server thread/INFO]: [@: Object successfully summoned]
[21:42:03] [Server thread/INFO]: [@: Object successfully summoned]
[21:42:06] [Server thread/INFO]: [@: Object successfully summoned]
[21:42:06] [Server thread/INFO]: [@: Object successfully summoned]
[21:42:06] [Server thread/INFO]: [@: Object successfully summoned]
[21:42:06] [Server thread/INFO]: [@: Object successfully summoned]
[21:42:06] [Server thread/INFO]: Steve issued server command: /back
[21:42:08] [Async Chat Thread - #11/INFO]: <rodrii_> tuff[m

[21:42:08] [Server thread/INFO]: [@: Object successfully summoned]
[21:42:08] [Server thread/INFO]: [@: Object successfully summoned]
[21:42:08] [Server thread/INFO]: [@: Object successfully summoned]
[21:42:08] [Server thread/INFO]: [@: Object successfully summoned]
[21:42:11] [Server thread/INFO]: [@: Object successfully summoned]
[21:42:11] [Server thread/INFO]: [@: Object successfully summoned]
[21:42:11] [Server thread/INFO]: [@: Object successfully summoned]
[21:42:11] [Server thread/INFO]: [@: Object successfully summoned]
[21:42:14] [Server thread/INFO]: [@: Object successfully summoned]
[21:42:14] [Server thread/INFO]: [@: Object successfully summoned]
[21:42:14] [Server thread/INFO]: [@: Object successfully summoned]
[21:42:14] [Server thread/INFO]: [@: Object successfully summoned]
[21:42:17] [Server thread/INFO]: [@: Object successfully summoned]
[21:42:17] [Server thread/INFO]: [@: Object successfully summoned]
[21:42:17] [Server thread/INFO]: [@: Object successfully summoned]
[21:42:17] [Server thread/INFO]: [@: Object successfully summoned]
[21:42:20] [Server thread/INFO]: [@: Object successfully summoned]
[21:42:20] [Server thread/INFO]: [@: Object successfully summoned]
[21:42:20] [Server thread/INFO]: [@: Object successfully summoned]
[21:42:20] [Server thread/INFO]: [@: Object successfully summoned]
[21:42:20] [Server thread/INFO]: rodrii_ issued server command: /tell Steve you're now an offical member of the wpe
[21:42:21] [Server thread/INFO]: lamm issued server command: /home xxp
[21:42:22] [Server thread/INFO]: [@: Object successfully summoned]
[21:42:22] [Server thread/INFO]: [@: Object successfully summoned]
[21:42:22] [Server thread/INFO]: [@: Object successfully summoned]
[21:42:22] [Server thread/INFO]: [@: Object successfully summoned]
[21:42:25] [Server thread/INFO]: [@: Object successfully summoned]
[21:42:25] [Server thread/INFO]: [@: Object successfully summoned]
[21:42:25] [Server thread/INFO]: [@: Object successfully summoned]
[21:42:25] [Server thread/INFO]: [@: Object successfully summoned]
[21:42:28] [Server thread/INFO]: [@: Object successfully summoned]
[21:42:28] [Server thread/INFO]: [@: Object successfully summoned]
[21:42:28] [Server thread/INFO]: [@: Object successfully summoned]
[21:42:28] [Server thread/INFO]: [@: Object successfully summoned]
[21:42:31] [Server thread/INFO]: [@: Object successfully summoned]
[21:42:31] [Server thread/INFO]: [@: Object successfully summoned]
[21:42:31] [Server thread/INFO]: [@: Object successfully summoned]
[21:42:31] [Server thread/INFO]: [@: Object successfully summoned]
[21:42:34] [Server thread/INFO]: [@: Object successfully summoned]
[21:42:34] [Server thread/INFO]: [@: Object successfully summoned]
[21:42:34] [Server thread/INFO]: [@: Object successfully summoned]
[21:42:34] [Server thread/INFO]: [@: Object successfully summoned]
[21:42:35] [Server thread/INFO]: rodrii_ issued server command: /tell Steve the 3 other members you're safely allowed to talk about this are
[21:42:36] [Server thread/INFO]: [@: Object successfully summoned]
[21:42:36] [Server thread/INFO]: [@: Object successfully summoned]
[21:42:36] [Server thread/INFO]: [@: Object successfully summoned]
[21:42:36] [Server thread/INFO]: [@: Object successfully summoned]
[21:42:39] [Server thread/INFO]: [@: Object successfully summoned]
[21:42:39] [Server thread/INFO]: [@: Object successfully summoned]
[21:42:39] [Server thread/INFO]: [@: Object successfully summoned]
[21:42:39] [Server thread/INFO]: [@: Object successfully summoned]
[21:42:42] [Server thread/INFO]: [@: Object successfully summoned]
[21:42:42] [Server thread/INFO]: [@: Object successfully summoned]
[21:42:42] [Server thread/INFO]: [@: Object successfully summoned]
[21:42:42] [Server thread/INFO]: [@: Object successfully summoned]
[21:42:43] [Server thread/INFO]: rodrii_ issued server command: /tell Steve jerry, graef and chris
[21:42:45] [Server thread/INFO]: [@: Object successfully summoned]
[21:42:45] [Server thread/INFO]: [@: Object successfully summoned]
[21:42:45] [Server thread/INFO]: [@: Object successfully summoned]
[21:42:45] [Server thread/INFO]: [@: Object successfully summoned]
[21:42:48] [Server thread/INFO]: [@: Object successfully summoned]
[21:42:48] [Server thread/INFO]: [@: Object successfully summoned]
[21:42:48] [Server thread/INFO]: [@: Object successfully summoned]
[21:42:48] [Server thread/INFO]: [@: Object successfully summoned]
[21:42:50] [Server thread/INFO]: [@: Object successfully summoned]
[21:42:50] [Server thread/INFO]: [@: Object successfully summoned]
[21:42:50] [Server thread/INFO]: [@: Object successfully summoned]
[21:42:50] [Server thread/INFO]: [@: Object successfully summoned]
[21:42:51] [Server thread/INFO]: Steve issued server command: /tell rodrii_ ok
[21:42:53] [Server thread/INFO]: [@: Object successfully summoned]
[21:42:53] [Server thread/INFO]: [@: Object successfully summoned]
[21:42:53] [Server thread/INFO]: [@: Object successfully summoned]
[21:42:53] [Server thread/INFO]: [@: Object successfully summoned]
[21:42:56] [Server thread/INFO]: rodrii_ issued server command: /tp Steve
[21:42:56] [Server thread/INFO]: [rodrii_: Teleported rodrii_ to Steve]
[21:42:56] [Server thread/INFO]: [@: Object successfully summoned]
[21:42:56] [Server thread/INFO]: [@: Object successfully summoned]
[21:42:56] [Server thread/INFO]: [@: Object successfully summoned]
[21:42:56] [Server thread/INFO]: [@: Object successfully summoned]
[21:42:59] [Server thread/INFO]: [@: Object successfully summoned]
[21:42:59] [Server thread/INFO]: [@: Object successfully summoned]
[21:42:59] [Server thread/INFO]: [@: Object successfully summoned]
[21:42:59] [Server thread/INFO]: [@: Object successfully summoned]
[21:43:01] [Server thread/INFO]: rodrii_ issued server command: /tp Graef
[21:43:01] [Server thread/INFO]: [rodrii_: Teleported rodrii_ to Graef]
[21:43:02] [Server thread/INFO]: [@: Object successfully summoned]
[21:43:02] [Server thread/INFO]: [@: Object successfully summoned]
[21:43:02] [Server thread/INFO]: [@: Object successfully summoned]
[21:43:02] [Server thread/INFO]: [@: Object successfully summoned]
[21:43:04] [Server thread/INFO]: [@: Object successfully summoned]
[21:43:04] [Server thread/INFO]: [@: Object successfully summoned]
[21:43:04] [Server thread/INFO]: [@: Object successfully summoned]
[21:43:04] [Server thread/INFO]: [@: Object successfully summoned]
[21:43:06] [Server thread/INFO]: jerry_ issued server command: /tell rodrii what are the rules to admin btw
[21:43:06] [Server thread/INFO]: [jerry_: That player cannot be found]
[21:43:07] [Server thread/INFO]: [@: Object successfully summoned]
[21:43:07] [Server thread/INFO]: [@: Object successfully summoned]
[21:43:07] [Server thread/INFO]: [@: Object successfully summoned]
[21:43:07] [Server thread/INFO]: [@: Object successfully summoned]
[21:43:10] [Server thread/INFO]: [@: Object successfully summoned]
[21:43:10] [Server thread/INFO]: [@: Object successfully summoned]
[21:43:10] [Server thread/INFO]: [@: Object successfully summoned]
[21:43:10] [Server thread/INFO]: [@: Object successfully summoned]
[21:43:13] [Server thread/INFO]: [@: Object successfully summoned]
[21:43:13] [Server thread/INFO]: [@: Object successfully summoned]
[21:43:13] [Server thread/INFO]: [@: Object successfully summoned]
[21:43:13] [Server thread/INFO]: [@: Object successfully summoned]
[21:43:16] [Server thread/INFO]: [@: Object successfully summoned]
[21:43:16] [Server thread/INFO]: [@: Object successfully summoned]
[21:43:16] [Server thread/INFO]: [@: Object successfully summoned]
[21:43:16] [Server thread/INFO]: [@: Object successfully summoned]
[21:43:18] [Server thread/INFO]: [@: Object successfully summoned]
[21:43:18] [Server thread/INFO]: [@: Object successfully summoned]
[21:43:18] [Server thread/INFO]: [@: Object successfully summoned]
[21:43:18] [Server thread/INFO]: [@: Object successfully summoned]
[21:43:19] [Server thread/INFO]: rodrii_ lost connection: Disconnected
[21:43:19] [Server thread/INFO]: rodrii_ left the game.
[21:43:21] [Server thread/INFO]: [@: Object successfully summoned]
[21:43:21] [Server thread/INFO]: [@: Object successfully summoned]
[21:43:21] [Server thread/INFO]: [@: Object successfully summoned]
[21:43:21] [Server thread/INFO]: [@: Object successfully summoned]
[21:43:24] [Server thread/INFO]: [@: Object successfully summoned]
[21:43:24] [Server thread/INFO]: [@: Object successfully summoned]
[21:43:24] [Server thread/INFO]: [@: Object successfully summoned]
[21:43:24] [Server thread/INFO]: [@: Object successfully summoned]
[21:43:27] [Server thread/INFO]: [@: Object successfully summoned]
[21:43:27] [Server thread/INFO]: [@: Object successfully summoned]
[21:43:27] [Server thread/INFO]: [@: Object successfully summoned]
[21:43:27] [Server thread/INFO]: [@: Object successfully summoned]
[21:43:30] [Server thread/INFO]: [@: Object successfully summoned]
[21:43:30] [Server thread/INFO]: [@: Object successfully summoned]
[21:43:30] [Server thread/INFO]: [@: Object successfully summoned]
[21:43:30] [Server thread/INFO]: [@: Object successfully summoned]
[21:43:32] [Server thread/INFO]: [@: Object successfully summoned]
[21:43:32] [Server thread/INFO]: [@: Object successfully summoned]
[21:43:32] [Server thread/INFO]: [@: Object successfully summoned]
[21:43:32] [Server thread/INFO]: [@: Object successfully summoned]
[21:43:35] [Server thread/INFO]: jerry_ issued server command: /tell rodrii_ what are the rules to admin btw. you just gave me admin without any rules
[21:43:35] [Server thread/INFO]: [jerry_: That player cannot be found]
[21:43:35] [Server thread/INFO]: [@: Object successfully summoned]
[21:43:35] [Server thread/INFO]: [@: Object successfully summoned]
[21:43:35] [Server thread/INFO]: [@: Object successfully summoned]
[21:43:35] [Server thread/INFO]: [@: Object successfully summoned]
[21:43:38] [Server thread/INFO]: [@: Object successfully summoned]
[21:43:38] [Server thread/INFO]: [@: Object successfully summoned]
[21:43:38] [Server thread/INFO]: [@: Object successfully summoned]
[21:43:38] [Server thread/INFO]: [@: Object successfully summoned]
[21:43:41] [Server thread/INFO]: [@: Object successfully summoned]
[21:43:41] [Server thread/INFO]: [@: Object successfully summoned]
[21:43:41] [Server thread/INFO]: [@: Object successfully summoned]
[21:43:41] [Server thread/INFO]: [@: Object successfully summoned]
[21:43:42] [Server thread/INFO]: Graef lost connection: Internal Exception: java.net.SocketException: Connection reset
[21:43:42] [Server thread/INFO]: Graef left the game.
[21:43:44] [Server thread/INFO]: [@: Object successfully summoned]
[21:43:44] [Server thread/INFO]: [@: Object successfully summoned]
[21:43:44] [Server thread/INFO]: [@: Object successfully summoned]
[21:43:44] [Server thread/INFO]: [@: Object successfully summoned]
[21:43:46] [Server thread/INFO]: [@: Object successfully summoned]
[21:43:46] [Server thread/INFO]: [@: Object successfully summoned]
[21:43:46] [Server thread/INFO]: [@: Object successfully summoned]
[21:43:46] [Server thread/INFO]: [@: Object successfully summoned]
[21:43:49] [Server thread/INFO]: [@: Object successfully summoned]
[21:43:49] [Server thread/INFO]: [@: Object successfully summoned]
[21:43:49] [Server thread/INFO]: [@: Object successfully summoned]
[21:43:49] [Server thread/INFO]: [@: Object successfully summoned]
[21:43:52] [Server thread/INFO]: [@: Object successfully summoned]
[21:43:52] [Server thread/INFO]: [@: Object successfully summoned]
[21:43:52] [Server thread/INFO]: [@: Object successfully summoned]
[21:43:52] [Server thread/INFO]: [@: Object successfully summoned]
[21:43:55] [Server thread/INFO]: [@: Object successfully summoned]
[21:43:55] [Server thread/INFO]: [@: Object successfully summoned]
[21:43:55] [Server thread/INFO]: [@: Object successfully summoned]
[21:43:55] [Server thread/INFO]: [@: Object successfully summoned]
[21:43:56] [Server thread/INFO]: jerry_ issued server command: /tell rodrii_ what are the rules to admin btw. you just gave me admin without any rules
[21:43:56] [Server thread/INFO]: [jerry_: That player cannot be found]
[21:43:58] [Server thread/INFO]: [@: Object successfully summoned]
[21:43:58] [Server thread/INFO]: [@: Object successfully summoned]
[21:43:58] [Server thread/INFO]: [@: Object successfully summoned]
[21:43:58] [Server thread/INFO]: [@: Object successfully summoned]
[21:43:59] [Server thread/INFO]: jerry_ issued server command: //replace air stained_hardened_clay:4
[21:44:00] [Server thread/INFO]: [@: Object successfully summoned]
[21:44:00] [Server thread/INFO]: [@: Object successfully summoned]
[21:44:00] [Server thread/INFO]: [@: Object successfully summoned]
[21:44:00] [Server thread/INFO]: [@: Object successfully summoned]
[21:44:01] [Thread-31/INFO]: UUID of player rodrii_ is f9b3cc3d-cf4c-3e3b-bceb-bcd7b54136ef
[21:44:01] [Server thread/INFO]: rodrii_[/[0:0:0:0:0:0:0:1]:36174] logged in with entity id 53422 at ([world]-2439.5841147713304, 71.0, -5762.528616807128)
[21:44:03] [Server thread/INFO]: [@: Object successfully summoned]
[21:44:03] [Server thread/INFO]: [@: Object successfully summoned]
[21:44:03] [Server thread/INFO]: [@: Object successfully summoned]
[21:44:03] [Server thread/INFO]: [@: Object successfully summoned]
[21:44:04] [Server thread/INFO]: [@: 1 blocks filled]
[21:44:04] [Server thread/INFO]: jerry_ issued server command: /tell rodrii_ what are the rules to admin btw. you just gave me admin without any rules
[21:44:05] [Async Chat Thread - #12/INFO]: <nude_dude> rodrii[m

[21:44:13] [Server thread/INFO]: rodrii_ issued server command: /tp nude_dude
[21:44:13] [Server thread/INFO]: [rodrii_: Teleported rodrii_ to nude_dude]
[21:44:18] [Async Chat Thread - #12/INFO]: <rodrii_> wsg[m

[21:44:18] [Server thread/INFO]: jerry_ issued server command: /tell rodrii_ what are the rules to admin btw. you just gave me admin without any rules
[21:44:21] [Server thread/INFO]: jerry_ issued server command: //replace air stained_hardened_clay:4
[21:44:26] [Async Chat Thread - #12/INFO]: <nude_dude> xp poitions[m

[21:44:32] [Async Chat Thread - #12/INFO]: <nude_dude> and lapis[m

[21:44:36] [Async Chat Thread - #12/INFO]: <nude_dude> here[m

[21:44:47] [Server thread/INFO]: rodrii_ issued server command: /tell jerry_ pretty much none other than to not abuse to an extent like 8th grade, lmk if u wanna
[21:44:52] [Server thread/INFO]: rodrii_ issued server command: /tell jerry_ ban someone
[21:45:17] [Server thread/INFO]: jerry_ issued server command: /tell rodrii_ so every now and then when im done i can tp someone to the rooms temporarily
[21:45:24] [Server thread/INFO]: rodrii_ issued server command: /tell jerry_ and if u wanna trade, make it reasonable
[21:45:28] [Server thread/INFO]: [@: 1 blocks filled]
[21:45:30] [Server thread/INFO]: [@: Object successfully summoned]
[21:45:30] [Server thread/INFO]: [@: Object successfully summoned]
[21:45:30] [Server thread/INFO]: [@: Object successfully summoned]
[21:45:30] [Server thread/INFO]: [@: Object successfully summoned]
[21:45:33] [Server thread/INFO]: [@: Object successfully summoned]
[21:45:33] [Server thread/INFO]: [@: Object successfully summoned]
[21:45:33] [Server thread/INFO]: [@: Object successfully summoned]
[21:45:33] [Server thread/INFO]: [@: Object successfully summoned]
[21:45:36] [Server thread/INFO]: [@: Object successfully summoned]
[21:45:36] [Server thread/INFO]: [@: Object successfully summoned]
[21:45:36] [Server thread/INFO]: [@: Object successfully summoned]
[21:45:36] [Server thread/INFO]: [@: Object successfully summoned]
[21:45:38] [Server thread/INFO]: [@: Object successfully summoned]
[21:45:38] [Server thread/INFO]: [@: Object successfully summoned]
[21:45:38] [Server thread/INFO]: [@: Object successfully summoned]
[21:45:38] [Server thread/INFO]: [@: Object successfully summoned]
[21:45:41] [Server thread/INFO]: [@: Object successfully summoned]
[21:45:41] [Server thread/INFO]: [@: Object successfully summoned]
[21:45:41] [Server thread/INFO]: [@: Object successfully summoned]
[21:45:41] [Server thread/INFO]: [@: Object successfully summoned]
[21:45:44] [Server thread/INFO]: [@: Object successfully summoned]
[21:45:44] [Server thread/INFO]: [@: Object successfully summoned]
[21:45:44] [Server thread/INFO]: [@: Object successfully summoned]
[21:45:44] [Server thread/INFO]: [@: Object successfully summoned]
[21:45:47] [Server thread/INFO]: [@: Object successfully summoned]
[21:45:47] [Server thread/INFO]: [@: Object successfully summoned]
[21:45:47] [Server thread/INFO]: [@: Object successfully summoned]
[21:45:47] [Server thread/INFO]: [@: Object successfully summoned]
[21:45:48] [Server thread/INFO]: jerry_ issued server command: //replace air stained_hardened_clay:4
[21:45:49] [Server thread/INFO]: rodrii_ issued server command: /tell jerry_ yes but at the end of the day, they should not have lost any progession
[21:45:50] [Server thread/INFO]: [@: Object successfully summoned]
[21:45:50] [Server thread/INFO]: [@: Object successfully summoned]
[21:45:50] [Server thread/INFO]: [@: Object successfully summoned]
[21:45:50] [Server thread/INFO]: [@: Object successfully summoned]
[21:45:52] [Server thread/INFO]: [@: Object successfully summoned]
[21:45:52] [Server thread/INFO]: [@: Object successfully summoned]
[21:45:52] [Server thread/INFO]: [@: Object successfully summoned]
[21:45:52] [Server thread/INFO]: [@: Object successfully summoned]
[21:45:55] [Server thread/INFO]: [@: Object successfully summoned]
[21:45:55] [Server thread/INFO]: [@: Object successfully summoned]
[21:45:55] [Server thread/INFO]: [@: Object successfully summoned]
[21:45:55] [Server thread/INFO]: [@: Object successfully summoned]
[21:45:57] [Server thread/INFO]: [@: 1 blocks filled]
[21:45:58] [Server thread/INFO]: rodrii_ issued server command: /tell jerry_ return items, xp etc
[21:46:03] [Server thread/INFO]: jerry_ issued server command: /tell rodrii_ yes. im not that evil
[21:46:09] [Async Chat Thread - #13/INFO]: <nude_dude> xp[m

[21:46:11] [Server thread/INFO]: Steve issued server command: /home Spawn
[21:46:16] [Async Chat Thread - #13/INFO]: <nude_dude> more[m

[21:46:21] [Async Chat Thread - #13/INFO]: <jerry_> dudes beggin for xp[m

[21:46:22] [Async Chat Thread - #13/INFO]: <nude_dude> xp[m

[21:46:27] [Async Chat Thread - #13/INFO]: <rodrii_> BRO[m

[21:46:32] [Async Chat Thread - #13/INFO]: <rodrii_> GO TO THE SPANWER[m

[21:46:36] [Async Chat Thread - #13/INFO]: <nude_dude> thats almost a stack of diomonds[m

[21:46:49] [Async Chat Thread - #13/INFO]: <rodrii_> i gave u two stacks[m

[21:46:59] [Server thread/INFO]: jerry_ issued server command: //replace air stained_hardened_clay:4
[21:47:00] [Server thread/INFO]: [@: 1 blocks filled]
[21:47:00] [Server thread/INFO]: [@: Object successfully summoned]
[21:47:00] [Server thread/INFO]: [@: Object successfully summoned]
[21:47:00] [Server thread/INFO]: [@: Object successfully summoned]
[21:47:00] [Server thread/INFO]: [@: Object successfully summoned]
[21:47:02] [Server thread/INFO]: [@: Object successfully summoned]
[21:47:02] [Server thread/INFO]: [@: Object successfully summoned]
[21:47:02] [Server thread/INFO]: [@: Object successfully summoned]
[21:47:02] [Server thread/INFO]: [@: Object successfully summoned]
[21:47:05] [Server thread/INFO]: [@: Object successfully summoned]
[21:47:05] [Server thread/INFO]: [@: Object successfully summoned]
[21:47:05] [Server thread/INFO]: [@: Object successfully summoned]
[21:47:05] [Server thread/INFO]: [@: Object successfully summoned]
[21:47:06] [Server thread/INFO]: jerry_ issued server command: //replace air stained_hardened_clay:4
[21:47:08] [Server thread/INFO]: [@: Object successfully summoned]
[21:47:08] [Server thread/INFO]: [@: Object successfully summoned]
[21:47:08] [Server thread/INFO]: [@: Object successfully summoned]
[21:47:08] [Server thread/INFO]: [@: Object successfully summoned]
[21:47:09] [Async Chat Thread - #13/INFO]: <rodrii_> now sthu[m

[21:47:11] [Server thread/INFO]: [@: Object successfully summoned]
[21:47:11] [Server thread/INFO]: [@: Object successfully summoned]
[21:47:11] [Server thread/INFO]: [@: Object successfully summoned]
[21:47:11] [Server thread/INFO]: [@: Object successfully summoned]
[21:47:14] [Server thread/INFO]: [@: Object successfully summoned]
[21:47:14] [Server thread/INFO]: [@: Object successfully summoned]
[21:47:14] [Server thread/INFO]: [@: Object successfully summoned]
[21:47:14] [Server thread/INFO]: [@: Object successfully summoned]
[21:47:16] [Server thread/INFO]: [@: Object successfully summoned]
[21:47:16] [Server thread/INFO]: [@: Object successfully summoned]
[21:47:16] [Server thread/INFO]: [@: Object successfully summoned]
[21:47:16] [Server thread/INFO]: [@: Object successfully summoned]
[21:47:18] [Async Chat Thread - #13/INFO]: <rodrii_> ANYWAYS[m

[21:47:19] [Server thread/INFO]: [@: Object successfully summoned]
[21:47:19] [Server thread/INFO]: [@: Object successfully summoned]
[21:47:19] [Server thread/INFO]: [@: Object successfully summoned]
[21:47:19] [Server thread/INFO]: [@: Object successfully summoned]
[21:47:22] [Server thread/INFO]: [@: Object successfully summoned]
[21:47:22] [Server thread/INFO]: [@: Object successfully summoned]
[21:47:22] [Server thread/INFO]: [@: Object successfully summoned]
[21:47:22] [Server thread/INFO]: [@: Object successfully summoned]
[21:47:25] [Server thread/INFO]: [@: Object successfully summoned]
[21:47:25] [Server thread/INFO]: [@: Object successfully summoned]
[21:47:25] [Server thread/INFO]: [@: Object successfully summoned]
[21:47:25] [Server thread/INFO]: [@: Object successfully summoned]
[21:47:28] [Server thread/INFO]: [@: Object successfully summoned]
[21:47:28] [Server thread/INFO]: [@: Object successfully summoned]
[21:47:28] [Server thread/INFO]: [@: Object successfully summoned]
[21:47:28] [Server thread/INFO]: [@: Object successfully summoned]
[21:47:30] [Server thread/INFO]: [@: Object successfully summoned]
[21:47:30] [Server thread/INFO]: [@: Object successfully summoned]
[21:47:30] [Server thread/INFO]: [@: Object successfully summoned]
[21:47:30] [Server thread/INFO]: [@: Object successfully summoned]
[21:47:33] [Server thread/INFO]: [@: Object successfully summoned]
[21:47:33] [Server thread/INFO]: [@: Object successfully summoned]
[21:47:33] [Server thread/INFO]: [@: Object successfully summoned]
[21:47:33] [Server thread/INFO]: [@: Object successfully summoned]
[21:47:36] [Server thread/INFO]: [@: Object successfully summoned]
[21:47:36] [Server thread/INFO]: [@: Object successfully summoned]
[21:47:36] [Server thread/INFO]: [@: Object successfully summoned]
[21:47:36] [Server thread/INFO]: [@: Object successfully summoned]
[21:47:39] [Server thread/INFO]: [@: Object successfully summoned]
[21:47:39] [Server thread/INFO]: [@: Object successfully summoned]
[21:47:39] [Server thread/INFO]: [@: Object successfully summoned]
[21:47:39] [Server thread/INFO]: [@: Object successfully summoned]
[21:47:42] [Server thread/INFO]: [@: Object successfully summoned]
[21:47:42] [Server thread/INFO]: [@: Object successfully summoned]
[21:47:42] [Server thread/INFO]: [@: Object successfully summoned]
[21:47:42] [Server thread/INFO]: [@: Object successfully summoned]
[21:47:43] [Server thread/INFO]: jerry_ issued server command: /tell rodrii_ what if i make 2 exits in the rooms, one that leads to true and the other that progres
[21:47:44] [Server thread/INFO]: [@: Object successfully summoned]
[21:47:44] [Server thread/INFO]: [@: Object successfully summoned]
[21:47:44] [Server thread/INFO]: [@: Object successfully summoned]
[21:47:44] [Server thread/INFO]: [@: Object successfully summoned]
[21:47:47] [Server thread/INFO]: rodrii_ issued server command: /tp lamm
[21:47:47] [Server thread/INFO]: [rodrii_: Teleported rodrii_ to lamm]
[21:47:47] [Server thread/INFO]: [@: Object successfully summoned]
[21:47:47] [Server thread/INFO]: [@: Object successfully summoned]
[21:47:47] [Server thread/INFO]: [@: Object successfully summoned]
[21:47:47] [Server thread/INFO]: [@: Object successfully summoned]
[21:47:50] [Server thread/INFO]: [@: Object successfully summoned]
[21:47:50] [Server thread/INFO]: [@: Object successfully summoned]
[21:47:50] [Server thread/INFO]: [@: Object successfully summoned]
[21:47:50] [Server thread/INFO]: [@: Object successfully summoned]
[21:47:53] [Server thread/INFO]: [@: Object successfully summoned]
[21:47:53] [Server thread/INFO]: [@: Object successfully summoned]
[21:47:53] [Server thread/INFO]: [@: Object successfully summoned]
[21:47:53] [Server thread/INFO]: [@: Object successfully summoned]
[21:47:56] [Server thread/INFO]: [@: Object successfully summoned]
[21:47:56] [Server thread/INFO]: [@: Object successfully summoned]
[21:47:56] [Server thread/INFO]: [@: Object successfully summoned]
[21:47:56] [Server thread/INFO]: [@: Object successfully summoned]
[21:47:56] [Server thread/INFO]: [@: 1 blocks filled]
[21:48:08] [Server thread/INFO]: jerry_ issued server command: /tell rodrii_ progresses to a new level
[21:48:09] [Server thread/INFO]: rodrii_ lost connection: Internal Exception: java.net.SocketException: Connection reset
[21:48:09] [Server thread/INFO]: rodrii_ left the game.
[21:48:36] [Thread-33/INFO]: UUID of player rodrii_ is f9b3cc3d-cf4c-3e3b-bceb-bcd7b54136ef
[21:48:36] [Server thread/INFO]: rodrii_[/[0:0:0:0:0:0:0:1]:60626] logged in with entity id 56158 at ([world]182.1576629279252, 63.0, 53.13749998807907)
[21:48:50] [Async Chat Thread - #14/INFO]: <rodrii_> howd u break it bruj[m

[21:49:00] [Server thread/INFO]: jerry_ issued server command: /tell rodrii_ wdy think about that idea
[21:49:24] [Server thread/INFO]: [@: 1 blocks filled]
[21:49:25] [Server thread/INFO]: [@: Object successfully summoned]
[21:49:25] [Server thread/INFO]: [@: Object successfully summoned]
[21:49:25] [Server thread/INFO]: [@: Object successfully summoned]
[21:49:25] [Server thread/INFO]: [@: Object successfully summoned]
[21:49:28] [Server thread/INFO]: [@: Object successfully summoned]
[21:49:28] [Server thread/INFO]: [@: Object successfully summoned]
[21:49:28] [Server thread/INFO]: [@: Object successfully summoned]
[21:49:28] [Server thread/INFO]: [@: Object successfully summoned]
[21:49:31] [Server thread/INFO]: [@: Object successfully summoned]
[21:49:31] [Server thread/INFO]: [@: Object successfully summoned]
[21:49:31] [Server thread/INFO]: [@: Object successfully summoned]
[21:49:31] [Server thread/INFO]: [@: Object successfully summoned]
[21:49:34] [Server thread/INFO]: [@: Object successfully summoned]
[21:49:34] [Server thread/INFO]: [@: Object successfully summoned]
[21:49:34] [Server thread/INFO]: [@: Object successfully summoned]
[21:49:34] [Server thread/INFO]: [@: Object successfully summoned]
[21:49:36] [Server thread/INFO]: [@: Object successfully summoned]
[21:49:36] [Server thread/INFO]: [@: Object successfully summoned]
[21:49:36] [Server thread/INFO]: [@: Object successfully summoned]
[21:49:36] [Server thread/INFO]: [@: Object successfully summoned]
[21:49:38] [Server thread/INFO]: rodrii_ issued server command: /tell jerry repeat it cause i logged
[21:49:38] [Server thread/INFO]: [rodrii_: That player cannot be found]
[21:49:38] [Async Chat Thread - #14/INFO]: <nude_dude> rodri got them[m

[21:49:39] [Server thread/INFO]: [@: Object successfully summoned]
[21:49:39] [Server thread/INFO]: [@: Object successfully summoned]
[21:49:39] [Server thread/INFO]: [@: Object successfully summoned]
[21:49:39] [Server thread/INFO]: [@: Object successfully summoned]
[21:49:42] [Server thread/INFO]: [@: Object successfully summoned]
[21:49:42] [Server thread/INFO]: [@: Object successfully summoned]
[21:49:42] [Server thread/INFO]: [@: Object successfully summoned]
[21:49:42] [Server thread/INFO]: [@: Object successfully summoned]
[21:49:45] [Server thread/INFO]: rodrii_ issued server command: /tell jerry repeat it cause i logged
[21:49:45] [Server thread/INFO]: [rodrii_: That player cannot be found]
[21:49:45] [Server thread/INFO]: [@: Object successfully summoned]
[21:49:45] [Server thread/INFO]: [@: Object successfully summoned]
[21:49:45] [Server thread/INFO]: [@: Object successfully summoned]
[21:49:45] [Server thread/INFO]: [@: Object successfully summoned]
[21:49:48] [Server thread/INFO]: [@: Object successfully summoned]
[21:49:48] [Server thread/INFO]: [@: Object successfully summoned]
[21:49:48] [Server thread/INFO]: [@: Object successfully summoned]
[21:49:48] [Server thread/INFO]: [@: Object successfully summoned]
[21:49:48] [Server thread/INFO]: jerry_ issued server command: //replace air stained_hardened_clay:4
[21:49:49] [Server thread/INFO]: rodrii_ issued server command: /tell jerry_ repeat it cause i logged
[21:49:50] [Server thread/INFO]: [@: Object successfully summoned]
[21:49:50] [Server thread/INFO]: [@: Object successfully summoned]
[21:49:50] [Server thread/INFO]: [@: Object successfully summoned]
[21:49:50] [Server thread/INFO]: [@: Object successfully summoned]
[21:49:53] [Server thread/INFO]: [@: Object successfully summoned]
[21:49:53] [Server thread/INFO]: [@: Object successfully summoned]
[21:49:53] [Server thread/INFO]: [@: Object successfully summoned]
[21:49:53] [Server thread/INFO]: [@: Object successfully summoned]
[21:49:54] [Server thread/INFO]: rodrii_ issued server command: /tp nude_dude
[21:49:54] [Server thread/INFO]: [rodrii_: Teleported rodrii_ to nude_dude]
[21:49:56] [Server thread/INFO]: [@: Object successfully summoned]
[21:49:56] [Server thread/INFO]: [@: Object successfully summoned]
[21:49:56] [Server thread/INFO]: [@: Object successfully summoned]
[21:49:56] [Server thread/INFO]: [@: Object successfully summoned]
[21:49:57] [Server thread/INFO]: jerry_ issued server command: /tell rodrii_ what if i make 2 exits in the rooms, one that leads to true and the other that progres
[21:49:59] [Server thread/INFO]: [@: Object successfully summoned]
[21:49:59] [Server thread/INFO]: [@: Object successfully summoned]
[21:49:59] [Server thread/INFO]: [@: Object successfully summoned]
[21:49:59] [Server thread/INFO]: [@: Object successfully summoned]
[21:50:02] [Server thread/INFO]: [@: Object successfully summoned]
[21:50:02] [Server thread/INFO]: [@: Object successfully summoned]
[21:50:02] [Server thread/INFO]: [@: Object successfully summoned]
[21:50:02] [Server thread/INFO]: [@: Object successfully summoned]
[21:50:03] [Server thread/INFO]: jerry_ issued server command: /tell rodrii_ progresses to a new level
[21:50:04] [Server thread/INFO]: [@: Object successfully summoned]
[21:50:04] [Server thread/INFO]: [@: Object successfully summoned]
[21:50:04] [Server thread/INFO]: [@: Object successfully summoned]
[21:50:04] [Server thread/INFO]: [@: Object successfully summoned]
[21:50:07] [Server thread/INFO]: [@: Object successfully summoned]
[21:50:07] [Server thread/INFO]: [@: Object successfully summoned]
[21:50:07] [Server thread/INFO]: [@: Object successfully summoned]
[21:50:07] [Server thread/INFO]: [@: Object successfully summoned]
[21:50:10] [Server thread/INFO]: [@: Object successfully summoned]
[21:50:10] [Server thread/INFO]: [@: Object successfully summoned]
[21:50:10] [Server thread/INFO]: [@: Object successfully summoned]
[21:50:10] [Server thread/INFO]: [@: Object successfully summoned]
[21:50:13] [Server thread/INFO]: [@: Object successfully summoned]
[21:50:13] [Server thread/INFO]: [@: Object successfully summoned]
[21:50:13] [Server thread/INFO]: [@: Object successfully summoned]
[21:50:13] [Server thread/INFO]: [@: Object successfully summoned]
[21:50:16] [Server thread/INFO]: [@: Object successfully summoned]
[21:50:16] [Server thread/INFO]: [@: Object successfully summoned]
[21:50:16] [Server thread/INFO]: [@: Object successfully summoned]
[21:50:16] [Server thread/INFO]: [@: Object successfully summoned]
[21:50:18] [Server thread/INFO]: [@: Object successfully summoned]
[21:50:18] [Server thread/INFO]: [@: Object successfully summoned]
[21:50:18] [Server thread/INFO]: [@: Object successfully summoned]
[21:50:18] [Server thread/INFO]: [@: Object successfully summoned]
[21:50:21] [Server thread/INFO]: [@: Object successfully summoned]
[21:50:21] [Server thread/INFO]: [@: Object successfully summoned]
[21:50:21] [Server thread/INFO]: [@: Object successfully summoned]
[21:50:21] [Server thread/INFO]: [@: Object successfully summoned]
[21:50:24] [Server thread/INFO]: [@: Object successfully summoned]
[21:50:24] [Server thread/INFO]: [@: Object successfully summoned]
[21:50:24] [Server thread/INFO]: [@: Object successfully summoned]
[21:50:24] [Server thread/INFO]: [@: Object successfully summoned]
[21:50:27] [Server thread/INFO]: [@: Object successfully summoned]
[21:50:27] [Server thread/INFO]: [@: Object successfully summoned]
[21:50:27] [Server thread/INFO]: [@: Object successfully summoned]
[21:50:27] [Server thread/INFO]: [@: Object successfully summoned]
[21:50:27] [Server thread/INFO]: jerry_ issued server command: /tell rodrii_ progresses to a new level
[21:50:30] [Server thread/INFO]: [@: Object successfully summoned]
[21:50:30] [Server thread/INFO]: [@: Object successfully summoned]
[21:50:30] [Server thread/INFO]: [@: Object successfully summoned]
[21:50:30] [Server thread/INFO]: [@: Object successfully summoned]
[21:50:31] [Server thread/INFO]: [@: 1 blocks filled]
[21:50:31] [Async Chat Thread - #14/INFO]: <rodrii_> uh[m

[21:50:32] [Server thread/INFO]: jerry_ issued server command: //replace air stained_hardened_clay:4
[21:50:46] [Server thread/INFO]: jerry_ issued server command: //replace air stained_hardened_clay:4
[21:50:47] [Async Chat Thread - #14/INFO]: <nude_dude> i to a sharpnes for my sword[m

[21:51:15] [Server thread/INFO]: Steve issued server command: /home BASE
[21:51:17] [Server thread/INFO]: lamm issued server command: /home base
[21:51:31] [Server thread/INFO]: Steve suffocated in a wall
[21:51:35] [Async Chat Thread - #14/INFO]: <nude_dude> so[m

[21:51:41] [Server thread/WARN]: Steve moved wrongly!
[21:51:41] [Async Chat Thread - #14/INFO]: <rodrii_> i need unbreaking and soul speed[m

[21:51:47] [Async Chat Thread - #14/INFO]: <nude_dude> bru[m

[21:51:50] [Server thread/INFO]: rodrii_ issued server command: /clear
[21:51:50] [Server thread/INFO]: [rodrii_: Cleared the inventory of rodrii_, removing 5 items]
